storeid,date,markdown1,markdown2,markdown3,markdown4,markdown5,totalmarkdown,hasmarkdown,markdownsegment
1,2022-01-01,10334.49,5905.86,5261.52,7098.43,876.08,29476.38,1,Promo forte
1,2022-01-08,1356.75,2486.21,1427.01,983.27,2442.13,8695.369999999999,1,Promo modérée
1,2022-01-15,3861.22,596.15,22.09,2854.11,3180.86,10514.43,1,Promo modérée
1,2022-01-22,579.35,2589.31,2493.19,1158.14,286.01,7106.000000000001,1,Promo modérée
1,2022-01-29,4436.06,1416.64,478.38,2496.36,3423.53,12250.970000000001,1,Promo modérée
1,2022-02-05,2137.71,76.26,431.57,110.0,2863.85,5619.39,1,Promo modérée
1,2022-02-12,2051.91,2266.65,915.19,269.43,1303.88,6807.06,1,Promo modérée
1,2022-02-19,4357.3,2411.02,746.28,3123.96,2427.04,13065.599999999999,1,Promo modérée
1,2022-02-26,1139.68,1281.32,3272.06,3012.56,31.28,8736.9,1,Promo modérée
1,2022-03-05,1688.08,2828.73,1292.81,1815.77,3163.59,10788.98,1,Promo modérée
1,2022-03-12,2486.24,902.63,1139.36,129.1,2743.04,7400.37,1,Promo modérée
1,2022-03-19,1197.81,434.68,1957.81,3449.78,1089.25,8129.33,1,Promo modérée
1,2022-03-26,1838.92,1896.92,2534.12,1875.21,406.3,8551.47,1,Promo modérée
1,2022-04-02,2954.46,2032.69,66.35,1792.33,1019.23,7865.0599999999995,1,Promo modérée
1,2022-04-09,4683.65,412.56,1364.27,397.16,4161.12,11018.759999999998,1,Promo modérée
1,2022-04-16,2776.0,1588.95,967.41,325.86,4037.47,9695.689999999999,1,Promo modérée
1,2022-04-23,3629.78,2691.33,3548.35,2729.56,2889.14,15488.16,1,Promo modérée
1,2022-04-30,45.99,304.41,2654.01,17.72,723.64,3745.77,1,Promo faible
1,2022-05-07,3560.9,711.75,1301.6,2612.72,2923.35,11110.32,1,Promo modérée
1,2022-05-14,1838.58,795.61,975.96,3405.54,1768.94,8784.630000000001,1,Promo modérée
1,2022-05-21,2884.52,1477.55,780.97,2528.58,1263.48,8935.1,1,Promo modérée
1,2022-05-28,4769.64,2744.59,1480.63,54.1,4177.43,13226.390000000001,1,Promo modérée
1,2022-06-04,1472.24,1155.29,3404.55,1109.23,762.72,7904.03,1,Promo modérée
1,2022-06-11,485.88,1845.02,3960.22,490.29,2332.48,9113.89,1,Promo modérée
1,2022-06-18,1797.46,880.78,3237.44,2835.4,3901.83,12652.91,1,Promo modérée
1,2022-06-25,3249.82,2105.9,3183.17,3115.02,1520.98,13174.89,1,Promo modérée
1,2022-07-02,5121.58,3581.45,2521.56,4549.42,301.95,16075.96,1,Promo modérée
1,2022-07-09,2611.22,2309.98,863.28,2180.12,384.06,8348.66,1,Promo modérée
1,2022-07-16,3630.46,2927.56,2065.2,1130.35,3578.34,13331.910000000002,1,Promo modérée
1,2022-07-23,4813.24,2507.94,2783.9,1431.34,779.82,12316.24,1,Promo modérée
1,2022-07-30,3300.99,839.8,3819.46,2582.64,2494.59,13037.48,1,Promo modérée
1,2022-08-06,3789.23,43.18,464.29,161.01,183.28,4640.99,1,Promo faible
1,2022-08-13,2458.08,1420.42,692.81,1518.48,1793.27,7883.0599999999995,1,Promo modérée
1,2022-08-20,3129.3,1509.41,3425.96,2305.43,733.2,11103.300000000001,1,Promo modérée
1,2022-08-27,4701.15,1726.42,1552.68,2251.51,2062.14,12293.9,1,Promo modérée
1,2022-09-03,9958.86,1292.22,610.38,775.99,180.4,12817.849999999999,1,Promo modérée
1,2022-09-10,4224.38,69.82,3257.87,986.49,531.74,9070.3,1,Promo modérée
1,2022-09-17,4017.4,846.1,709.76,2627.15,3630.76,11831.17,1,Promo modérée
1,2022-09-24,1704.02,2792.27,3433.65,1501.48,3378.92,12810.34,1,Promo modérée
1,2022-10-01,4132.29,960.15,3582.09,1362.21,48.77,10085.509999999998,1,Promo modérée
1,2022-10-08,4753.04,1720.31,2527.35,1569.56,1319.45,11889.710000000001,1,Promo modérée
1,2022-10-15,3948.09,273.62,1977.68,201.46,2472.88,8873.73,1,Promo modérée
1,2022-10-22,714.96,2284.53,2472.87,353.93,378.48,6204.77,1,Promo modérée
1,2022-10-29,406.74,254.51,3946.56,1309.95,1667.89,7585.65,1,Promo modérée
1,2022-11-05,1881.3,250.5,3108.59,1954.41,1909.0,9103.8,1,Promo modérée
1,2022-11-12,2343.3,168.91,475.27,411.34,2921.45,6320.27,1,Promo modérée
1,2022-11-19,1428.56,2605.8,894.38,3371.28,54.7,8354.720000000001,1,Promo modérée
1,2022-11-26,10922.61,487.06,4873.92,7463.63,5178.67,28925.89,1,Promo forte
1,2022-12-03,2921.57,2703.47,181.79,983.37,4276.85,11067.05,1,Promo modérée
1,2022-12-10,940.61,1391.1,1413.41,2042.8,349.81,6137.7300000000005,1,Promo modérée
1,2022-12-17,1547.64,2441.39,2738.92,569.16,4099.17,11396.279999999999,1,Promo modérée
1,2022-12-24,4600.67,6156.01,7621.36,348.18,261.03,18987.25,1,Promo modérée
1,2022-12-31,6535.44,2513.88,8535.25,6484.32,8299.45,32368.34,1,Promo forte
1,2023-01-07,9511.95,5365.15,8797.52,7674.1,5498.77,36847.490000000005,1,Promo forte
1,2023-01-14,2252.72,387.48,3816.2,2121.61,1028.89,9606.9,1,Promo modérée
1,2023-01-21,3357.87,1560.92,3089.27,1820.57,3834.82,13663.449999999999,1,Promo modérée
1,2023-01-28,670.08,86.35,3020.55,2171.08,3168.36,9116.42,1,Promo modérée
1,2023-02-04,2949.59,1176.73,1749.9,3164.56,1567.15,10607.929999999998,1,Promo modérée
1,2023-02-11,4311.82,2848.56,588.29,3243.06,2214.52,13206.25,1,Promo modérée
1,2023-02-18,1643.76,1900.2,960.58,265.52,579.96,5350.0199999999995,1,Promo modérée
1,2023-02-25,909.4,1037.0,3587.15,1658.87,3004.01,10196.43,1,Promo modérée
1,2023-03-04,1392.95,531.03,354.81,422.23,2073.5,4774.52,1,Promo faible
1,2023-03-11,196.56,2398.23,2511.6,286.16,3931.1,9323.65,1,Promo modérée
1,2023-03-18,3741.3,553.56,837.4,1296.65,2180.35,8609.26,1,Promo modérée
1,2023-03-25,183.42,757.31,2853.4,3133.22,2302.55,9229.900000000001,1,Promo modérée
1,2023-04-01,1212.35,807.73,1509.14,70.25,1449.36,5048.83,1,Promo modérée
1,2023-04-08,2967.96,2037.31,3156.68,1744.55,391.14,10297.64,1,Promo modérée
1,2023-04-15,637.9,851.33,1452.33,2260.71,2568.5,7770.77,1,Promo modérée
1,2023-04-22,508.91,458.58,983.83,562.38,839.55,3353.25,1,Promo faible
1,2023-04-29,2622.56,1231.19,3929.51,392.14,1790.35,9965.75,1,Promo modérée
1,2023-05-06,854.44,2005.93,3717.5,1948.67,2572.26,11098.800000000001,1,Promo modérée
1,2023-05-13,2127.18,1522.83,969.64,401.93,2747.79,7769.37,1,Promo modérée
1,2023-05-20,2662.95,155.47,1346.42,470.45,285.19,4920.48,1,Promo faible
1,2023-05-27,3407.51,2280.68,2382.55,1650.52,1853.28,11574.54,1,Promo modérée
1,2023-06-03,621.49,2192.6,3753.36,634.32,299.23,7501.0,1,Promo modérée
1,2023-06-10,3976.34,604.88,654.62,574.93,3665.59,9476.36,1,Promo modérée
1,2023-06-17,1962.23,2449.8,1756.54,1319.31,2082.06,9569.94,1,Promo modérée
1,2023-06-24,4497.87,1151.67,2174.21,3172.65,2809.07,13805.47,1,Promo modérée
1,2023-07-01,1531.99,5240.57,5456.64,4107.65,8849.54,25186.39,1,Promo forte
1,2023-07-08,3719.73,100.6,2279.56,2668.61,3945.45,12713.95,1,Promo modérée
1,2023-07-15,637.44,1191.86,3189.18,524.71,1031.63,6574.82,1,Promo modérée
1,2023-07-22,2713.62,755.4,1382.78,635.59,4088.03,9575.42,1,Promo modérée
1,2023-07-29,766.76,1758.69,2023.55,2140.09,81.5,6770.59,1,Promo modérée
1,2023-08-05,4612.5,2121.72,610.16,2017.01,2730.22,12091.609999999999,1,Promo modérée
1,2023-08-12,2254.2,339.71,3939.36,2936.14,560.98,10030.39,1,Promo modérée
1,2023-08-19,1995.01,164.28,1340.79,2809.99,20.84,6330.91,1,Promo modérée
1,2023-08-26,1731.73,1040.86,2950.0,1582.76,1010.72,8316.07,1,Promo modérée
1,2023-09-02,4608.18,6037.98,3189.07,4470.53,6259.42,24565.18,1,Promo forte
1,2023-09-09,743.31,1243.87,341.4,3489.06,2259.88,8077.5199999999995,1,Promo modérée
1,2023-09-16,4490.27,615.42,762.75,127.92,2124.3,8120.660000000001,1,Promo modérée
1,2023-09-23,2621.95,1322.29,1603.05,1958.74,698.58,8204.61,1,Promo modérée
1,2023-09-30,1353.72,1932.0,1634.94,88.85,702.69,5712.200000000001,1,Promo modérée
1,2023-10-07,1155.37,2015.68,78.84,364.38,3599.62,7213.89,1,Promo modérée
1,2023-10-14,1215.86,2166.8,3422.79,2905.77,1787.33,11498.55,1,Promo modérée
1,2023-10-21,65.01,256.53,831.55,92.86,816.46,2062.41,1,Promo faible
1,2023-10-28,1709.09,778.27,1518.77,2066.03,1206.29,7278.45,1,Promo modérée
1,2023-11-04,1472.33,2845.36,3054.42,490.4,3908.11,11770.62,1,Promo modérée
1,2023-11-11,112.35,806.03,2166.54,2217.17,1160.49,6462.58,1,Promo modérée
1,2023-11-18,858.4,816.92,73.56,3200.05,529.88,5478.81,1,Promo modérée
1,2023-11-25,9127.16,1362.38,96.76,1054.02,8910.18,20550.5,1,Promo forte
1,2023-12-02,876.86,2743.24,1675.08,1340.98,2335.13,8971.29,1,Promo modérée
1,2023-12-09,3015.76,736.05,1557.18,1010.43,1600.53,7919.950000000001,1,Promo modérée
1,2023-12-16,3318.36,2810.49,2930.29,752.29,140.32,9951.75,1,Promo modérée
1,2023-12-23,6565.27,2206.01,6784.03,820.81,743.86,17119.98,1,Promo modérée
1,2023-12-30,2710.42,5406.08,7034.86,5349.16,2694.24,23194.760000000002,1,Promo forte
1,2024-01-06,1505.0,6271.57,3924.85,1425.52,5364.82,18491.760000000002,1,Promo modérée
1,2024-01-13,3461.38,2547.59,998.67,1712.99,995.44,9716.070000000002,1,Promo modérée
1,2024-01-20,4626.24,541.73,2271.78,3204.21,152.76,10796.72,1,Promo modérée
1,2024-01-27,4721.33,1422.64,3448.17,2955.92,1435.95,13984.01,1,Promo modérée
1,2024-02-03,602.83,230.86,2785.16,1189.56,3261.45,8069.86,1,Promo modérée
1,2024-02-10,1593.76,1877.67,3543.91,2155.52,1048.32,10219.18,1,Promo modérée
1,2024-02-17,2644.69,2817.2,3195.13,3492.77,1578.2,13727.990000000002,1,Promo modérée
1,2024-02-24,4368.39,2952.25,3073.09,1462.18,1896.11,13752.02,1,Promo modérée
1,2024-03-02,1436.19,888.92,934.43,147.33,80.43,3487.2999999999997,1,Promo faible
1,2024-03-09,1091.27,2849.88,3145.38,312.94,1879.11,9278.58,1,Promo modérée
1,2024-03-16,835.17,2973.51,926.69,3299.56,2923.41,10958.34,1,Promo modérée
1,2024-03-23,1102.43,559.31,3118.34,1225.44,260.29,6265.81,1,Promo modérée
1,2024-03-30,869.48,1188.73,3032.95,2436.07,692.53,8219.76,1,Promo modérée
1,2024-04-06,2964.7,1740.26,365.95,3071.11,1195.2,9337.220000000001,1,Promo modérée
1,2024-04-13,4047.58,1965.73,2203.43,304.45,1838.04,10359.23,1,Promo modérée
1,2024-04-20,405.23,660.55,2733.04,266.46,3830.43,7895.709999999999,1,Promo modérée
1,2024-04-27,1739.05,2034.05,2262.93,934.6,3953.83,10924.46,1,Promo modérée
1,2024-05-04,3541.81,2511.04,2789.89,2380.49,2783.75,14006.98,1,Promo modérée
1,2024-05-11,146.24,2477.45,515.48,1172.92,3345.79,7657.88,1,Promo modérée
1,2024-05-18,31.93,861.11,2467.71,3434.15,2843.16,9638.06,1,Promo modérée
1,2024-05-25,534.9,2283.08,2165.07,3370.47,1538.42,9891.94,1,Promo modérée
1,2024-06-01,3439.43,203.51,1203.85,2478.6,303.08,7628.469999999999,1,Promo modérée
1,2024-06-08,4357.68,2920.47,3875.51,2623.78,585.39,14362.83,1,Promo modérée
1,2024-06-15,2443.22,2311.22,2733.18,1560.66,1231.32,10279.599999999999,1,Promo modérée
1,2024-06-22,3974.05,2081.05,883.08,288.33,3062.25,10288.76,1,Promo modérée
1,2024-06-29,2161.67,2830.85,1678.91,2234.84,1789.17,10695.44,1,Promo modérée
1,2024-07-06,2529.5,1406.49,273.98,5017.83,3648.41,12876.21,1,Promo modérée
1,2024-07-13,4343.12,2329.79,3083.69,2956.74,3424.61,16137.95,1,Promo modérée
1,2024-07-20,3083.25,2389.61,1926.09,410.58,563.34,8372.87,1,Promo modérée
1,2024-07-27,321.04,1745.91,1075.97,2791.46,1396.63,7331.01,1,Promo modérée
1,2024-08-03,2399.69,1800.06,1166.65,2432.44,3870.55,11669.39,1,Promo modérée
1,2024-08-10,1210.23,2959.99,569.98,1746.11,2781.7,9268.009999999998,1,Promo modérée
1,2024-08-17,2588.56,263.6,1402.51,116.21,353.6,4724.4800000000005,1,Promo faible
1,2024-08-24,4002.93,600.45,669.93,365.99,2863.94,8503.24,1,Promo modérée
1,2024-08-31,2706.48,2127.18,3483.88,2499.3,3607.78,14424.62,1,Promo modérée
1,2024-09-07,6023.52,5394.17,3980.4,4955.55,5211.39,25565.03,1,Promo forte
1,2024-09-14,797.72,2615.35,876.86,3415.53,1516.03,9221.49,1,Promo modérée
1,2024-09-21,2776.82,2157.61,913.82,3487.17,4386.57,13721.99,1,Promo modérée
1,2024-09-28,153.26,773.05,1850.49,3038.95,3272.26,9088.01,1,Promo modérée
1,2024-10-05,4938.25,120.33,3468.13,2025.36,1973.77,12525.84,1,Promo modérée
1,2024-10-12,2108.6,830.48,2369.4,3193.27,947.98,9449.73,1,Promo modérée
1,2024-10-19,3579.12,2727.1,718.73,831.4,4371.28,12227.629999999997,1,Promo modérée
1,2024-10-26,4353.75,1335.92,2059.27,1257.32,2668.28,11674.54,1,Promo modérée
1,2024-11-02,3283.68,975.57,3093.89,458.06,4364.19,12175.39,1,Promo modérée
1,2024-11-09,2598.87,1011.01,3315.53,1508.11,1119.21,9552.73,1,Promo modérée
1,2024-11-16,183.36,2209.21,2655.22,1661.21,3798.77,10507.77,1,Promo modérée
1,2024-11-23,1231.12,1780.35,502.36,4090.01,9272.4,16876.239999999998,1,Promo modérée
1,2024-11-30,3477.72,3347.75,365.84,1142.24,9767.64,18101.19,1,Promo modérée
1,2024-12-07,4339.59,1364.22,2062.38,1710.96,3000.89,12478.04,1,Promo modérée
1,2024-12-14,1009.27,2020.3,3879.65,328.65,3026.71,10264.579999999998,1,Promo modérée
1,2024-12-21,9219.27,6234.45,6012.58,3828.25,6116.69,31411.24,1,Promo forte
2,2022-01-01,7584.79,4464.99,1897.94,5073.42,3899.26,22920.4,1,Promo forte
2,2022-01-08,241.06,2931.52,1627.63,3047.64,3520.73,11368.58,1,Promo modérée
2,2022-01-15,1635.17,2002.78,3231.38,2668.0,3590.16,13127.49,1,Promo modérée
2,2022-01-22,28.79,973.76,1465.85,1386.6,3129.6,6984.599999999999,1,Promo modérée
2,2022-01-29,1136.35,219.59,2413.79,2338.74,2787.71,8896.18,1,Promo modérée
2,2022-02-05,2395.91,76.93,1364.99,1330.68,1794.7,6963.21,1,Promo modérée
2,2022-02-12,4064.93,2154.37,3822.09,63.81,881.0,10986.199999999999,1,Promo modérée
2,2022-02-19,4635.17,180.8,3737.74,1230.68,456.39,10240.779999999999,1,Promo modérée
2,2022-02-26,4015.13,1617.48,1245.23,2136.17,3222.68,12236.69,1,Promo modérée
2,2022-03-05,3405.59,544.32,2100.65,2481.66,480.95,9013.170000000002,1,Promo modérée
2,2022-03-12,4029.96,1650.68,173.65,2216.03,4281.32,12351.64,1,Promo modérée
2,2022-03-19,1060.22,1832.94,1644.11,2939.51,4050.1,11526.88,1,Promo modérée
2,2022-03-26,4113.07,1271.21,2670.2,334.37,2807.37,11196.220000000001,1,Promo modérée
2,2022-04-02,4313.99,650.22,382.86,82.74,2888.87,8318.68,1,Promo modérée
2,2022-04-09,2972.38,1490.3,3951.14,477.54,3128.15,12019.51,1,Promo modérée
2,2022-04-16,4956.28,385.18,416.44,2535.19,2602.74,10895.83,1,Promo modérée
2,2022-04-23,959.34,970.11,906.63,1242.49,312.41,4390.98,1,Promo faible
2,2022-04-30,2700.06,2640.24,2603.51,1865.35,1459.5,11268.66,1,Promo modérée
2,2022-05-07,2788.92,2191.95,1860.82,210.5,2530.34,9582.529999999999,1,Promo modérée
2,2022-05-14,2679.14,290.03,1801.48,2646.57,1564.07,8981.289999999999,1,Promo modérée
2,2022-05-21,1996.58,457.25,3969.93,3244.5,2429.81,12098.07,1,Promo modérée
2,2022-05-28,3776.35,383.14,3304.27,2737.1,3189.35,13390.210000000001,1,Promo modérée
2,2022-06-04,438.21,2810.87,2215.21,1069.34,1786.42,8320.05,1,Promo modérée
2,2022-06-11,2484.82,2976.47,3405.7,729.79,4187.68,13784.46,1,Promo modérée
2,2022-06-18,4340.28,2417.78,3160.12,1066.38,364.14,11348.7,1,Promo modérée
2,2022-06-25,4878.05,1922.92,3289.92,463.84,3879.07,14433.8,1,Promo modérée
2,2022-07-02,1923.22,3316.94,3508.23,1127.08,3638.59,13514.06,1,Promo modérée
2,2022-07-09,2747.65,2897.47,1729.99,1091.36,2277.64,10744.109999999999,1,Promo modérée
2,2022-07-16,3097.94,1950.6,608.1,214.72,3513.43,9384.79,1,Promo modérée
2,2022-07-23,3475.18,2951.04,956.72,497.87,546.23,8427.039999999999,1,Promo modérée
2,2022-07-30,2547.11,2990.09,3255.88,2153.27,1378.14,12324.490000000002,1,Promo modérée
2,2022-08-06,4433.02,1349.35,778.49,1287.16,1863.58,9711.6,1,Promo modérée
2,2022-08-13,2080.77,1444.03,76.77,909.35,3421.3,7932.22,1,Promo modérée
2,2022-08-20,1206.01,2927.62,3206.15,3358.52,2195.34,12893.640000000001,1,Promo modérée
2,2022-08-27,490.41,1464.72,600.19,1136.37,3318.11,7009.8,1,Promo modérée
2,2022-09-03,8635.18,5887.76,8406.95,6059.16,3122.53,32111.579999999998,1,Promo forte
2,2022-09-10,192.13,2705.29,1845.91,2230.21,2967.09,9940.630000000001,1,Promo modérée
2,2022-09-17,2592.04,450.51,2949.74,1792.78,3061.03,10846.1,1,Promo modérée
2,2022-09-24,356.28,36.33,3826.01,2581.28,1589.63,8389.529999999999,1,Promo modérée
2,2022-10-01,925.98,522.33,393.58,2311.06,3439.68,7592.629999999999,1,Promo modérée
2,2022-10-08,1477.22,2307.67,2498.65,1336.79,925.59,8545.92,1,Promo modérée
2,2022-10-15,2651.51,125.85,3873.96,2795.5,1317.7,10764.52,1,Promo modérée
2,2022-10-22,4058.85,1969.44,512.38,1183.94,4176.38,11900.990000000002,1,Promo modérée
2,2022-10-29,3064.7,2829.23,962.77,425.25,888.62,8170.570000000001,1,Promo modérée
2,2022-11-05,4306.85,2539.54,3675.71,882.84,3397.69,14802.630000000001,1,Promo modérée
2,2022-11-12,3280.81,532.29,2180.11,3446.34,4218.25,13657.8,1,Promo modérée
2,2022-11-19,4088.93,640.53,2023.41,2942.46,3297.61,12992.94,1,Promo modérée
2,2022-11-26,6215.24,4546.64,7685.24,4899.44,7535.1,30881.660000000003,1,Promo forte
2,2022-12-03,3632.31,2975.43,396.71,1405.23,3600.32,12010.0,1,Promo modérée
2,2022-12-10,940.12,1066.15,3135.17,1939.79,23.53,7104.76,1,Promo modérée
2,2022-12-17,4790.37,1103.82,1307.73,521.11,1375.22,9098.25,1,Promo modérée
2,2022-12-24,7942.78,5848.89,5218.79,3014.75,4084.96,26110.17,1,Promo forte
2,2022-12-31,8736.17,613.74,5176.18,3703.49,6359.02,24588.600000000002,1,Promo forte
2,2023-01-07,6638.36,4464.69,7083.9,2077.62,8167.99,28432.559999999998,1,Promo forte
2,2023-01-14,3924.48,2123.04,3154.46,1810.44,1980.9,12993.32,1,Promo modérée
2,2023-01-21,1103.06,1794.68,2942.65,3494.22,4199.01,13533.619999999999,1,Promo modérée
2,2023-01-28,591.68,1229.71,3359.21,1343.42,2573.43,9097.45,1,Promo modérée
2,2023-02-04,130.98,72.58,3326.79,955.75,2331.35,6817.450000000001,1,Promo modérée
2,2023-02-11,4363.65,2525.8,744.41,2809.25,2061.84,12504.95,1,Promo modérée
2,2023-02-18,2482.31,1310.55,2918.03,2679.3,715.09,10105.279999999999,1,Promo modérée
2,2023-02-25,4783.07,206.87,228.22,987.65,1177.68,7383.49,1,Promo modérée
2,2023-03-04,3796.99,1349.22,3106.84,228.78,2194.07,10675.9,1,Promo modérée
2,2023-03-11,2662.1,1233.29,1389.37,3149.42,98.21,8532.39,1,Promo modérée
2,2023-03-18,261.29,1256.38,1040.63,2557.87,4415.84,9532.01,1,Promo modérée
2,2023-03-25,2319.66,2916.02,2434.11,1223.27,513.43,9406.490000000002,1,Promo modérée
2,2023-04-01,2806.11,1570.17,459.08,3010.49,3252.66,11098.51,1,Promo modérée
2,2023-04-08,2291.5,1454.09,663.1,3309.94,3824.89,11543.52,1,Promo modérée
2,2023-04-15,2727.16,186.82,2050.01,2822.41,2066.58,9852.98,1,Promo modérée
2,2023-04-22,823.53,990.65,3027.01,1817.85,921.97,7581.010000000001,1,Promo modérée
2,2023-04-29,2256.2,2954.97,3088.05,95.09,293.42,8687.730000000001,1,Promo modérée
2,2023-05-06,527.37,1970.34,3288.41,1331.47,3490.25,10607.84,1,Promo modérée
2,2023-05-13,3964.27,1732.78,2538.33,2792.7,1781.87,12809.95,1,Promo modérée
2,2023-05-20,3966.31,950.29,3428.72,3171.5,1246.07,12762.89,1,Promo modérée
2,2023-05-27,4469.95,1962.88,608.42,1541.13,2768.84,11351.220000000001,1,Promo modérée
2,2023-06-03,4835.63,1253.28,3936.44,2337.72,2856.02,15219.09,1,Promo modérée
2,2023-06-10,63.04,1679.27,2109.6,2517.74,4006.16,10375.81,1,Promo modérée
2,2023-06-17,4095.32,1622.38,2840.97,1100.23,2120.26,11779.16,1,Promo modérée
2,2023-06-24,4141.25,1005.62,695.05,2492.05,3716.9,12050.87,1,Promo modérée
2,2023-07-01,4953.86,4942.25,5730.1,4781.15,3488.51,23895.870000000003,1,Promo forte
2,2023-07-08,631.32,2028.53,1300.42,2402.15,313.39,6675.81,1,Promo modérée
2,2023-07-15,1396.38,1928.65,2776.6,1794.29,1373.9,9269.82,1,Promo modérée
2,2023-07-22,4691.52,2613.61,3064.26,2759.57,2992.43,16121.390000000001,1,Promo modérée
2,2023-07-29,554.95,1341.17,1841.43,3025.97,2459.92,9223.44,1,Promo modérée
2,2023-08-05,210.12,2219.71,3672.31,980.13,3862.54,10944.81,1,Promo modérée
2,2023-08-12,90.03,2888.43,2906.68,1066.63,3732.28,10684.05,1,Promo modérée
2,2023-08-19,2703.49,289.6,967.58,43.41,2109.46,6113.539999999999,1,Promo modérée
2,2023-08-26,3715.97,144.43,3611.58,2982.92,3005.12,13460.02,1,Promo modérée
2,2023-09-02,2634.61,5244.22,305.1,4487.61,9854.83,22526.370000000003,1,Promo forte
2,2023-09-09,2994.89,344.8,375.43,3183.69,3011.4,9910.21,1,Promo modérée
2,2023-09-16,2152.14,950.84,1738.38,2708.58,2708.66,10258.6,1,Promo modérée
2,2023-09-23,2958.49,2107.9,949.73,1793.27,469.01,8278.4,1,Promo modérée
2,2023-09-30,3003.26,2230.78,2025.06,2219.36,319.19,9797.650000000001,1,Promo modérée
2,2023-10-07,700.12,830.44,3886.13,1159.71,2169.18,8745.58,1,Promo modérée
2,2023-10-14,2582.86,16.52,30.66,766.74,165.25,3562.0299999999997,1,Promo faible
2,2023-10-21,2563.34,880.47,3727.01,1389.55,391.92,8952.29,1,Promo modérée
2,2023-10-28,4371.11,1480.64,2809.04,3474.86,591.7,12727.350000000002,1,Promo modérée
2,2023-11-04,4538.06,2142.1,2431.62,1082.8,3707.06,13901.639999999998,1,Promo modérée
2,2023-11-11,255.68,772.82,238.1,2113.28,3089.65,6469.530000000001,1,Promo modérée
2,2023-11-18,605.13,1256.84,3004.71,248.53,360.81,5476.02,1,Promo modérée
2,2023-11-25,3981.12,3918.16,89.15,4897.94,9041.54,21927.91,1,Promo forte
2,2023-12-02,4512.27,199.33,2135.87,497.48,52.68,7397.630000000001,1,Promo modérée
2,2023-12-09,218.7,369.01,2234.57,1201.09,3281.28,7304.65,1,Promo modérée
2,2023-12-16,3364.83,826.14,1225.25,2761.45,2008.89,10186.56,1,Promo modérée
2,2023-12-23,4740.84,2104.52,5123.35,2858.03,5950.63,20777.370000000003,1,Promo forte
2,2023-12-30,4735.82,941.12,7832.85,2663.26,1529.15,17702.2,1,Promo modérée
2,2024-01-06,788.83,2703.55,2738.71,5213.83,5997.21,17442.13,1,Promo modérée
2,2024-01-13,3441.37,421.66,1942.36,96.38,2274.55,8176.32,1,Promo modérée
2,2024-01-20,1939.93,480.07,93.41,2646.75,2063.35,7223.51,1,Promo modérée
2,2024-01-27,1569.83,2665.21,2411.77,2893.48,4428.06,13968.349999999999,1,Promo modérée
2,2024-02-03,1701.94,1624.22,616.58,1937.99,2437.67,8318.4,1,Promo modérée
2,2024-02-10,1296.67,583.87,230.59,1198.57,1216.11,4525.8099999999995,1,Promo faible
2,2024-02-17,695.98,1332.13,2504.94,1711.14,1808.0,8052.1900000000005,1,Promo modérée
2,2024-02-24,3103.3,603.94,1580.55,138.11,2139.96,7565.86,1,Promo modérée
2,2024-03-02,3610.72,1600.16,3479.88,457.28,3557.29,12705.330000000002,1,Promo modérée
2,2024-03-09,4720.21,446.39,1850.7,3433.46,2175.33,12626.09,1,Promo modérée
2,2024-03-16,1016.12,2285.39,1546.16,1789.46,2215.46,8852.59,1,Promo modérée
2,2024-03-23,4137.59,2293.58,2294.12,3346.17,902.14,12973.6,1,Promo modérée
2,2024-03-30,4465.45,187.37,3533.86,1569.12,2296.95,12052.75,1,Promo modérée
2,2024-04-06,3438.61,2168.12,2770.13,470.52,1347.28,10194.660000000002,1,Promo modérée
2,2024-04-13,4787.24,26.59,3991.28,2368.87,3728.11,14902.09,1,Promo modérée
2,2024-04-20,3702.38,428.55,3013.71,2691.23,2963.43,12799.300000000001,1,Promo modérée
2,2024-04-27,2438.14,232.95,1630.17,1424.87,297.04,6023.17,1,Promo modérée
2,2024-05-04,361.58,2865.35,2090.31,1048.48,345.88,6711.599999999999,1,Promo modérée
2,2024-05-11,364.51,1208.62,1181.16,813.35,1264.52,4832.16,1,Promo faible
2,2024-05-18,1607.48,1429.31,904.12,2241.67,4405.42,10588.0,1,Promo modérée
2,2024-05-25,4443.3,1509.25,1797.4,2050.53,2811.53,12612.010000000002,1,Promo modérée
2,2024-06-01,4112.67,2411.88,2210.0,1820.59,642.94,11198.08,1,Promo modérée
2,2024-06-08,669.14,1888.67,217.33,2620.26,1429.14,6824.54,1,Promo modérée
2,2024-06-15,3534.88,188.07,3357.35,13.37,1110.71,8204.380000000001,1,Promo modérée
2,2024-06-22,1351.97,2528.14,1253.39,2761.26,4013.42,11908.18,1,Promo modérée
2,2024-06-29,446.45,2061.06,1975.26,1356.77,2847.2,8686.739999999998,1,Promo modérée
2,2024-07-06,7330.24,6375.91,6697.13,7320.95,6955.15,34679.38,1,Promo forte
2,2024-07-13,240.93,1080.15,3827.2,1751.4,1947.28,8846.960000000001,1,Promo modérée
2,2024-07-20,261.78,2302.7,1666.02,2877.63,3826.57,10934.7,1,Promo modérée
2,2024-07-27,1078.7,2033.44,2431.01,1033.56,614.7,7191.410000000001,1,Promo modérée
2,2024-08-03,1975.65,2139.62,796.86,3115.75,1293.34,9321.22,1,Promo modérée
2,2024-08-10,1337.96,2506.44,58.77,1326.83,1518.05,6748.05,1,Promo modérée
2,2024-08-17,2021.45,1592.81,2380.53,34.73,2088.43,8117.950000000001,1,Promo modérée
2,2024-08-24,3869.96,2318.76,2085.18,3416.05,564.98,12254.93,1,Promo modérée
2,2024-08-31,1327.91,52.66,1173.23,2706.0,2330.82,7590.620000000001,1,Promo modérée
2,2024-09-07,7111.05,6429.68,7454.14,181.68,8895.75,30072.3,1,Promo forte
2,2024-09-14,1514.58,197.08,912.94,863.11,2178.35,5666.0599999999995,1,Promo modérée
2,2024-09-21,4713.62,2355.57,3965.31,1905.69,4332.46,17272.65,1,Promo modérée
2,2024-09-28,704.01,1867.24,3125.29,2024.04,661.33,8381.91,1,Promo modérée
2,2024-10-05,1299.52,1035.58,3669.94,1016.77,2114.95,9136.759999999998,1,Promo modérée
2,2024-10-12,39.21,1892.77,1790.69,469.96,4310.7,8503.33,1,Promo modérée
2,2024-10-19,381.2,824.11,3227.86,1608.83,2459.6,8501.6,1,Promo modérée
2,2024-10-26,1045.93,149.94,3374.6,3434.17,3569.14,11573.78,1,Promo modérée
2,2024-11-02,4757.15,2984.46,2846.89,3434.0,2562.93,16585.43,1,Promo modérée
2,2024-11-09,3111.72,2943.53,760.43,2774.08,4085.54,13675.3,1,Promo modérée
2,2024-11-16,3786.55,485.01,1907.6,2514.16,1113.03,9806.35,1,Promo modérée
2,2024-11-23,8487.9,3292.71,106.51,69.6,3534.59,15491.310000000001,1,Promo modérée
2,2024-11-30,3538.37,5597.08,6413.98,734.57,4244.15,20528.15,1,Promo forte
2,2024-12-07,1444.42,1193.51,3678.12,3476.39,202.1,9994.54,1,Promo modérée
2,2024-12-14,4592.13,2852.79,2308.49,1249.92,3543.97,14547.3,1,Promo modérée
2,2024-12-21,2644.39,1264.51,8080.5,783.89,5008.98,17782.269999999997,1,Promo modérée
3,2022-01-01,9534.47,1864.36,8364.04,4478.49,4322.48,28563.84,1,Promo forte
3,2022-01-08,1765.25,2682.28,3785.83,3123.95,1887.52,13244.830000000002,1,Promo modérée
3,2022-01-15,2955.65,558.41,1326.26,2992.61,931.84,8764.77,1,Promo modérée
3,2022-01-22,2047.06,2432.64,3343.3,1162.67,3121.28,12106.95,1,Promo modérée
3,2022-01-29,2695.47,847.42,1700.91,131.5,575.4,5950.7,1,Promo modérée
3,2022-02-05,273.17,2919.23,904.5,1064.7,1367.74,6529.339999999999,1,Promo modérée
3,2022-02-12,1121.47,1989.14,2967.59,2969.49,1901.83,10949.52,1,Promo modérée
3,2022-02-19,908.07,1112.82,3607.76,2823.43,4431.86,12883.939999999999,1,Promo modérée
3,2022-02-26,392.28,1633.49,2837.28,585.62,3512.84,8961.51,1,Promo modérée
3,2022-03-05,3007.77,889.68,2857.7,2656.52,461.32,9872.99,1,Promo modérée
3,2022-03-12,4137.53,2091.63,2857.31,1616.01,4144.48,14846.96,1,Promo modérée
3,2022-03-19,4035.35,585.72,1381.37,1174.64,4403.36,11580.439999999999,1,Promo modérée
3,2022-03-26,4735.45,1488.78,1522.07,570.62,3537.93,11854.85,1,Promo modérée
3,2022-04-02,57.09,2111.1,3881.03,1531.81,1057.38,8638.41,1,Promo modérée
3,2022-04-09,258.34,1514.39,2873.82,3019.24,806.65,8472.44,1,Promo modérée
3,2022-04-16,4326.48,471.82,1239.15,1015.16,3921.36,10973.97,1,Promo modérée
3,2022-04-23,2858.73,2498.49,3624.35,42.55,3033.09,12057.21,1,Promo modérée
3,2022-04-30,1764.79,1863.88,1336.2,2564.45,1820.37,9349.689999999999,1,Promo modérée
3,2022-05-07,3427.22,997.37,226.34,1308.72,4250.02,10209.670000000002,1,Promo modérée
3,2022-05-14,2091.67,2252.82,405.49,972.48,1243.44,6965.9,1,Promo modérée
3,2022-05-21,896.82,2912.03,453.21,1412.6,3320.48,8995.14,1,Promo modérée
3,2022-05-28,1321.38,616.0,1932.16,939.87,1293.58,6102.99,1,Promo modérée
3,2022-06-04,377.92,2854.27,1189.16,322.23,2695.7,7439.28,1,Promo modérée
3,2022-06-11,4825.08,752.68,2704.11,2473.2,2745.03,13500.1,1,Promo modérée
3,2022-06-18,4733.67,317.72,619.31,3306.58,3314.41,12291.69,1,Promo modérée
3,2022-06-25,3400.56,1224.46,61.58,2040.24,1138.96,7865.8,1,Promo modérée
3,2022-07-02,2073.95,4438.24,8597.66,784.58,82.37,15976.8,1,Promo modérée
3,2022-07-09,2170.1,776.13,1737.61,2532.07,40.74,7256.65,1,Promo modérée
3,2022-07-16,3570.26,274.17,797.08,3071.15,3324.25,11036.91,1,Promo modérée
3,2022-07-23,1237.8,187.58,1835.76,2564.57,2730.29,8556.0,1,Promo modérée
3,2022-07-30,4025.45,2468.95,3730.84,1904.89,901.27,13031.4,1,Promo modérée
3,2022-08-06,342.29,1113.34,3683.07,2045.57,2422.49,9606.759999999998,1,Promo modérée
3,2022-08-13,3936.94,1363.04,2520.99,869.34,3174.57,11864.88,1,Promo modérée
3,2022-08-20,320.03,2474.23,1169.53,1553.72,98.61,5616.12,1,Promo modérée
3,2022-08-27,4635.55,316.18,3057.76,1433.85,2948.28,12391.62,1,Promo modérée
3,2022-09-03,2042.11,4383.85,7758.88,6268.77,6782.83,27236.440000000002,1,Promo forte
3,2022-09-10,2575.03,1606.66,1427.54,1238.26,3728.5,10575.990000000002,1,Promo modérée
3,2022-09-17,1633.71,1063.27,2022.54,3293.92,3943.44,11956.880000000001,1,Promo modérée
3,2022-09-24,969.32,2576.45,2707.76,2932.68,3864.44,13050.650000000001,1,Promo modérée
3,2022-10-01,3368.23,537.76,2775.8,803.59,528.98,8014.360000000001,1,Promo modérée
3,2022-10-08,2574.67,484.09,334.22,66.95,745.87,4205.8,1,Promo faible
3,2022-10-15,1111.81,1557.67,2431.01,858.73,259.79,6219.009999999999,1,Promo modérée
3,2022-10-22,3081.5,1670.64,1663.1,1501.31,2434.07,10350.619999999999,1,Promo modérée
3,2022-10-29,2059.79,2611.58,2525.68,1863.76,519.28,9580.09,1,Promo modérée
3,2022-11-05,3460.37,618.76,1567.44,3134.86,919.42,9700.85,1,Promo modérée
3,2022-11-12,345.23,1422.77,2242.71,2199.49,3098.84,9309.04,1,Promo modérée
3,2022-11-19,4180.59,2464.17,3373.3,1697.83,1501.33,13217.220000000001,1,Promo modérée
3,2022-11-26,9708.16,3077.64,666.16,2986.26,7955.02,24393.24,1,Promo forte
3,2022-12-03,1947.02,1625.28,3872.26,232.98,2917.43,10594.97,1,Promo modérée
3,2022-12-10,4985.91,1677.18,1284.65,770.39,1577.34,10295.47,1,Promo modérée
3,2022-12-17,3613.69,1970.19,2835.06,29.27,979.5,9427.710000000001,1,Promo modérée
3,2022-12-24,8500.91,3619.57,584.88,5902.17,5778.76,24386.29,1,Promo forte
3,2022-12-31,1543.57,4429.64,5460.17,5715.35,1681.82,18830.550000000003,1,Promo modérée
3,2023-01-07,8345.87,3941.23,5756.37,6846.29,5730.19,30619.95,1,Promo forte
3,2023-01-14,1354.71,606.76,1255.31,845.25,967.11,5029.139999999999,1,Promo modérée
3,2023-01-21,384.86,2088.47,1531.2,2876.41,2967.8,9848.74,1,Promo modérée
3,2023-01-28,4695.34,1909.12,1298.05,943.29,859.17,9704.97,1,Promo modérée
3,2023-02-04,3309.84,2444.82,3112.1,2662.98,844.75,12374.49,1,Promo modérée
3,2023-02-11,155.75,778.73,134.71,3077.15,1095.29,5241.63,1,Promo modérée
3,2023-02-18,4489.6,2664.35,1301.16,3153.36,4482.71,16091.18,1,Promo modérée
3,2023-02-25,336.28,284.75,3995.57,1143.24,3366.83,9126.67,1,Promo modérée
3,2023-03-04,201.75,1233.57,520.32,78.49,1621.92,3656.05,1,Promo faible
3,2023-03-11,1160.09,43.14,3057.41,2183.1,3430.36,9874.1,1,Promo modérée
3,2023-03-18,3123.07,2593.3,2347.75,2033.33,4458.06,14555.510000000002,1,Promo modérée
3,2023-03-25,1144.38,1790.56,3712.73,3251.99,1538.57,11438.23,1,Promo modérée
3,2023-04-01,3247.54,2413.24,2860.4,2076.05,240.07,10837.3,1,Promo modérée
3,2023-04-08,4708.46,502.07,2001.44,2418.09,3137.11,12767.17,1,Promo modérée
3,2023-04-15,2996.51,538.07,2820.56,1593.1,3004.92,10953.16,1,Promo modérée
3,2023-04-22,3048.49,2098.92,3352.62,2809.84,4324.14,15634.009999999998,1,Promo modérée
3,2023-04-29,2863.04,831.04,3685.23,2041.17,2667.78,12088.26,1,Promo modérée
3,2023-05-06,422.83,1820.54,3523.89,3090.2,2965.7,11823.16,1,Promo modérée
3,2023-05-13,3687.13,859.56,3210.56,3490.33,135.12,11382.7,1,Promo modérée
3,2023-05-20,4236.94,187.18,1341.12,234.56,4389.04,10388.84,1,Promo modérée
3,2023-05-27,1927.99,213.1,843.17,802.78,2110.98,5898.02,1,Promo modérée
3,2023-06-03,4865.38,2277.88,3871.05,1539.09,1252.66,13806.060000000001,1,Promo modérée
3,2023-06-10,648.39,769.39,1421.28,2358.98,281.54,5479.58,1,Promo modérée
3,2023-06-17,4323.29,464.78,330.95,1695.88,1360.89,8175.79,1,Promo modérée
3,2023-06-24,2527.54,432.24,2495.99,957.74,2195.25,8608.759999999998,1,Promo modérée
3,2023-07-01,626.77,2762.81,4034.2,5582.55,5685.45,18691.78,1,Promo modérée
3,2023-07-08,2690.11,2520.32,3957.8,3113.32,1671.6,13953.15,1,Promo modérée
3,2023-07-15,2415.9,2514.69,1445.62,3009.28,1830.62,11216.11,1,Promo modérée
3,2023-07-22,982.1,2854.33,701.97,1987.05,2606.92,9132.369999999999,1,Promo modérée
3,2023-07-29,1860.87,1985.0,564.89,1998.07,833.72,7242.55,1,Promo modérée
3,2023-08-05,1428.54,2781.37,3879.71,1999.41,643.51,10732.54,1,Promo modérée
3,2023-08-12,2783.92,2535.36,3183.71,612.93,3027.44,12143.360000000002,1,Promo modérée
3,2023-08-19,1316.24,1.96,3482.68,2774.08,2822.98,10397.94,1,Promo modérée
3,2023-08-26,468.88,1458.39,3682.96,140.21,1311.57,7062.009999999999,1,Promo modérée
3,2023-09-02,5129.29,5019.8,1359.53,3751.94,4256.85,19517.410000000003,1,Promo modérée
3,2023-09-09,4137.77,512.13,121.85,715.57,1531.85,7019.17,1,Promo modérée
3,2023-09-16,2506.38,150.73,139.65,1929.06,1971.8,6697.62,1,Promo modérée
3,2023-09-23,1187.39,148.84,2898.39,390.58,2737.44,7362.639999999999,1,Promo modérée
3,2023-09-30,1960.47,2252.31,501.95,2704.7,1066.2,8485.63,1,Promo modérée
3,2023-10-07,330.83,57.47,3307.43,1836.57,3488.6,9020.9,1,Promo modérée
3,2023-10-14,3339.34,2799.62,1061.99,2140.12,3053.25,12394.32,1,Promo modérée
3,2023-10-21,3695.33,832.39,1126.46,3371.76,46.28,9072.220000000001,1,Promo modérée
3,2023-10-28,1559.4,1019.92,315.76,1549.79,1174.72,5619.59,1,Promo modérée
3,2023-11-04,1862.54,2785.89,247.23,323.26,732.56,5951.48,1,Promo modérée
3,2023-11-11,2507.59,739.98,1883.84,2316.7,3380.3,10828.41,1,Promo modérée
3,2023-11-18,3785.24,166.82,27.51,743.57,2985.86,7709.0,1,Promo modérée
3,2023-11-25,10000.93,2071.6,6081.29,2091.58,1887.04,22132.440000000002,1,Promo forte
3,2023-12-02,599.46,2204.78,2125.82,1007.81,2217.69,8155.560000000001,1,Promo modérée
3,2023-12-09,582.92,1640.09,3609.65,1203.85,3298.5,10335.01,1,Promo modérée
3,2023-12-16,3285.15,2695.16,1598.08,1143.78,48.65,8770.82,1,Promo modérée
3,2023-12-23,5103.8,783.48,8629.0,1653.16,665.62,16835.06,1,Promo modérée
3,2023-12-30,5855.21,681.55,1518.21,4373.4,2933.94,15362.31,1,Promo modérée
3,2024-01-06,10666.96,2846.14,3058.17,387.69,522.38,17481.339999999997,1,Promo modérée
3,2024-01-13,1264.29,1732.9,1436.83,2882.43,3693.13,11009.580000000002,1,Promo modérée
3,2024-01-20,1640.9,627.18,338.75,1633.43,2169.59,6409.85,1,Promo modérée
3,2024-01-27,4118.12,1153.83,1836.5,1061.5,4196.5,12366.45,1,Promo modérée
3,2024-02-03,163.3,1426.79,1630.99,564.27,2953.84,6739.1900000000005,1,Promo modérée
3,2024-02-10,2088.33,349.08,2451.18,3284.69,2978.0,11151.28,1,Promo modérée
3,2024-02-17,4168.22,2444.01,2447.32,1307.1,1149.01,11515.660000000002,1,Promo modérée
3,2024-02-24,3290.8,210.32,1581.04,636.23,705.66,6424.049999999999,1,Promo modérée
3,2024-03-02,4396.65,1671.12,925.52,1758.5,3291.69,12043.48,1,Promo modérée
3,2024-03-09,4582.1,1906.24,2519.28,1411.24,3385.79,13804.650000000001,1,Promo modérée
3,2024-03-16,4122.36,439.31,3331.72,1891.04,3801.0,13585.43,1,Promo modérée
3,2024-03-23,4221.06,1452.06,2056.38,1079.64,2578.69,11387.830000000002,1,Promo modérée
3,2024-03-30,4891.77,2897.24,1580.62,2549.3,1556.13,13475.060000000001,1,Promo modérée
3,2024-04-06,3916.49,797.79,3961.33,90.19,2715.88,11481.68,1,Promo modérée
3,2024-04-13,905.92,1868.26,890.7,1075.26,2459.06,7199.200000000001,1,Promo modérée
3,2024-04-20,3786.41,2693.89,336.51,1375.86,451.11,8643.78,1,Promo modérée
3,2024-04-27,1169.06,71.12,3339.79,3411.42,609.57,8600.96,1,Promo modérée
3,2024-05-04,253.11,118.18,2295.8,1375.13,128.94,4171.16,1,Promo faible
3,2024-05-11,201.29,1765.06,1590.74,3408.3,2448.89,9414.28,1,Promo modérée
3,2024-05-18,1873.61,1649.61,202.29,1491.42,3745.64,8962.57,1,Promo modérée
3,2024-05-25,4651.99,286.08,1800.23,1181.09,3918.1,11837.49,1,Promo modérée
3,2024-06-01,2462.68,1326.32,1337.6,1381.0,2384.73,8892.33,1,Promo modérée
3,2024-06-08,769.5,447.75,1072.7,1263.76,1838.05,5391.76,1,Promo modérée
3,2024-06-15,3485.82,580.31,2566.02,909.4,3987.39,11528.939999999999,1,Promo modérée
3,2024-06-22,1202.66,2017.15,3304.26,2355.82,3709.58,12589.470000000001,1,Promo modérée
3,2024-06-29,3356.35,811.93,324.92,3474.04,702.91,8670.15,1,Promo modérée
3,2024-07-06,6355.88,5716.27,2547.07,3601.15,6131.96,24352.33,1,Promo forte
3,2024-07-13,4252.87,604.59,3737.73,2411.81,3704.73,14711.73,1,Promo modérée
3,2024-07-20,200.69,2669.74,3967.85,1029.24,946.43,8813.949999999999,1,Promo modérée
3,2024-07-27,629.78,2937.45,2695.36,2964.11,1459.48,10686.18,1,Promo modérée
3,2024-08-03,2876.8,1287.19,1103.69,2690.03,1018.23,8975.94,1,Promo modérée
3,2024-08-10,1093.57,179.83,523.89,2120.99,3822.51,7740.79,1,Promo modérée
3,2024-08-17,4644.3,995.91,1861.35,47.89,367.19,7916.639999999999,1,Promo modérée
3,2024-08-24,2740.73,523.94,1183.73,2323.39,4343.86,11115.649999999998,1,Promo modérée
3,2024-08-31,2501.39,208.18,359.51,2103.19,1534.31,6706.58,1,Promo modérée
3,2024-09-07,3226.89,3468.1,6140.93,6932.03,7842.69,27610.64,1,Promo forte
3,2024-09-14,5.56,815.86,871.57,2316.42,2851.7,6861.11,1,Promo modérée
3,2024-09-21,3325.28,1669.74,1370.92,471.02,424.89,7261.850000000001,1,Promo modérée
3,2024-09-28,2010.14,2186.82,3119.28,413.77,0.14,7730.150000000001,1,Promo modérée
3,2024-10-05,2701.5,2553.45,3830.53,1980.11,2315.08,13380.67,1,Promo modérée
3,2024-10-12,1943.63,720.9,379.86,1102.21,434.9,4581.5,1,Promo faible
3,2024-10-19,4368.09,2986.71,2330.86,2843.66,1471.23,14000.55,1,Promo modérée
3,2024-10-26,1576.2,399.63,2529.59,449.14,2603.22,7557.780000000001,1,Promo modérée
3,2024-11-02,2499.79,2190.75,2476.69,653.24,115.6,7936.07,1,Promo modérée
3,2024-11-09,981.23,376.65,3853.92,378.16,2153.21,7743.17,1,Promo modérée
3,2024-11-16,527.42,1756.76,2177.38,818.09,2869.98,8149.629999999999,1,Promo modérée
3,2024-11-23,2775.43,2031.29,5400.01,6914.1,8018.25,25139.08,1,Promo forte
3,2024-11-30,5128.0,1253.58,6175.3,4284.78,3550.35,20392.01,1,Promo forte
3,2024-12-07,3832.64,2106.32,1325.41,2364.82,1781.72,11410.91,1,Promo modérée
3,2024-12-14,1254.4,361.34,2338.17,3392.63,1700.28,9046.82,1,Promo modérée
3,2024-12-21,7239.12,6585.15,3975.31,2731.41,3966.97,24497.960000000003,1,Promo forte
4,2022-01-01,7256.59,2917.42,5704.45,473.14,8055.86,24407.46,1,Promo forte
4,2022-01-08,2387.08,1805.42,2326.95,1405.12,1521.38,9445.95,1,Promo modérée
4,2022-01-15,1044.15,175.7,2209.46,2083.3,3923.61,9436.220000000001,1,Promo modérée
4,2022-01-22,396.4,1697.55,3632.07,1387.09,1333.47,8446.58,1,Promo modérée
4,2022-01-29,403.08,2818.71,3020.53,2053.18,3727.97,12023.47,1,Promo modérée
4,2022-02-05,3917.35,831.21,3763.52,435.21,3938.1,12885.39,1,Promo modérée
4,2022-02-12,2027.11,1548.85,2322.58,3275.78,3025.13,12199.45,1,Promo modérée
4,2022-02-19,4912.61,258.4,3257.55,981.17,594.81,10004.539999999999,1,Promo modérée
4,2022-02-26,2997.31,2707.21,1532.86,757.16,1991.6,9986.14,1,Promo modérée
4,2022-03-05,1765.51,2399.35,2218.75,2890.76,2841.56,12115.929999999998,1,Promo modérée
4,2022-03-12,2705.57,1815.27,881.95,2189.78,2572.23,10164.8,1,Promo modérée
4,2022-03-19,2617.01,680.32,2666.09,280.37,1988.25,8232.04,1,Promo modérée
4,2022-03-26,255.75,1193.38,2046.83,1691.53,1722.53,6910.0199999999995,1,Promo modérée
4,2022-04-02,355.78,1721.6,2264.07,3073.12,2510.43,9925.0,1,Promo modérée
4,2022-04-09,926.38,1623.81,2582.29,159.55,4256.87,9548.9,1,Promo modérée
4,2022-04-16,634.72,369.85,2074.25,860.47,1611.63,5550.92,1,Promo modérée
4,2022-04-23,1910.7,1664.2,307.03,14.66,3016.95,6913.54,1,Promo modérée
4,2022-04-30,120.03,1006.11,708.33,344.48,4305.24,6484.1900000000005,1,Promo modérée
4,2022-05-07,1184.62,290.9,716.13,2791.3,3048.96,8031.910000000001,1,Promo modérée
4,2022-05-14,1403.0,1049.81,3129.7,3473.8,1083.02,10139.330000000002,1,Promo modérée
4,2022-05-21,2048.36,2934.66,723.57,2797.05,1503.87,10007.509999999998,1,Promo modérée
4,2022-05-28,4020.83,2599.27,238.47,2422.18,629.94,9910.69,1,Promo modérée
4,2022-06-04,4982.63,405.65,2701.82,1386.0,598.54,10074.64,1,Promo modérée
4,2022-06-11,4957.66,624.95,1421.76,2342.27,2177.11,11523.75,1,Promo modérée
4,2022-06-18,807.29,1415.22,2213.89,1996.0,945.48,7377.879999999999,1,Promo modérée
4,2022-06-25,2819.46,783.49,2779.81,1985.87,3583.1,11951.730000000001,1,Promo modérée
4,2022-07-02,2874.66,2766.06,5273.83,3955.55,2853.03,17723.129999999997,1,Promo modérée
4,2022-07-09,119.73,1754.48,3765.9,610.43,2122.42,8372.960000000001,1,Promo modérée
4,2022-07-16,2606.89,2689.72,785.18,78.98,3877.49,10038.259999999998,1,Promo modérée
4,2022-07-23,2148.37,2249.58,3652.17,2002.43,813.53,10866.08,1,Promo modérée
4,2022-07-30,2775.67,1763.97,1706.0,2153.97,367.09,8766.7,1,Promo modérée
4,2022-08-06,1416.42,1200.94,3247.46,48.52,2922.2,8835.54,1,Promo modérée
4,2022-08-13,768.92,2658.51,1834.07,1976.07,2983.62,10221.189999999999,1,Promo modérée
4,2022-08-20,1436.11,2639.26,196.88,808.78,4038.24,9119.27,1,Promo modérée
4,2022-08-27,2500.29,2024.68,956.27,2653.14,3420.02,11554.4,1,Promo modérée
4,2022-09-03,7101.63,6167.99,2669.79,6020.56,7582.0,29541.97,1,Promo forte
4,2022-09-10,3358.54,2187.93,2300.24,723.86,2270.05,10840.619999999999,1,Promo modérée
4,2022-09-17,1161.12,1215.98,1076.65,695.21,3525.24,7674.2,1,Promo modérée
4,2022-09-24,4230.62,548.44,3825.17,1318.37,1526.58,11449.179999999998,1,Promo modérée
4,2022-10-01,1584.71,2426.48,3501.95,1058.63,3864.14,12435.91,1,Promo modérée
4,2022-10-08,4725.12,2047.62,1326.47,1752.03,2905.76,12757.0,1,Promo modérée
4,2022-10-15,4307.09,411.9,3809.55,1150.88,2980.41,12659.830000000002,1,Promo modérée
4,2022-10-22,4292.53,395.06,2820.16,2596.92,3049.75,13154.42,1,Promo modérée
4,2022-10-29,3587.32,1426.43,3396.39,1341.89,757.25,10509.279999999999,1,Promo modérée
4,2022-11-05,2555.57,1812.94,1843.59,2900.48,3733.03,12845.61,1,Promo modérée
4,2022-11-12,3485.12,1088.95,3517.12,2538.8,506.66,11136.65,1,Promo modérée
4,2022-11-19,3395.81,1894.13,1082.24,870.77,4239.26,11482.210000000001,1,Promo modérée
4,2022-11-26,117.87,3592.1,8586.85,2842.35,3536.2,18675.37,1,Promo modérée
4,2022-12-03,2527.6,1523.27,553.49,3439.59,1124.88,9168.83,1,Promo modérée
4,2022-12-10,2110.96,2355.19,782.85,2870.89,2919.36,11039.25,1,Promo modérée
4,2022-12-17,2564.37,962.56,2384.2,3485.07,1958.68,11354.88,1,Promo modérée
4,2022-12-24,4605.65,1449.59,2.0,7045.51,8354.41,21457.16,1,Promo forte
4,2022-12-31,7964.32,6130.13,3788.72,917.38,5072.69,23873.24,1,Promo forte
4,2023-01-07,1216.64,234.9,8750.11,1792.01,532.92,12526.580000000002,1,Promo modérée
4,2023-01-14,1706.22,1332.55,2702.35,1781.13,3876.51,11398.76,1,Promo modérée
4,2023-01-21,4944.2,1449.7,3947.58,2640.99,1118.72,14101.189999999999,1,Promo modérée
4,2023-01-28,3531.86,1036.74,27.93,1412.18,1056.39,7065.100000000001,1,Promo modérée
4,2023-02-04,1539.1,723.5,934.27,238.65,842.06,4277.58,1,Promo faible
4,2023-02-11,4379.52,2715.9,1971.83,1155.55,480.6,10703.4,1,Promo modérée
4,2023-02-18,1602.01,492.86,3132.65,428.74,2857.08,8513.34,1,Promo modérée
4,2023-02-25,4106.25,1633.89,311.43,3344.07,1111.33,10506.970000000001,1,Promo modérée
4,2023-03-04,2558.9,2308.33,3739.18,3182.21,3688.31,15476.929999999998,1,Promo modérée
4,2023-03-11,1885.27,1179.96,2178.22,559.58,3110.61,8913.64,1,Promo modérée
4,2023-03-18,3697.35,1936.6,623.09,1914.66,393.51,8565.21,1,Promo modérée
4,2023-03-25,4778.25,2860.9,1409.31,150.85,805.93,10005.24,1,Promo modérée
4,2023-04-01,543.41,2943.77,1526.47,2713.32,1541.66,9268.63,1,Promo modérée
4,2023-04-08,4588.24,2662.41,2501.73,2828.94,310.67,12891.99,1,Promo modérée
4,2023-04-15,742.53,1789.4,3257.54,1337.43,595.21,7722.110000000001,1,Promo modérée
4,2023-04-22,3004.73,2088.24,1450.01,2883.99,918.39,10345.359999999999,1,Promo modérée
4,2023-04-29,4418.42,1028.79,2735.48,88.72,3105.21,11376.619999999999,1,Promo modérée
4,2023-05-06,1934.04,241.74,588.65,1042.92,403.92,4211.2699999999995,1,Promo faible
4,2023-05-13,1538.4,2778.18,646.78,3380.41,926.07,9269.84,1,Promo modérée
4,2023-05-20,2672.8,586.37,664.92,3207.71,1475.27,8607.07,1,Promo modérée
4,2023-05-27,3689.64,1792.29,3523.58,173.62,1156.78,10335.910000000002,1,Promo modérée
4,2023-06-03,2118.85,1026.4,3846.2,1556.98,2200.72,10749.15,1,Promo modérée
4,2023-06-10,4059.03,1025.55,1734.78,2969.65,1634.65,11423.66,1,Promo modérée
4,2023-06-17,4025.49,2535.12,1580.21,179.42,1808.44,10128.68,1,Promo modérée
4,2023-06-24,3173.72,559.26,2997.48,1909.94,918.29,9558.689999999999,1,Promo modérée
4,2023-07-01,10639.98,4719.83,8422.79,3288.71,4703.49,31774.799999999996,1,Promo forte
4,2023-07-08,2233.63,370.35,823.92,3.3,176.69,3607.8900000000003,1,Promo faible
4,2023-07-15,2753.3,459.43,2912.47,2100.88,3290.63,11516.71,1,Promo modérée
4,2023-07-22,3242.32,205.32,3589.59,417.83,1475.29,8930.35,1,Promo modérée
4,2023-07-29,4272.74,1020.01,3478.6,308.47,3495.59,12575.41,1,Promo modérée
4,2023-08-05,3533.02,1606.04,2541.29,687.7,952.86,9320.91,1,Promo modérée
4,2023-08-12,3334.64,1306.19,3812.48,2517.36,4185.74,15156.41,1,Promo modérée
4,2023-08-19,606.51,908.33,2129.88,1975.46,2702.62,8322.8,1,Promo modérée
4,2023-08-26,3638.16,2767.81,3048.85,2071.01,864.11,12389.94,1,Promo modérée
4,2023-09-02,5815.22,2207.32,4569.95,1521.18,7971.23,22084.9,1,Promo forte
4,2023-09-09,2188.58,830.26,2232.68,1214.51,4197.9,10663.93,1,Promo modérée
4,2023-09-16,183.56,1424.31,1345.29,3221.88,54.01,6229.05,1,Promo modérée
4,2023-09-23,4862.31,1554.03,2456.74,828.13,2175.74,11876.949999999999,1,Promo modérée
4,2023-09-30,1199.1,584.87,2019.65,2690.61,278.76,6772.99,1,Promo modérée
4,2023-10-07,4170.82,353.92,180.61,1532.65,3797.97,10035.97,1,Promo modérée
4,2023-10-14,2888.07,1712.72,1329.71,1104.37,479.81,7514.68,1,Promo modérée
4,2023-10-21,4850.37,2595.21,2403.17,2453.03,1283.43,13585.210000000001,1,Promo modérée
4,2023-10-28,1409.59,954.12,3698.57,196.79,2185.35,8444.42,1,Promo modérée
4,2023-11-04,1716.38,2556.15,2236.87,1801.6,448.11,8759.11,1,Promo modérée
4,2023-11-11,398.58,2049.34,3730.27,2014.83,567.52,8760.54,1,Promo modérée
4,2023-11-18,3243.41,2697.75,2494.02,459.51,1393.61,10288.300000000001,1,Promo modérée
4,2023-11-25,3310.63,1214.7,6656.77,3651.02,2235.32,17068.440000000002,1,Promo modérée
4,2023-12-02,739.79,2953.96,836.39,456.24,915.91,5902.29,1,Promo modérée
4,2023-12-09,172.16,1337.48,3266.62,3098.34,390.18,8264.78,1,Promo modérée
4,2023-12-16,668.48,2806.18,3005.69,3294.67,3044.78,12819.800000000001,1,Promo modérée
4,2023-12-23,7708.89,5051.09,8178.75,1576.98,7900.18,30415.89,1,Promo forte
4,2023-12-30,3349.39,6487.45,5656.44,5526.11,9668.51,30687.9,1,Promo forte
4,2024-01-06,1987.23,6254.73,1925.19,2511.9,7486.3,20165.35,1,Promo forte
4,2024-01-13,1141.66,175.37,1199.72,1660.08,756.09,4932.92,1,Promo faible
4,2024-01-20,4421.72,455.23,2391.23,2326.59,1887.01,11481.78,1,Promo modérée
4,2024-01-27,3458.6,1984.03,153.6,1288.88,4405.64,11290.75,1,Promo modérée
4,2024-02-03,2910.35,2393.41,3457.47,1599.11,2137.99,12498.33,1,Promo modérée
4,2024-02-10,4314.8,1441.68,275.02,1924.01,1877.24,9832.75,1,Promo modérée
4,2024-02-17,273.05,2915.54,2050.46,1018.07,2112.33,8369.45,1,Promo modérée
4,2024-02-24,1489.3,2340.14,1886.51,796.19,747.83,7259.969999999999,1,Promo modérée
4,2024-03-02,2426.15,537.49,3564.56,1611.24,3193.52,11332.960000000001,1,Promo modérée
4,2024-03-09,1409.13,552.9,157.45,76.46,3485.19,5681.13,1,Promo modérée
4,2024-03-16,135.53,2350.5,42.05,2666.61,4019.87,9214.560000000001,1,Promo modérée
4,2024-03-23,4437.12,2681.8,1343.27,2152.74,4171.08,14786.01,1,Promo modérée
4,2024-03-30,4794.36,428.44,2319.32,988.93,1255.54,9786.59,1,Promo modérée
4,2024-04-06,412.86,463.56,1758.25,1786.61,1164.57,5585.849999999999,1,Promo modérée
4,2024-04-13,4723.54,1004.63,2283.42,3183.58,27.83,11223.0,1,Promo modérée
4,2024-04-20,4803.73,1612.62,56.79,901.71,2024.75,9399.599999999999,1,Promo modérée
4,2024-04-27,2691.1,1599.97,1622.58,592.07,4398.55,10904.27,1,Promo modérée
4,2024-05-04,2718.94,2084.91,2060.67,3466.0,2751.04,13081.560000000001,1,Promo modérée
4,2024-05-11,1734.79,1295.42,3127.12,1694.61,3573.07,11425.01,1,Promo modérée
4,2024-05-18,1121.91,1513.51,1043.4,31.8,2917.34,6627.960000000001,1,Promo modérée
4,2024-05-25,4317.16,418.35,2276.83,3037.93,2623.98,12674.25,1,Promo modérée
4,2024-06-01,1972.4,2601.18,975.98,3383.57,4311.62,13244.75,1,Promo modérée
4,2024-06-08,2217.2,962.99,2104.38,2407.19,1230.64,8922.4,1,Promo modérée
4,2024-06-15,1767.37,946.9,1964.08,1122.57,865.16,6666.08,1,Promo modérée
4,2024-06-22,2882.72,2950.02,966.41,2384.49,3221.93,12405.57,1,Promo modérée
4,2024-06-29,2980.71,2218.74,843.88,2945.68,136.59,9125.6,1,Promo modérée
4,2024-07-06,10486.38,479.59,1752.02,2678.23,6140.33,21536.55,1,Promo forte
4,2024-07-13,1067.71,1233.43,2816.13,761.09,1650.05,7528.410000000001,1,Promo modérée
4,2024-07-20,1208.29,204.11,1267.62,933.78,2276.67,5890.47,1,Promo modérée
4,2024-07-27,3436.17,938.5,243.62,2455.48,44.22,7117.990000000001,1,Promo modérée
4,2024-08-03,1520.47,2434.88,1175.67,1562.14,3271.58,9964.740000000002,1,Promo modérée
4,2024-08-10,3048.41,2745.3,625.45,2631.29,2557.21,11607.66,1,Promo modérée
4,2024-08-17,4445.0,1707.91,2526.89,1815.62,230.24,10725.659999999998,1,Promo modérée
4,2024-08-24,2520.66,968.43,1032.43,1623.95,599.78,6745.249999999999,1,Promo modérée
4,2024-08-31,3879.39,2423.87,3071.06,398.88,2897.59,12670.789999999999,1,Promo modérée
4,2024-09-07,5815.78,226.89,5622.87,627.14,4306.64,16599.32,1,Promo modérée
4,2024-09-14,3975.06,490.06,417.25,509.3,3947.07,9338.74,1,Promo modérée
4,2024-09-21,4340.0,2484.56,2504.22,263.48,505.79,10098.05,1,Promo modérée
4,2024-09-28,1925.29,2828.95,2441.5,2922.41,3196.58,13314.73,1,Promo modérée
4,2024-10-05,1704.81,2993.02,1054.21,976.96,4188.03,10917.029999999999,1,Promo modérée
4,2024-10-12,4872.2,2926.81,261.11,2876.44,2908.39,13844.949999999999,1,Promo modérée
4,2024-10-19,4559.09,1317.39,159.79,1268.03,3718.76,11023.060000000001,1,Promo modérée
4,2024-10-26,2345.12,2785.67,2564.34,1090.79,2363.93,11149.85,1,Promo modérée
4,2024-11-02,1776.42,2047.54,2648.93,2503.63,1206.64,10183.16,1,Promo modérée
4,2024-11-09,2988.41,2609.09,3563.33,1571.63,2066.87,12799.329999999998,1,Promo modérée
4,2024-11-16,2106.5,2516.52,3508.48,851.13,2477.57,11460.199999999999,1,Promo modérée
4,2024-11-23,8360.38,321.86,7424.81,3372.94,3389.71,22869.699999999997,1,Promo forte
4,2024-11-30,2052.49,1242.33,1621.39,438.92,5819.2,11174.33,1,Promo modérée
4,2024-12-07,4097.48,980.22,1398.46,2087.21,1233.96,9797.329999999998,1,Promo modérée
4,2024-12-14,3708.42,2025.69,823.53,1233.68,567.5,8358.82,1,Promo modérée
4,2024-12-21,6911.82,1215.07,929.72,6258.95,5729.69,21045.249999999996,1,Promo forte
5,2022-01-01,618.35,4933.64,7487.5,2203.24,6340.43,21583.160000000003,1,Promo forte
5,2022-01-08,832.52,2136.66,703.56,823.84,2224.67,6721.25,1,Promo modérée
5,2022-01-15,2503.1,2735.36,586.46,2260.75,1047.96,9133.630000000001,1,Promo modérée
5,2022-01-22,1547.31,1343.91,1621.89,3444.31,1315.12,9272.54,1,Promo modérée
5,2022-01-29,4576.45,797.06,3583.26,362.16,2954.53,12273.460000000001,1,Promo modérée
5,2022-02-05,4728.58,2030.46,1206.35,659.06,1366.81,9991.259999999998,1,Promo modérée
5,2022-02-12,3977.89,424.15,521.28,2252.0,887.32,8062.639999999999,1,Promo modérée
5,2022-02-19,1770.32,1967.46,2149.1,2369.93,3072.02,11328.83,1,Promo modérée
5,2022-02-26,4454.87,1708.49,3329.56,3470.69,736.27,13699.880000000001,1,Promo modérée
5,2022-03-05,3433.39,730.84,3194.22,374.6,3513.15,11246.199999999999,1,Promo modérée
5,2022-03-12,2188.83,931.11,3048.52,3276.62,4233.38,13678.46,1,Promo modérée
5,2022-03-19,336.42,803.99,3648.83,2216.13,3244.75,10250.119999999999,1,Promo modérée
5,2022-03-26,3133.77,438.29,3292.01,822.61,2935.27,10621.949999999999,1,Promo modérée
5,2022-04-02,4547.82,808.89,3278.71,3497.73,951.44,13084.59,1,Promo modérée
5,2022-04-09,2514.38,2385.33,542.98,3421.03,4339.59,13203.310000000001,1,Promo modérée
5,2022-04-16,4079.78,1134.95,353.59,1197.79,4416.23,11182.34,1,Promo modérée
5,2022-04-23,4104.25,844.43,280.27,198.19,541.7,5968.84,1,Promo modérée
5,2022-04-30,2229.43,2125.75,2927.49,608.87,1625.47,9517.01,1,Promo modérée
5,2022-05-07,4981.12,1423.6,3264.23,1512.24,3583.76,14764.949999999999,1,Promo modérée
5,2022-05-14,3150.09,1252.15,577.25,327.46,75.02,5381.97,1,Promo modérée
5,2022-05-21,1600.08,1518.13,650.04,3359.11,3832.12,10959.48,1,Promo modérée
5,2022-05-28,43.1,59.92,2346.41,1593.88,2331.07,6374.38,1,Promo modérée
5,2022-06-04,3661.1,699.06,3252.57,2059.51,948.43,10620.67,1,Promo modérée
5,2022-06-11,1291.5,2601.03,2677.07,1568.3,2195.55,10333.45,1,Promo modérée
5,2022-06-18,2400.92,1457.66,2263.41,3208.65,3603.68,12934.32,1,Promo modérée
5,2022-06-25,961.58,1391.81,983.27,3201.95,1509.33,8047.94,1,Promo modérée
5,2022-07-02,1423.19,2480.42,872.49,4796.75,4424.05,13996.900000000001,1,Promo modérée
5,2022-07-09,4632.93,2131.27,1675.69,1810.45,378.96,10629.300000000001,1,Promo modérée
5,2022-07-16,547.41,2897.51,699.14,2268.11,1104.55,7516.72,1,Promo modérée
5,2022-07-23,4462.35,235.88,1323.66,869.01,4446.06,11336.960000000001,1,Promo modérée
5,2022-07-30,1194.99,843.85,1644.51,820.14,88.43,4591.920000000001,1,Promo faible
5,2022-08-06,35.46,2040.75,3301.76,513.13,718.5,6609.6,1,Promo modérée
5,2022-08-13,1544.59,1106.18,3078.93,2838.27,1801.6,10369.57,1,Promo modérée
5,2022-08-20,4487.66,2723.28,349.67,3277.73,3714.91,14553.25,1,Promo modérée
5,2022-08-27,1445.75,2856.78,199.44,524.68,2419.12,7445.77,1,Promo modérée
5,2022-09-03,490.47,944.21,123.33,4364.81,9229.44,15152.260000000002,1,Promo modérée
5,2022-09-10,2297.81,1496.9,288.85,2395.52,2264.49,8743.57,1,Promo modérée
5,2022-09-17,861.93,2617.18,2452.46,550.21,4330.52,10812.3,1,Promo modérée
5,2022-09-24,4018.47,2453.47,3915.79,1756.54,2047.31,14191.58,1,Promo modérée
5,2022-10-01,447.37,1253.95,3413.14,2996.54,446.57,8557.57,1,Promo modérée
5,2022-10-08,3599.98,303.5,2492.55,1246.24,3550.11,11192.380000000001,1,Promo modérée
5,2022-10-15,4368.39,380.41,3466.38,2077.51,572.0,10864.69,1,Promo modérée
5,2022-10-22,528.98,1518.42,3258.5,3276.57,2310.83,10893.3,1,Promo modérée
5,2022-10-29,2464.91,1415.71,1961.25,2963.75,3743.74,12549.359999999999,1,Promo modérée
5,2022-11-05,1191.69,2381.87,1945.93,1169.16,480.69,7169.339999999999,1,Promo modérée
5,2022-11-12,2303.36,921.26,140.64,1131.01,2448.49,6944.759999999999,1,Promo modérée
5,2022-11-19,1886.74,774.68,973.87,1602.18,3417.84,8655.310000000001,1,Promo modérée
5,2022-11-26,8534.52,2235.64,4960.89,1578.34,7345.75,24655.14,1,Promo forte
5,2022-12-03,1762.65,2168.05,1276.9,3170.69,569.87,8948.160000000002,1,Promo modérée
5,2022-12-10,4718.83,2929.47,1505.04,3231.5,2451.71,14836.55,1,Promo modérée
5,2022-12-17,1325.24,2016.18,208.1,397.76,17.63,3964.91,1,Promo faible
5,2022-12-24,3300.74,998.34,2505.14,2894.98,7487.47,17186.67,1,Promo modérée
5,2022-12-31,4515.49,6159.07,5609.14,6174.06,4617.11,27074.870000000003,1,Promo forte
5,2023-01-07,1849.3,3380.92,4288.9,4813.2,9367.25,23699.57,1,Promo forte
5,2023-01-14,936.73,97.41,2973.41,2531.66,612.25,7151.46,1,Promo modérée
5,2023-01-21,1861.54,763.99,1955.8,1425.93,4439.56,10446.82,1,Promo modérée
5,2023-01-28,272.55,2509.32,2047.75,1844.53,2527.18,9201.33,1,Promo modérée
5,2023-02-04,1050.59,349.0,3880.47,76.94,3612.14,8969.14,1,Promo modérée
5,2023-02-11,3487.16,1928.42,3130.98,3281.18,3113.67,14941.41,1,Promo modérée
5,2023-02-18,362.61,2109.84,1610.11,3220.14,2926.15,10228.85,1,Promo modérée
5,2023-02-25,2011.3,153.67,1986.06,431.61,1804.37,6387.009999999999,1,Promo modérée
5,2023-03-04,1832.76,1120.06,605.64,2794.59,3182.53,9535.58,1,Promo modérée
5,2023-03-11,606.86,2957.8,3122.73,1365.83,2603.54,10656.76,1,Promo modérée
5,2023-03-18,4215.72,1932.64,2602.9,3033.88,4022.88,15808.02,1,Promo modérée
5,2023-03-25,3784.63,1820.15,667.15,2790.97,3240.5,12303.4,1,Promo modérée
5,2023-04-01,90.41,1200.99,2199.51,2168.54,2985.71,8645.16,1,Promo modérée
5,2023-04-08,783.06,2924.28,3370.15,1753.07,4416.4,13246.96,1,Promo modérée
5,2023-04-15,4641.86,196.88,2197.65,2068.03,2937.28,12041.7,1,Promo modérée
5,2023-04-22,4134.34,1687.97,3048.75,2497.63,933.8,12302.490000000002,1,Promo modérée
5,2023-04-29,2261.08,428.36,1557.74,3330.96,1438.74,9016.880000000001,1,Promo modérée
5,2023-05-06,3622.79,934.54,3131.69,1549.29,2183.7,11422.010000000002,1,Promo modérée
5,2023-05-13,1836.7,1577.84,3235.2,1266.19,2359.15,10275.08,1,Promo modérée
5,2023-05-20,3617.67,1731.56,2590.88,102.55,2781.46,10824.119999999999,1,Promo modérée
5,2023-05-27,966.7,2852.23,1634.8,1633.39,237.19,7324.31,1,Promo modérée
5,2023-06-03,1215.62,2234.25,672.95,664.77,2073.2,6860.79,1,Promo modérée
5,2023-06-10,4122.59,1253.13,292.34,957.83,4410.02,11035.91,1,Promo modérée
5,2023-06-17,187.64,1707.69,3683.08,3389.47,2432.49,11400.369999999999,1,Promo modérée
5,2023-06-24,2328.63,720.74,1879.22,1594.13,2619.65,9142.37,1,Promo modérée
5,2023-07-01,7304.13,2233.23,8232.6,7024.0,2072.55,26866.51,1,Promo forte
5,2023-07-08,4449.18,1801.6,2120.21,97.44,1109.95,9578.380000000003,1,Promo modérée
5,2023-07-15,1398.83,1694.86,352.57,1447.83,3375.72,8269.81,1,Promo modérée
5,2023-07-22,1647.65,1321.81,3427.8,2394.73,3970.99,12762.98,1,Promo modérée
5,2023-07-29,1645.37,943.76,2048.35,3292.42,215.02,8144.92,1,Promo modérée
5,2023-08-05,2123.97,1156.66,3661.66,2666.77,2273.02,11882.08,1,Promo modérée
5,2023-08-12,2180.35,470.71,3790.26,2683.97,1207.29,10332.579999999998,1,Promo modérée
5,2023-08-19,2575.96,2323.96,2248.58,1934.46,516.34,9599.3,1,Promo modérée
5,2023-08-26,3614.2,97.46,2381.11,1887.18,4359.67,12339.62,1,Promo modérée
5,2023-09-02,10965.34,2840.26,2818.63,6981.23,1893.3,25498.76,1,Promo forte
5,2023-09-09,1326.14,2058.27,3795.16,938.17,3651.6,11769.34,1,Promo modérée
5,2023-09-16,3831.76,1973.85,3295.59,2266.32,4360.25,15727.77,1,Promo modérée
5,2023-09-23,2640.89,380.62,2369.97,1688.73,2801.59,9881.8,1,Promo modérée
5,2023-09-30,1918.05,1273.12,2858.78,2113.27,1345.17,9508.390000000001,1,Promo modérée
5,2023-10-07,1859.18,77.52,887.12,2731.65,905.29,6460.76,1,Promo modérée
5,2023-10-14,4038.13,2314.42,3660.56,2990.8,3074.29,16078.2,1,Promo modérée
5,2023-10-21,2542.4,698.71,3381.32,2545.07,4413.43,13580.93,1,Promo modérée
5,2023-10-28,934.54,199.98,3994.24,86.86,3758.6,8974.22,1,Promo modérée
5,2023-11-04,4630.96,27.29,301.65,876.26,3011.92,8848.08,1,Promo modérée
5,2023-11-11,4024.83,2901.98,1074.4,1731.89,387.52,10120.619999999999,1,Promo modérée
5,2023-11-18,1670.52,1565.49,2342.62,29.73,3424.53,9032.89,1,Promo modérée
5,2023-11-25,10506.93,1585.0,2847.02,1415.36,5711.67,22065.980000000003,1,Promo forte
5,2023-12-02,1932.31,1260.75,2248.44,20.53,353.29,5815.32,1,Promo modérée
5,2023-12-09,1353.42,1111.47,2275.69,3085.98,4238.58,12065.14,1,Promo modérée
5,2023-12-16,2353.5,147.45,764.25,2766.8,2042.81,8074.8099999999995,1,Promo modérée
5,2023-12-23,2995.47,775.51,2217.58,7089.82,5757.73,18836.11,1,Promo modérée
5,2023-12-30,5756.15,770.54,1135.77,4133.82,9272.05,21068.329999999998,1,Promo forte
5,2024-01-06,399.75,672.19,6410.75,1537.46,3675.58,12695.730000000001,1,Promo modérée
5,2024-01-13,2425.36,1622.48,3273.44,600.87,3635.24,11557.39,1,Promo modérée
5,2024-01-20,691.99,1997.3,2098.69,2237.81,1520.99,8546.779999999999,1,Promo modérée
5,2024-01-27,3781.78,2382.4,1978.39,3131.62,1204.51,12478.7,1,Promo modérée
5,2024-02-03,4294.9,266.32,3459.98,1122.17,802.49,9945.859999999999,1,Promo modérée
5,2024-02-10,674.89,888.53,2289.14,1546.49,1560.23,6959.280000000001,1,Promo modérée
5,2024-02-17,3722.21,455.94,521.27,1209.69,3634.66,9543.77,1,Promo modérée
5,2024-02-24,3168.92,759.6,2221.18,1846.53,2949.46,10945.689999999999,1,Promo modérée
5,2024-03-02,80.62,1117.97,1406.84,1902.2,327.31,4834.9400000000005,1,Promo faible
5,2024-03-09,2809.38,2222.65,2647.44,1244.35,3639.86,12563.680000000002,1,Promo modérée
5,2024-03-16,1513.84,1378.04,3271.85,3254.73,2452.88,11871.34,1,Promo modérée
5,2024-03-23,3544.5,2471.23,3428.12,1452.88,402.03,11298.76,1,Promo modérée
5,2024-03-30,377.64,2482.74,1710.68,2086.22,403.44,7060.719999999998,1,Promo modérée
5,2024-04-06,2298.16,670.81,3733.82,1206.09,724.43,8633.31,1,Promo modérée
5,2024-04-13,4692.24,513.26,452.97,1995.66,3878.3,11532.43,1,Promo modérée
5,2024-04-20,4964.16,1223.68,1149.61,1952.58,1369.38,10659.41,1,Promo modérée
5,2024-04-27,2861.58,2997.62,1147.39,981.59,718.87,8707.050000000001,1,Promo modérée
5,2024-05-04,4875.44,696.87,3525.19,1148.89,507.78,10754.17,1,Promo modérée
5,2024-05-11,1436.29,2210.38,1813.66,3462.48,246.35,9169.16,1,Promo modérée
5,2024-05-18,3646.2,2624.24,3754.88,2817.83,3827.61,16670.76,1,Promo modérée
5,2024-05-25,1584.57,1402.16,1142.32,3365.64,1407.8,8902.49,1,Promo modérée
5,2024-06-01,1096.95,1393.05,1733.0,2798.92,3327.64,10349.56,1,Promo modérée
5,2024-06-08,260.36,38.46,3182.18,1670.01,588.97,5739.9800000000005,1,Promo modérée
5,2024-06-15,2411.13,1560.97,3900.98,3380.2,968.71,12221.989999999998,1,Promo modérée
5,2024-06-22,2025.01,2794.63,356.04,1790.34,4133.35,11099.37,1,Promo modérée
5,2024-06-29,796.97,2904.07,3659.0,584.33,545.2,8489.57,1,Promo modérée
5,2024-07-06,4937.37,3953.47,631.27,1746.04,9221.75,20489.9,1,Promo forte
5,2024-07-13,3139.79,825.57,3638.35,2218.61,323.58,10145.9,1,Promo modérée
5,2024-07-20,1516.82,1178.52,718.6,2023.25,4310.91,9748.1,1,Promo modérée
5,2024-07-27,4279.63,1304.03,771.36,668.87,3459.44,10483.33,1,Promo modérée
5,2024-08-03,2327.43,2829.59,3726.93,724.05,1611.99,11219.99,1,Promo modérée
5,2024-08-10,4650.03,1150.7,1966.95,3136.83,3630.19,14534.699999999999,1,Promo modérée
5,2024-08-17,997.86,113.35,2573.48,918.79,235.56,4839.04,1,Promo faible
5,2024-08-24,2080.35,2933.56,802.26,753.76,1313.4,7883.33,1,Promo modérée
5,2024-08-31,2059.73,2803.23,193.86,735.97,2546.5,8339.29,1,Promo modérée
5,2024-09-07,7678.78,4211.72,2820.96,720.1,4228.41,19659.97,1,Promo modérée
5,2024-09-14,3831.52,1493.85,1240.14,2841.89,3902.18,13309.58,1,Promo modérée
5,2024-09-21,682.52,686.01,3529.98,70.43,3387.27,8356.210000000001,1,Promo modérée
5,2024-09-28,1799.12,1622.3,2709.2,2459.2,4301.91,12891.73,1,Promo modérée
5,2024-10-05,1490.75,379.39,3370.22,1267.64,2972.11,9480.11,1,Promo modérée
5,2024-10-12,2066.71,1639.84,1744.19,2620.35,3725.66,11796.75,1,Promo modérée
5,2024-10-19,4674.11,2504.87,3370.14,1061.23,1932.52,13542.869999999999,1,Promo modérée
5,2024-10-26,1203.56,719.85,333.52,3249.78,2608.82,8115.530000000001,1,Promo modérée
5,2024-11-02,194.0,560.32,3324.98,2683.69,1577.89,8340.88,1,Promo modérée
5,2024-11-09,1041.16,751.45,3223.62,978.86,861.85,6856.94,1,Promo modérée
5,2024-11-16,1782.02,2242.96,2202.76,2858.78,4318.16,13404.68,1,Promo modérée
5,2024-11-23,10827.54,2530.98,1339.61,5133.66,2814.45,22646.24,1,Promo forte
5,2024-11-30,2914.64,2960.98,4731.69,5109.91,7761.32,23478.54,1,Promo forte
5,2024-12-07,1915.29,2188.56,81.36,718.16,2191.87,7095.24,1,Promo modérée
5,2024-12-14,2452.25,359.24,3210.62,864.38,4048.26,10934.75,1,Promo modérée
5,2024-12-21,8563.67,864.7,5288.42,264.09,4925.9,19906.78,1,Promo modérée
6,2022-01-01,6854.9,491.23,4432.49,1406.21,5682.35,18867.18,1,Promo modérée
6,2022-01-08,3825.53,1298.3,1936.74,2268.36,82.61,9411.54,1,Promo modérée
6,2022-01-15,454.68,2769.67,2757.12,444.86,1605.25,8031.579999999999,1,Promo modérée
6,2022-01-22,4448.74,27.5,805.6,3356.58,2760.31,11398.73,1,Promo modérée
6,2022-01-29,4407.43,1247.74,2881.33,3214.0,1836.18,13586.68,1,Promo modérée
6,2022-02-05,329.15,2077.72,2287.59,3176.12,551.17,8421.75,1,Promo modérée
6,2022-02-12,352.3,834.43,1298.03,3307.93,1272.0,7064.6900000000005,1,Promo modérée
6,2022-02-19,3692.7,2600.57,2505.04,2341.69,568.28,11708.280000000002,1,Promo modérée
6,2022-02-26,4667.97,2159.88,3015.25,766.71,1993.68,12603.490000000002,1,Promo modérée
6,2022-03-05,4451.1,811.05,3291.04,1814.13,2078.13,12445.45,1,Promo modérée
6,2022-03-12,3146.1,2097.94,2844.49,181.88,3868.87,12139.279999999999,1,Promo modérée
6,2022-03-19,4434.16,1135.04,2998.9,338.87,2142.26,11049.230000000001,1,Promo modérée
6,2022-03-26,1168.12,1228.68,3120.34,2699.29,1026.45,9242.880000000001,1,Promo modérée
6,2022-04-02,3025.36,1679.67,1945.62,1767.26,793.85,9211.76,1,Promo modérée
6,2022-04-09,4662.22,2841.92,1476.07,474.31,2332.8,11787.32,1,Promo modérée
6,2022-04-16,2033.18,1149.49,3178.65,1597.11,768.46,8726.89,1,Promo modérée
6,2022-04-23,2828.74,2144.11,3750.82,3192.89,4257.34,16173.9,1,Promo modérée
6,2022-04-30,4860.27,2577.97,440.07,3316.0,1905.11,13099.42,1,Promo modérée
6,2022-05-07,1692.77,1420.3,2452.68,3040.8,2978.56,11585.109999999999,1,Promo modérée
6,2022-05-14,2659.66,853.54,188.24,2339.91,3882.47,9923.82,1,Promo modérée
6,2022-05-21,1326.43,2711.86,1282.65,1933.18,227.28,7481.400000000001,1,Promo modérée
6,2022-05-28,952.07,2009.86,1.61,2820.62,356.62,6140.78,1,Promo modérée
6,2022-06-04,1603.56,2891.75,2566.32,82.02,1935.79,9079.439999999999,1,Promo modérée
6,2022-06-11,3030.07,1710.94,214.31,491.75,2801.47,8248.54,1,Promo modérée
6,2022-06-18,4742.13,2527.39,2889.49,272.98,477.59,10909.58,1,Promo modérée
6,2022-06-25,2437.34,1092.36,2557.55,451.63,1936.42,8475.3,1,Promo modérée
6,2022-07-02,9162.94,1963.97,6945.76,240.34,9571.97,27884.979999999996,1,Promo forte
6,2022-07-09,4946.75,117.88,2619.63,1549.58,4270.12,13503.96,1,Promo modérée
6,2022-07-16,340.05,581.37,858.26,2583.53,851.12,5214.33,1,Promo modérée
6,2022-07-23,2592.46,1056.93,936.23,174.23,1208.25,5968.1,1,Promo modérée
6,2022-07-30,3469.32,1467.97,2050.3,937.21,2047.28,9972.08,1,Promo modérée
6,2022-08-06,211.0,1488.89,2177.85,589.54,3422.09,7889.37,1,Promo modérée
6,2022-08-13,3522.47,1361.54,2162.44,2973.6,2160.61,12180.660000000002,1,Promo modérée
6,2022-08-20,4504.54,2022.56,2533.08,348.24,2718.78,12127.2,1,Promo modérée
6,2022-08-27,2944.05,267.67,1723.93,611.75,4441.95,9989.35,1,Promo modérée
6,2022-09-03,10734.58,1889.31,3729.51,5003.95,244.5,21601.85,1,Promo forte
6,2022-09-10,812.49,2685.1,2744.1,874.66,295.2,7411.55,1,Promo modérée
6,2022-09-17,1084.07,2008.83,3882.67,615.0,2687.02,10277.59,1,Promo modérée
6,2022-09-24,2426.28,1630.22,1219.04,636.33,386.6,6298.47,1,Promo modérée
6,2022-10-01,2078.87,1407.53,1470.83,352.17,1393.34,6702.74,1,Promo modérée
6,2022-10-08,967.24,631.12,92.19,3138.61,948.18,5777.34,1,Promo modérée
6,2022-10-15,375.71,402.61,2579.03,1188.81,3185.77,7731.93,1,Promo modérée
6,2022-10-22,2682.05,1311.44,1071.49,2114.02,3921.0,11100.0,1,Promo modérée
6,2022-10-29,1285.48,1438.36,1469.11,3198.35,1657.33,9048.63,1,Promo modérée
6,2022-11-05,3070.84,1002.43,3271.62,134.27,3918.59,11397.75,1,Promo modérée
6,2022-11-12,63.83,2614.66,1786.96,1200.38,622.11,6287.94,1,Promo modérée
6,2022-11-19,2104.48,2884.25,2397.11,2826.17,492.1,10704.11,1,Promo modérée
6,2022-11-26,861.72,478.99,7482.8,1638.95,6620.66,17083.120000000003,1,Promo modérée
6,2022-12-03,2784.09,2839.14,1659.99,1144.3,2730.1,11157.619999999999,1,Promo modérée
6,2022-12-10,564.29,1828.4,3282.31,998.36,1076.45,7749.8099999999995,1,Promo modérée
6,2022-12-17,2801.74,2185.85,1419.38,2144.4,2634.19,11185.560000000001,1,Promo modérée
6,2022-12-24,1311.99,1482.24,4401.74,6471.41,6942.8,20610.18,1,Promo forte
6,2022-12-31,2110.61,404.03,5200.06,7616.97,1651.61,16983.280000000002,1,Promo modérée
6,2023-01-07,7743.3,6241.45,3598.56,5097.17,4602.06,27282.540000000005,1,Promo forte
6,2023-01-14,2642.92,2431.81,2942.08,2323.27,510.24,10850.32,1,Promo modérée
6,2023-01-21,275.78,2461.92,150.79,1285.09,2440.35,6613.93,1,Promo modérée
6,2023-01-28,2903.98,2143.16,3666.57,2469.24,3023.01,14205.96,1,Promo modérée
6,2023-02-04,3375.65,1252.34,2922.72,1826.52,333.79,9711.02,1,Promo modérée
6,2023-02-11,587.79,2970.67,837.63,41.23,4488.4,8925.72,1,Promo modérée
6,2023-02-18,4520.17,960.54,2681.02,657.66,2811.58,11630.97,1,Promo modérée
6,2023-02-25,4509.58,1191.56,981.12,1569.43,1442.41,9694.099999999999,1,Promo modérée
6,2023-03-04,2829.32,471.71,2762.49,1797.02,2927.73,10788.27,1,Promo modérée
6,2023-03-11,2443.02,1809.67,1302.32,3442.59,3003.08,12000.68,1,Promo modérée
6,2023-03-18,119.42,1350.07,1330.76,1534.05,1182.12,5516.42,1,Promo modérée
6,2023-03-25,1597.95,1775.42,288.92,516.09,329.61,4507.99,1,Promo faible
6,2023-04-01,3346.93,1430.98,2569.11,134.27,2796.59,10277.880000000001,1,Promo modérée
6,2023-04-08,3214.01,2078.4,3483.87,1198.17,3463.98,13438.429999999998,1,Promo modérée
6,2023-04-15,2889.39,2247.95,3858.76,257.47,240.46,9494.029999999999,1,Promo modérée
6,2023-04-22,468.29,2304.27,2988.9,1090.96,1378.08,8230.5,1,Promo modérée
6,2023-04-29,2964.92,2807.98,2712.49,1450.5,3102.9,13038.789999999999,1,Promo modérée
6,2023-05-06,3223.6,1065.87,196.64,108.7,2493.82,7088.629999999999,1,Promo modérée
6,2023-05-13,1833.76,711.21,1789.09,253.32,4293.59,8880.970000000001,1,Promo modérée
6,2023-05-20,2770.29,2792.5,21.4,2618.84,4063.73,12266.759999999998,1,Promo modérée
6,2023-05-27,2711.93,1582.37,564.5,2.76,3645.63,8507.189999999999,1,Promo modérée
6,2023-06-03,3326.36,236.1,2415.02,573.76,3311.79,9863.029999999999,1,Promo modérée
6,2023-06-10,3708.19,907.92,2649.49,553.99,3096.53,10916.119999999999,1,Promo modérée
6,2023-06-17,1310.18,2645.15,3567.28,687.54,2762.31,10972.460000000001,1,Promo modérée
6,2023-06-24,3123.5,847.62,1512.1,360.31,3235.6,9079.13,1,Promo modérée
6,2023-07-01,3676.37,169.9,3001.22,6185.45,8883.26,21916.199999999997,1,Promo forte
6,2023-07-08,65.05,2834.25,1956.86,1196.77,4158.98,10211.91,1,Promo modérée
6,2023-07-15,2144.44,1956.79,2908.52,2.51,4215.84,11228.1,1,Promo modérée
6,2023-07-22,615.26,2959.05,1260.87,403.55,481.46,5720.1900000000005,1,Promo modérée
6,2023-07-29,1115.45,169.55,413.58,1510.28,1034.63,4243.49,1,Promo faible
6,2023-08-05,2834.03,1063.27,1524.59,1441.48,3274.11,10137.480000000001,1,Promo modérée
6,2023-08-12,2803.47,285.17,801.88,1447.13,927.91,6265.5599999999995,1,Promo modérée
6,2023-08-19,3459.32,1149.21,3476.4,1989.12,1977.79,12051.84,1,Promo modérée
6,2023-08-26,4160.81,1482.04,473.85,47.74,1364.49,7528.93,1,Promo modérée
6,2023-09-02,4632.31,2709.45,2035.87,1050.06,1947.22,12374.91,1,Promo modérée
6,2023-09-09,1581.88,2919.43,774.87,1210.4,1610.29,8096.87,1,Promo modérée
6,2023-09-16,4460.37,1606.57,2174.38,2288.22,1741.73,12271.269999999999,1,Promo modérée
6,2023-09-23,2748.11,2663.45,418.64,2879.27,945.21,9654.68,1,Promo modérée
6,2023-09-30,2517.85,2404.93,1766.14,1717.15,3819.45,12225.52,1,Promo modérée
6,2023-10-07,2885.1,663.44,1076.48,2810.97,198.66,7634.65,1,Promo modérée
6,2023-10-14,2461.08,2641.95,1651.64,1881.23,221.85,8857.75,1,Promo modérée
6,2023-10-21,568.81,1232.88,2591.35,2492.25,803.03,7688.32,1,Promo modérée
6,2023-10-28,4317.46,2317.57,675.33,2876.31,3461.63,13648.3,1,Promo modérée
6,2023-11-04,2548.79,1755.78,1437.36,1663.76,1635.82,9041.51,1,Promo modérée
6,2023-11-11,704.34,1874.83,2915.48,3261.69,1254.92,10011.26,1,Promo modérée
6,2023-11-18,4468.87,1589.43,2677.39,2910.51,676.4,12322.6,1,Promo modérée
6,2023-11-25,5153.07,3948.82,272.54,2116.7,324.72,11815.85,1,Promo modérée
6,2023-12-02,808.19,2717.55,2064.99,538.12,4147.77,10276.619999999999,1,Promo modérée
6,2023-12-09,1055.03,2064.88,878.89,1535.35,3519.01,9053.16,1,Promo modérée
6,2023-12-16,3273.88,685.28,1096.05,1101.94,525.62,6682.7699999999995,1,Promo modérée
6,2023-12-23,1149.28,4753.77,6048.09,737.31,9133.47,21821.92,1,Promo forte
6,2023-12-30,7628.61,262.09,7386.79,3450.92,6303.26,25031.67,1,Promo forte
6,2024-01-06,6795.0,3011.75,7868.0,3833.59,8333.91,29842.25,1,Promo forte
6,2024-01-13,4131.09,682.9,2097.75,2821.34,1590.65,11323.73,1,Promo modérée
6,2024-01-20,494.84,814.14,3420.44,1212.64,4378.7,10320.76,1,Promo modérée
6,2024-01-27,2254.93,302.26,2830.09,109.11,3915.89,9412.279999999999,1,Promo modérée
6,2024-02-03,3465.85,2404.11,1590.54,1177.09,1055.18,9692.77,1,Promo modérée
6,2024-02-10,4743.27,509.28,3862.61,52.0,2165.07,11332.23,1,Promo modérée
6,2024-02-17,2074.23,2198.17,2743.51,2916.45,1124.82,11057.18,1,Promo modérée
6,2024-02-24,1568.91,425.53,855.2,369.3,3073.81,6292.75,1,Promo modérée
6,2024-03-02,4421.23,2588.03,1773.28,2050.52,4392.35,15225.410000000002,1,Promo modérée
6,2024-03-09,2203.77,1754.27,3264.91,3458.92,1749.83,12431.699999999999,1,Promo modérée
6,2024-03-16,2474.14,2226.93,3081.65,1748.66,1373.47,10904.849999999999,1,Promo modérée
6,2024-03-23,3655.51,726.55,686.84,1854.42,1304.94,8228.26,1,Promo modérée
6,2024-03-30,1.21,380.81,3734.46,3035.74,1051.24,8203.46,1,Promo modérée
6,2024-04-06,3407.3,190.61,1584.99,3373.36,2425.41,10981.67,1,Promo modérée
6,2024-04-13,1869.69,2852.82,88.81,1063.03,4144.81,10019.16,1,Promo modérée
6,2024-04-20,515.73,2829.06,3180.29,634.38,3204.04,10363.5,1,Promo modérée
6,2024-04-27,633.28,1261.89,1923.77,1317.09,1634.35,6770.379999999999,1,Promo modérée
6,2024-05-04,4080.17,2407.68,1945.57,1044.58,2871.42,12349.42,1,Promo modérée
6,2024-05-11,473.84,20.36,611.77,241.47,4481.11,5828.549999999999,1,Promo modérée
6,2024-05-18,2600.8,1094.45,3493.57,1382.47,1507.54,10078.829999999998,1,Promo modérée
6,2024-05-25,1447.91,1731.6,263.57,669.51,1833.32,5945.91,1,Promo modérée
6,2024-06-01,635.17,175.61,1221.65,551.81,783.05,3367.29,1,Promo faible
6,2024-06-08,2532.75,1688.49,1253.47,1032.88,3300.31,9807.9,1,Promo modérée
6,2024-06-15,1749.48,1653.95,1438.17,440.31,2651.99,7933.900000000001,1,Promo modérée
6,2024-06-22,2952.13,290.75,2192.09,2459.58,3567.17,11461.720000000001,1,Promo modérée
6,2024-06-29,122.13,1235.24,1331.8,2342.94,972.61,6004.72,1,Promo modérée
6,2024-07-06,10763.57,70.42,5480.12,3178.86,8512.56,28005.53,1,Promo forte
6,2024-07-13,428.0,550.37,3033.61,76.95,3675.95,7764.879999999999,1,Promo modérée
6,2024-07-20,3480.16,1027.43,431.85,243.76,2650.21,7833.410000000001,1,Promo modérée
6,2024-07-27,1990.44,79.34,1342.23,3416.07,3931.0,10759.08,1,Promo modérée
6,2024-08-03,89.79,223.53,2041.57,3393.04,3119.44,8867.37,1,Promo modérée
6,2024-08-10,3088.47,1933.27,113.35,2899.86,3547.24,11582.19,1,Promo modérée
6,2024-08-17,1005.68,535.89,1350.99,1464.57,2288.43,6645.5599999999995,1,Promo modérée
6,2024-08-24,1978.72,896.02,3467.76,2613.6,3859.94,12816.04,1,Promo modérée
6,2024-08-31,2206.15,195.0,3301.23,440.79,4063.94,10207.11,1,Promo modérée
6,2024-09-07,8833.83,2849.91,6915.11,3560.92,9315.56,31475.329999999994,1,Promo forte
6,2024-09-14,2772.45,539.39,1871.03,3388.25,3388.44,11959.56,1,Promo modérée
6,2024-09-21,4150.16,147.82,3409.76,1919.4,887.91,10515.05,1,Promo modérée
6,2024-09-28,792.68,2438.08,530.42,816.89,2040.17,6618.24,1,Promo modérée
6,2024-10-05,3091.73,339.3,625.33,1529.62,1786.0,7371.98,1,Promo modérée
6,2024-10-12,1134.19,1726.5,1693.76,1802.25,768.05,7124.75,1,Promo modérée
6,2024-10-19,4877.64,999.73,2380.19,315.68,2727.07,11300.310000000001,1,Promo modérée
6,2024-10-26,3520.52,1769.19,1799.65,3004.31,4305.76,14399.43,1,Promo modérée
6,2024-11-02,2272.41,627.86,14.88,845.27,2293.75,6054.17,1,Promo modérée
6,2024-11-09,2260.91,400.55,191.83,2713.93,2568.07,8135.289999999999,1,Promo modérée
6,2024-11-16,1140.31,34.58,521.36,1082.44,525.95,3304.6400000000003,1,Promo faible
6,2024-11-23,6464.74,422.69,7589.42,7403.55,2442.8,24323.199999999997,1,Promo forte
6,2024-11-30,2970.64,1365.12,5755.4,3204.87,1778.63,15074.66,1,Promo modérée
6,2024-12-07,3928.33,2020.55,460.04,2431.87,1986.96,10827.75,1,Promo modérée
6,2024-12-14,4784.07,989.92,3848.74,3155.2,1216.72,13994.65,1,Promo modérée
6,2024-12-21,5721.99,1946.55,134.33,1695.0,2791.18,12289.05,1,Promo modérée
7,2022-01-01,937.21,4290.61,5752.18,7362.9,29.91,18372.81,1,Promo modérée
7,2022-01-08,3828.82,274.45,2055.5,810.54,815.48,7784.790000000001,1,Promo modérée
7,2022-01-15,929.16,2933.98,3977.15,1944.66,765.64,10550.59,1,Promo modérée
7,2022-01-22,4861.15,460.09,2933.31,1.44,2682.82,10938.81,1,Promo modérée
7,2022-01-29,3563.01,2064.09,1277.27,882.71,4301.63,12088.710000000001,1,Promo modérée
7,2022-02-05,2121.95,470.29,1705.62,1880.96,101.27,6280.09,1,Promo modérée
7,2022-02-12,4547.78,54.1,2228.19,2755.72,2436.01,12021.8,1,Promo modérée
7,2022-02-19,4390.58,1757.56,2696.77,2814.91,2966.2,14626.02,1,Promo modérée
7,2022-02-26,1940.61,287.07,3658.34,318.63,2916.94,9121.59,1,Promo modérée
7,2022-03-05,2968.53,2316.1,3312.85,596.86,4038.39,13232.73,1,Promo modérée
7,2022-03-12,4595.19,2699.73,1792.64,960.44,1769.27,11817.27,1,Promo modérée
7,2022-03-19,349.31,2032.83,691.28,1205.77,276.94,4556.13,1,Promo faible
7,2022-03-26,2317.74,1410.97,3494.3,2669.8,2308.85,12201.660000000002,1,Promo modérée
7,2022-04-02,4536.22,2220.94,2171.37,1853.76,1564.97,12347.259999999998,1,Promo modérée
7,2022-04-09,4306.16,464.05,1806.19,1428.07,3093.59,11098.06,1,Promo modérée
7,2022-04-16,4555.08,2979.49,424.37,815.69,4276.71,13051.34,1,Promo modérée
7,2022-04-23,4980.06,540.0,2010.19,2969.46,91.81,10591.519999999999,1,Promo modérée
7,2022-04-30,3433.78,2022.66,885.97,121.8,1841.62,8305.830000000002,1,Promo modérée
7,2022-05-07,3032.56,1812.78,3308.63,1487.51,1239.51,10880.99,1,Promo modérée
7,2022-05-14,455.69,2155.81,854.95,689.34,1857.41,6013.2,1,Promo modérée
7,2022-05-21,2685.85,610.61,623.01,3081.48,1951.76,8952.710000000001,1,Promo modérée
7,2022-05-28,2794.2,2121.09,709.93,882.78,3648.29,10156.29,1,Promo modérée
7,2022-06-04,300.37,976.51,574.75,2484.77,2401.76,6738.16,1,Promo modérée
7,2022-06-11,3031.08,1010.77,2341.94,1104.79,391.23,7879.8099999999995,1,Promo modérée
7,2022-06-18,1319.03,36.21,2075.75,2120.16,4332.92,9884.07,1,Promo modérée
7,2022-06-25,4141.89,968.94,949.02,919.22,2269.89,9248.960000000001,1,Promo modérée
7,2022-07-02,8865.67,1910.69,5844.31,3284.76,8802.28,28707.71,1,Promo forte
7,2022-07-09,2478.59,939.75,3014.66,770.23,1748.39,8951.619999999999,1,Promo modérée
7,2022-07-16,1779.84,852.31,704.36,2601.67,1134.31,7072.49,1,Promo modérée
7,2022-07-23,399.91,269.48,2363.01,2097.77,1884.42,7014.59,1,Promo modérée
7,2022-07-30,747.75,311.52,494.29,353.6,2743.69,4650.85,1,Promo faible
7,2022-08-06,4273.09,691.48,1310.27,734.62,2213.44,9222.9,1,Promo modérée
7,2022-08-13,821.96,2412.33,3167.84,445.13,1793.52,8640.78,1,Promo modérée
7,2022-08-20,2057.05,2843.2,505.48,3407.92,1037.87,9851.52,1,Promo modérée
7,2022-08-27,1544.3,1976.57,2265.77,1651.15,2231.19,9668.98,1,Promo modérée
7,2022-09-03,635.67,928.31,6306.36,3367.07,3995.13,15232.54,1,Promo modérée
7,2022-09-10,3818.08,774.79,1923.14,3472.06,3089.93,13078.0,1,Promo modérée
7,2022-09-17,614.56,609.21,1607.81,2960.11,1558.2,7349.89,1,Promo modérée
7,2022-09-24,2885.27,1026.8,335.49,3474.81,572.32,8294.689999999999,1,Promo modérée
7,2022-10-01,1645.03,1174.36,1048.45,1200.65,1848.15,6916.639999999999,1,Promo modérée
7,2022-10-08,2515.34,1752.67,3680.79,172.05,2580.75,10701.6,1,Promo modérée
7,2022-10-15,3662.27,2799.34,2628.79,1536.6,201.96,10828.960000000001,1,Promo modérée
7,2022-10-22,2409.19,373.04,857.09,225.72,2584.32,6449.360000000001,1,Promo modérée
7,2022-10-29,3078.12,38.27,2780.92,1463.0,2545.01,9905.32,1,Promo modérée
7,2022-11-05,3357.56,13.08,3698.6,393.76,426.98,7889.98,1,Promo modérée
7,2022-11-12,2214.57,102.53,1278.61,2836.52,3103.66,9535.89,1,Promo modérée
7,2022-11-19,1362.34,2495.36,3921.88,1728.46,43.65,9551.69,1,Promo modérée
7,2022-11-26,10376.93,2409.55,8030.74,6010.02,7478.83,34306.07,1,Promo forte
7,2022-12-03,2768.64,2959.24,2929.16,2719.31,3926.08,15302.429999999998,1,Promo modérée
7,2022-12-10,4145.91,1331.35,2283.41,1844.75,171.91,9777.33,1,Promo modérée
7,2022-12-17,2968.05,492.55,493.85,3430.18,1771.74,9156.37,1,Promo modérée
7,2022-12-24,7079.07,580.84,7863.1,2997.35,3102.36,21622.72,1,Promo forte
7,2022-12-31,3337.99,5701.98,6877.4,7167.22,2432.93,25517.52,1,Promo forte
7,2023-01-07,6213.01,2238.74,2839.62,4965.78,8429.7,24686.85,1,Promo forte
7,2023-01-14,2252.68,34.93,2227.25,2315.34,2663.61,9493.81,1,Promo modérée
7,2023-01-21,2982.37,824.94,318.58,1503.61,2494.45,8123.95,1,Promo modérée
7,2023-01-28,3774.36,1946.09,2549.78,1937.0,51.25,10258.48,1,Promo modérée
7,2023-02-04,2938.47,756.55,814.87,1191.35,2144.56,7845.799999999999,1,Promo modérée
7,2023-02-11,539.62,2795.83,3654.31,1838.76,3262.1,12090.62,1,Promo modérée
7,2023-02-18,2891.15,1494.39,2318.15,1003.31,1651.31,9358.31,1,Promo modérée
7,2023-02-25,518.87,2438.79,155.49,2306.3,1226.51,6645.96,1,Promo modérée
7,2023-03-04,1909.79,1692.9,458.13,3489.47,1915.0,9465.29,1,Promo modérée
7,2023-03-11,2271.35,2158.68,429.81,2961.42,3310.73,11131.99,1,Promo modérée
7,2023-03-18,1284.16,1368.38,120.08,1390.3,2570.94,6733.860000000001,1,Promo modérée
7,2023-03-25,203.93,945.02,2302.2,3327.08,3866.09,10644.32,1,Promo modérée
7,2023-04-01,4263.33,2324.65,1570.94,1765.33,2089.49,12013.74,1,Promo modérée
7,2023-04-08,4432.95,2255.04,1691.47,1810.03,1664.99,11854.48,1,Promo modérée
7,2023-04-15,1022.52,1013.91,1879.38,1157.78,3397.23,8470.82,1,Promo modérée
7,2023-04-22,1129.41,1836.48,1731.89,248.59,2195.44,7141.810000000001,1,Promo modérée
7,2023-04-29,431.25,2809.7,1512.79,2017.42,3564.01,10335.17,1,Promo modérée
7,2023-05-06,723.55,2433.69,890.6,2510.91,4244.84,10803.59,1,Promo modérée
7,2023-05-13,2378.28,1808.42,3943.97,3282.18,3879.69,15292.54,1,Promo modérée
7,2023-05-20,1964.75,2885.29,1663.14,2103.79,3194.12,11811.09,1,Promo modérée
7,2023-05-27,1342.79,2329.82,2208.89,2313.41,1453.05,9647.96,1,Promo modérée
7,2023-06-03,4808.2,1534.4,2935.68,1438.67,1598.09,12315.04,1,Promo modérée
7,2023-06-10,2485.77,404.36,1984.3,591.86,567.61,6033.9,1,Promo modérée
7,2023-06-17,4544.9,1913.79,3076.68,1289.97,4320.05,15145.39,1,Promo modérée
7,2023-06-24,1428.13,812.73,3421.63,111.6,342.45,6116.54,1,Promo modérée
7,2023-07-01,6194.39,38.09,3778.04,3140.71,1128.06,14279.289999999999,1,Promo modérée
7,2023-07-08,0.26,2861.76,3256.84,3163.94,70.39,9353.19,1,Promo modérée
7,2023-07-15,3693.89,2879.75,2714.19,1996.96,4255.33,15540.12,1,Promo modérée
7,2023-07-22,380.42,1503.36,2747.81,2771.67,2623.58,10026.84,1,Promo modérée
7,2023-07-29,117.3,988.25,2147.47,3187.78,3809.49,10250.289999999999,1,Promo modérée
7,2023-08-05,1331.89,2698.36,3709.47,1409.14,4006.36,13155.22,1,Promo modérée
7,2023-08-12,4639.67,1362.29,2937.95,1285.11,84.96,10309.98,1,Promo modérée
7,2023-08-19,3477.44,2095.91,2815.74,1723.83,4116.99,14229.91,1,Promo modérée
7,2023-08-26,211.67,1900.61,994.14,1064.54,3468.67,7639.629999999999,1,Promo modérée
7,2023-09-02,1426.77,2994.77,4460.99,5292.9,6269.51,20444.94,1,Promo forte
7,2023-09-09,730.08,867.53,1239.06,1826.6,2986.67,7649.9400000000005,1,Promo modérée
7,2023-09-16,2705.94,71.15,319.16,1462.89,4243.11,8802.25,1,Promo modérée
7,2023-09-23,3054.73,2460.88,1616.44,775.25,2304.11,10211.410000000002,1,Promo modérée
7,2023-09-30,4511.23,2627.15,3205.67,3302.0,443.23,14089.279999999999,1,Promo modérée
7,2023-10-07,3740.17,416.88,1009.66,2561.22,741.3,8469.23,1,Promo modérée
7,2023-10-14,1839.24,1665.79,399.73,2817.56,1664.5,8386.82,1,Promo modérée
7,2023-10-21,3081.12,1286.18,729.34,3298.05,3397.81,11792.5,1,Promo modérée
7,2023-10-28,3828.92,1323.6,2865.91,1352.73,950.68,10321.84,1,Promo modérée
7,2023-11-04,3370.01,1624.52,3373.71,2666.1,262.34,11296.680000000002,1,Promo modérée
7,2023-11-11,4281.43,337.15,1390.95,3067.47,907.45,9984.45,1,Promo modérée
7,2023-11-18,4271.73,2060.3,2080.33,2905.88,1886.62,13204.86,1,Promo modérée
7,2023-11-25,8861.39,5222.93,5116.03,6012.05,1898.56,27110.96,1,Promo forte
7,2023-12-02,3476.59,1228.34,3505.26,1042.93,53.42,9306.54,1,Promo modérée
7,2023-12-09,4382.99,2737.46,1063.9,1617.49,2471.15,12272.99,1,Promo modérée
7,2023-12-16,1890.16,24.32,37.01,1611.98,2197.51,5760.9800000000005,1,Promo modérée
7,2023-12-23,3310.11,1103.09,3583.13,1788.5,5294.53,15079.36,1,Promo modérée
7,2023-12-30,8293.31,728.6,4116.66,545.71,5922.01,19606.29,1,Promo modérée
7,2024-01-06,6039.92,3847.79,3534.55,7307.91,7694.14,28424.309999999998,1,Promo forte
7,2024-01-13,4114.44,566.61,2804.56,1017.25,1338.72,9841.579999999998,1,Promo modérée
7,2024-01-20,3576.18,513.55,417.93,831.31,1709.55,7048.5199999999995,1,Promo modérée
7,2024-01-27,1615.97,956.09,1794.17,2191.86,658.68,7216.77,1,Promo modérée
7,2024-02-03,4356.36,1989.44,1366.85,2392.95,88.57,10194.169999999998,1,Promo modérée
7,2024-02-10,4628.94,2727.8,2048.68,1260.5,2092.66,12758.58,1,Promo modérée
7,2024-02-17,4075.9,2936.57,3521.01,979.78,476.8,11990.06,1,Promo modérée
7,2024-02-24,4496.25,1871.26,22.53,652.11,448.77,7490.92,1,Promo modérée
7,2024-03-02,895.9,1941.21,1857.09,1733.61,1924.61,8352.42,1,Promo modérée
7,2024-03-09,2784.22,2787.06,1511.87,1622.87,398.35,9104.37,1,Promo modérée
7,2024-03-16,2661.55,227.61,2792.86,2183.2,850.58,8715.800000000001,1,Promo modérée
7,2024-03-23,1611.69,1831.18,3756.43,2351.11,336.36,9886.77,1,Promo modérée
7,2024-03-30,4745.35,234.82,3733.65,1270.96,3801.19,13785.97,1,Promo modérée
7,2024-04-06,168.95,1779.47,746.93,1210.82,1565.86,5472.03,1,Promo modérée
7,2024-04-13,167.19,1410.75,3817.79,404.86,4258.19,10058.779999999999,1,Promo modérée
7,2024-04-20,534.6,1514.26,2788.36,2053.87,3747.51,10638.6,1,Promo modérée
7,2024-04-27,1701.37,1862.5,3563.98,1736.62,3711.25,12575.720000000001,1,Promo modérée
7,2024-05-04,1900.75,1011.71,2871.75,2599.88,228.84,8612.93,1,Promo modérée
7,2024-05-11,669.71,2831.37,3216.81,632.29,1829.56,9179.74,1,Promo modérée
7,2024-05-18,3694.96,1190.66,1051.7,1314.25,2239.9,9491.47,1,Promo modérée
7,2024-05-25,3862.49,512.83,175.62,2287.95,3482.71,10321.599999999999,1,Promo modérée
7,2024-06-01,3498.57,738.81,3613.63,365.3,4422.1,12638.41,1,Promo modérée
7,2024-06-08,952.28,1326.47,286.01,1363.8,3337.21,7265.77,1,Promo modérée
7,2024-06-15,237.92,1156.41,632.96,2433.74,475.76,4936.79,1,Promo faible
7,2024-06-22,92.62,1313.33,86.51,1692.58,2254.71,5439.75,1,Promo modérée
7,2024-06-29,3911.98,1592.25,2359.34,702.16,1292.99,9858.72,1,Promo modérée
7,2024-07-06,6189.58,6236.65,1721.02,4940.9,8090.87,27179.02,1,Promo forte
7,2024-07-13,1527.22,2233.81,190.07,767.53,3178.05,7896.68,1,Promo modérée
7,2024-07-20,799.57,1194.45,2319.87,3318.19,309.38,7941.46,1,Promo modérée
7,2024-07-27,1565.13,2459.6,2215.77,1577.04,1284.86,9102.4,1,Promo modérée
7,2024-08-03,2193.28,1180.06,3386.2,1494.17,2484.08,10737.789999999999,1,Promo modérée
7,2024-08-10,3903.66,645.01,2862.54,2800.19,1557.48,11768.88,1,Promo modérée
7,2024-08-17,2774.55,564.12,3438.66,902.14,1018.93,8698.4,1,Promo modérée
7,2024-08-24,848.53,2155.38,3080.36,1618.15,3213.39,10915.81,1,Promo modérée
7,2024-08-31,1022.42,558.5,502.64,484.32,3366.73,5934.610000000001,1,Promo modérée
7,2024-09-07,7550.03,121.15,2743.64,4911.23,92.52,15418.57,1,Promo modérée
7,2024-09-14,3439.81,2377.37,1227.18,126.13,4197.51,11368.0,1,Promo modérée
7,2024-09-21,1108.24,808.47,970.86,3470.86,888.32,7246.75,1,Promo modérée
7,2024-09-28,4737.39,2653.72,858.23,2219.19,3424.01,13892.54,1,Promo modérée
7,2024-10-05,878.13,1264.13,3175.34,1626.97,2418.85,9363.42,1,Promo modérée
7,2024-10-12,1963.93,2086.92,3751.55,1898.26,3457.8,13158.46,1,Promo modérée
7,2024-10-19,1264.27,1552.2,59.84,925.91,2313.14,6115.360000000001,1,Promo modérée
7,2024-10-26,4651.76,2354.65,800.04,457.95,3041.15,11305.55,1,Promo modérée
7,2024-11-02,4931.91,1600.77,452.42,2898.96,1133.34,11017.400000000001,1,Promo modérée
7,2024-11-09,2301.93,1093.23,1412.02,2227.3,3380.73,10415.210000000001,1,Promo modérée
7,2024-11-16,2378.52,1609.87,3084.54,2314.43,1842.05,11229.41,1,Promo modérée
7,2024-11-23,164.45,5874.12,2155.59,5618.69,8029.05,21841.899999999998,1,Promo forte
7,2024-11-30,1269.4,2684.94,7462.15,2830.97,5851.84,20099.3,1,Promo forte
7,2024-12-07,2869.81,2589.09,1925.53,274.85,2522.43,10181.71,1,Promo modérée
7,2024-12-14,4666.38,2418.05,2771.89,17.59,1925.21,11799.119999999999,1,Promo modérée
7,2024-12-21,5685.2,1738.2,1846.81,4613.06,880.4,14763.67,1,Promo modérée
8,2022-01-01,4651.64,3733.96,3215.97,7208.33,543.56,19353.460000000003,1,Promo modérée
8,2022-01-08,1479.63,2151.14,337.08,2841.52,3235.08,10044.45,1,Promo modérée
8,2022-01-15,4154.61,124.79,92.44,1305.52,669.55,6346.909999999999,1,Promo modérée
8,2022-01-22,1.2,505.54,121.69,1148.52,4086.85,5863.8,1,Promo modérée
8,2022-01-29,612.6,636.08,118.17,1518.77,1250.25,4135.87,1,Promo faible
8,2022-02-05,459.25,1335.06,3998.02,2923.3,4020.57,12736.2,1,Promo modérée
8,2022-02-12,1517.55,325.82,1891.17,2369.95,3935.27,10039.76,1,Promo modérée
8,2022-02-19,3306.69,868.06,1014.0,1158.1,1214.08,7560.93,1,Promo modérée
8,2022-02-26,1935.65,753.92,664.8,1223.16,3338.13,7915.66,1,Promo modérée
8,2022-03-05,2853.45,1452.8,2199.92,1721.27,2544.55,10771.990000000002,1,Promo modérée
8,2022-03-12,333.14,2928.24,3827.97,211.53,1994.64,9295.519999999999,1,Promo modérée
8,2022-03-19,3171.26,1061.72,2413.3,1092.0,4094.21,11832.490000000002,1,Promo modérée
8,2022-03-26,167.09,2447.46,1801.53,1137.97,2120.0,7674.05,1,Promo modérée
8,2022-04-02,4733.54,1192.46,868.56,1307.74,1498.1,9600.4,1,Promo modérée
8,2022-04-09,160.55,1931.6,3051.8,2658.2,3987.33,11789.48,1,Promo modérée
8,2022-04-16,70.4,20.87,960.51,352.83,1170.95,2575.56,1,Promo faible
8,2022-04-23,3680.41,456.44,3648.92,3124.79,2942.56,13853.119999999999,1,Promo modérée
8,2022-04-30,4475.53,1977.73,1379.15,3127.77,1311.83,12272.01,1,Promo modérée
8,2022-05-07,1124.48,1674.4,3056.37,2167.73,1044.6,9067.58,1,Promo modérée
8,2022-05-14,2301.03,2711.3,1639.39,1837.27,2147.08,10636.07,1,Promo modérée
8,2022-05-21,1290.79,113.24,2332.78,804.86,666.6,5208.27,1,Promo modérée
8,2022-05-28,4470.27,2809.03,3229.48,2224.58,1366.74,14100.1,1,Promo modérée
8,2022-06-04,284.2,2935.48,2353.73,1949.33,2951.08,10473.82,1,Promo modérée
8,2022-06-11,2083.75,2271.89,908.01,774.47,726.38,6764.5,1,Promo modérée
8,2022-06-18,2945.59,2162.45,964.83,588.49,4374.43,11035.79,1,Promo modérée
8,2022-06-25,1113.02,783.6,2047.61,1118.66,754.3,5817.19,1,Promo modérée
8,2022-07-02,1036.67,1133.18,902.3,4716.96,932.68,8721.79,1,Promo modérée
8,2022-07-09,3592.66,218.9,3284.5,1725.62,3810.52,12632.2,1,Promo modérée
8,2022-07-16,3119.73,1380.96,157.81,50.65,536.53,5245.68,1,Promo modérée
8,2022-07-23,2346.51,2773.87,1590.37,2187.23,3509.18,12407.16,1,Promo modérée
8,2022-07-30,4443.47,720.68,1120.87,185.92,3580.12,10051.060000000001,1,Promo modérée
8,2022-08-06,4169.58,1660.59,2464.44,1660.14,1762.5,11717.25,1,Promo modérée
8,2022-08-13,2490.75,1372.9,2075.56,489.72,2309.14,8738.07,1,Promo modérée
8,2022-08-20,2137.21,1879.93,2910.37,2377.61,2117.25,11422.37,1,Promo modérée
8,2022-08-27,4245.66,2624.11,682.24,476.82,2836.8,10865.630000000001,1,Promo modérée
8,2022-09-03,10222.09,4735.07,6711.35,1551.25,2318.52,25538.280000000002,1,Promo forte
8,2022-09-10,798.15,615.55,3154.21,585.19,128.06,5281.160000000001,1,Promo modérée
8,2022-09-17,2851.94,2719.06,3136.25,2178.81,1417.75,12303.81,1,Promo modérée
8,2022-09-24,4825.16,781.19,73.83,1909.63,3180.56,10770.37,1,Promo modérée
8,2022-10-01,1653.0,2581.53,1895.04,2798.53,2612.79,11540.89,1,Promo modérée
8,2022-10-08,2730.49,642.02,1902.11,1113.61,1200.17,7588.4,1,Promo modérée
8,2022-10-15,99.51,2097.08,1011.65,141.71,1813.0,5162.950000000001,1,Promo modérée
8,2022-10-22,4366.92,252.01,2726.1,2380.38,3010.86,12736.27,1,Promo modérée
8,2022-10-29,1989.77,930.44,1805.35,1344.68,1945.5,8015.74,1,Promo modérée
8,2022-11-05,3118.71,2490.55,1441.85,1506.48,1842.83,10400.42,1,Promo modérée
8,2022-11-12,540.62,1283.61,394.63,2166.83,646.61,5032.3,1,Promo modérée
8,2022-11-19,2420.19,2934.81,3496.42,1256.75,204.69,10312.86,1,Promo modérée
8,2022-11-26,10977.07,1706.66,6373.0,6991.87,2333.3,28381.899999999998,1,Promo forte
8,2022-12-03,4767.18,160.63,2837.09,1862.39,2150.45,11777.740000000002,1,Promo modérée
8,2022-12-10,1266.23,2866.86,114.52,699.05,1090.4,6037.060000000001,1,Promo modérée
8,2022-12-17,3560.32,1739.89,356.01,2428.97,748.86,8834.050000000001,1,Promo modérée
8,2022-12-24,9446.95,835.19,4977.67,1093.87,6977.48,23331.16,1,Promo forte
8,2022-12-31,5730.91,3218.15,5089.3,5307.07,1058.15,20403.58,1,Promo forte
8,2023-01-07,4146.45,662.43,5577.26,6777.01,8788.76,25951.910000000003,1,Promo forte
8,2023-01-14,4092.71,1098.76,2406.19,2122.11,1642.61,11362.380000000001,1,Promo modérée
8,2023-01-21,2467.5,535.19,2052.28,2849.06,3495.87,11399.900000000001,1,Promo modérée
8,2023-01-28,4467.22,582.46,521.82,3414.62,3907.46,12893.579999999998,1,Promo modérée
8,2023-02-04,2726.81,153.62,2982.01,1768.66,2914.69,10545.79,1,Promo modérée
8,2023-02-11,794.26,587.0,3891.91,535.9,1211.72,7020.79,1,Promo modérée
8,2023-02-18,3926.01,711.95,1154.67,3282.96,3715.52,12791.11,1,Promo modérée
8,2023-02-25,937.06,1344.68,2404.1,1145.82,3514.25,9345.91,1,Promo modérée
8,2023-03-04,4188.65,458.25,331.71,2246.21,2123.72,9348.539999999999,1,Promo modérée
8,2023-03-11,2279.73,1033.28,2774.97,2658.47,3838.43,12584.88,1,Promo modérée
8,2023-03-18,3385.41,1427.95,3975.09,2551.16,4286.21,15625.82,1,Promo modérée
8,2023-03-25,1258.94,1110.96,80.94,1833.98,2272.76,6557.58,1,Promo modérée
8,2023-04-01,1844.41,1271.87,1442.13,2794.74,2358.17,9711.32,1,Promo modérée
8,2023-04-08,3569.57,1306.31,1178.6,175.07,2192.62,8422.169999999998,1,Promo modérée
8,2023-04-15,1223.95,148.34,3395.01,34.86,4217.01,9019.17,1,Promo modérée
8,2023-04-22,1177.36,413.18,2448.66,582.91,2378.83,7000.94,1,Promo modérée
8,2023-04-29,131.74,2217.37,1272.04,2787.05,1942.8,8351.0,1,Promo modérée
8,2023-05-06,607.94,1668.17,1307.91,1548.72,2911.26,8044.000000000001,1,Promo modérée
8,2023-05-13,3529.68,1602.57,2715.61,3057.46,1945.22,12850.539999999999,1,Promo modérée
8,2023-05-20,4460.56,92.35,2993.59,2655.78,4289.0,14491.28,1,Promo modérée
8,2023-05-27,451.59,1687.96,1916.16,365.94,2756.2,7177.849999999999,1,Promo modérée
8,2023-06-03,4765.36,2596.29,1186.01,557.49,1959.25,11064.4,1,Promo modérée
8,2023-06-10,2549.45,314.47,3433.17,1084.18,4370.84,11752.11,1,Promo modérée
8,2023-06-17,232.9,2115.34,3401.19,1519.25,4178.35,11447.03,1,Promo modérée
8,2023-06-24,1771.33,2717.86,3603.85,3417.69,4058.27,15569.000000000002,1,Promo modérée
8,2023-07-01,5195.09,3655.32,4662.02,2477.38,742.72,16732.530000000002,1,Promo modérée
8,2023-07-08,3129.23,1227.43,1016.08,3009.05,3150.85,11532.640000000001,1,Promo modérée
8,2023-07-15,968.5,625.15,2645.22,3189.4,1816.9,9245.17,1,Promo modérée
8,2023-07-22,4343.79,1609.66,3007.5,490.23,1567.24,11018.42,1,Promo modérée
8,2023-07-29,672.63,518.37,1430.56,1017.6,2766.47,6405.629999999999,1,Promo modérée
8,2023-08-05,2626.01,624.98,2098.75,1942.79,3341.06,10633.59,1,Promo modérée
8,2023-08-12,2219.72,2265.28,3003.25,929.4,2573.41,10991.06,1,Promo modérée
8,2023-08-19,370.8,2674.36,3390.72,3474.06,3057.27,12967.210000000001,1,Promo modérée
8,2023-08-26,1911.82,2803.67,1728.47,1885.87,2007.51,10337.34,1,Promo modérée
8,2023-09-02,4888.33,3887.03,1224.85,26.09,2428.37,12454.670000000002,1,Promo modérée
8,2023-09-09,1022.97,544.52,55.93,2701.32,3937.66,8262.4,1,Promo modérée
8,2023-09-16,4771.73,742.05,2926.58,1538.07,1340.31,11318.74,1,Promo modérée
8,2023-09-23,3627.06,205.05,3820.39,675.55,3972.34,12300.39,1,Promo modérée
8,2023-09-30,1853.55,553.1,1772.3,580.12,4419.2,9178.27,1,Promo modérée
8,2023-10-07,3310.93,348.54,2220.07,1005.24,4230.79,11115.57,1,Promo modérée
8,2023-10-14,977.11,33.46,969.3,2375.72,1039.9,5395.49,1,Promo modérée
8,2023-10-21,1862.34,1367.21,708.17,2219.0,1638.69,7795.41,1,Promo modérée
8,2023-10-28,1049.66,2328.46,1945.64,786.63,878.29,6988.68,1,Promo modérée
8,2023-11-04,2257.73,1738.83,3508.62,3037.12,2029.84,12572.14,1,Promo modérée
8,2023-11-11,3256.68,462.23,2586.14,639.28,3377.36,10321.689999999999,1,Promo modérée
8,2023-11-18,3525.17,680.61,3181.15,2207.73,2644.03,12238.69,1,Promo modérée
8,2023-11-25,7681.45,2862.4,1780.0,1647.29,57.46,14028.599999999999,1,Promo modérée
8,2023-12-02,4795.22,1507.21,3667.91,2473.68,3250.95,15694.970000000001,1,Promo modérée
8,2023-12-09,1722.19,2359.96,1355.74,2867.67,588.14,8893.7,1,Promo modérée
8,2023-12-16,3818.24,290.85,1404.87,2930.34,300.59,8744.89,1,Promo modérée
8,2023-12-23,4096.41,5124.18,5244.16,4961.62,7499.35,26925.72,1,Promo forte
8,2023-12-30,9787.09,4622.02,1774.96,3309.04,4891.02,24384.13,1,Promo forte
8,2024-01-06,5568.54,169.17,8137.78,6559.14,5190.15,25624.78,1,Promo forte
8,2024-01-13,2533.46,2899.23,2299.81,3114.76,2928.95,13776.21,1,Promo modérée
8,2024-01-20,1457.88,386.44,3421.26,2055.95,4000.92,11322.45,1,Promo modérée
8,2024-01-27,3129.29,2380.77,1122.36,1948.79,3189.28,11770.49,1,Promo modérée
8,2024-02-03,1697.64,324.44,2026.0,300.34,4362.87,8711.29,1,Promo modérée
8,2024-02-10,329.21,1866.5,2340.88,983.09,4096.0,9615.68,1,Promo modérée
8,2024-02-17,4660.81,1123.61,323.12,1355.52,2700.91,10163.97,1,Promo modérée
8,2024-02-24,4096.15,239.68,3421.94,321.64,3755.04,11834.45,1,Promo modérée
8,2024-03-02,1079.69,383.56,1249.62,1800.34,2649.42,7162.63,1,Promo modérée
8,2024-03-09,2369.04,1243.56,3368.66,805.0,25.74,7812.0,1,Promo modérée
8,2024-03-16,383.64,319.17,1980.69,2132.28,1237.09,6052.870000000001,1,Promo modérée
8,2024-03-23,3750.75,644.26,3337.89,1471.02,2596.85,11800.77,1,Promo modérée
8,2024-03-30,3875.73,1299.24,768.17,3165.49,891.47,10000.1,1,Promo modérée
8,2024-04-06,1555.21,960.03,1357.98,2380.55,261.6,6515.370000000001,1,Promo modérée
8,2024-04-13,3857.73,670.24,323.39,3062.27,3864.38,11778.010000000002,1,Promo modérée
8,2024-04-20,1575.28,1571.02,1941.49,1238.67,4011.55,10338.01,1,Promo modérée
8,2024-04-27,973.1,1172.15,3786.26,863.16,3007.62,9802.29,1,Promo modérée
8,2024-05-04,2289.62,1708.01,2770.45,2072.67,3954.14,12794.89,1,Promo modérée
8,2024-05-11,215.07,2610.17,2713.57,2311.86,2765.89,10616.56,1,Promo modérée
8,2024-05-18,4633.54,2095.97,1028.71,1974.3,2398.64,12131.16,1,Promo modérée
8,2024-05-25,4743.28,1924.47,3507.68,2366.2,1606.43,14148.060000000001,1,Promo modérée
8,2024-06-01,4374.89,2772.23,2681.66,3259.43,1790.45,14878.660000000002,1,Promo modérée
8,2024-06-08,2422.36,1380.98,2265.87,522.85,2111.25,8703.310000000001,1,Promo modérée
8,2024-06-15,2078.56,2184.95,3195.09,3308.16,2738.27,13505.03,1,Promo modérée
8,2024-06-22,3478.2,2772.95,2849.58,1289.31,3208.63,13598.669999999998,1,Promo modérée
8,2024-06-29,115.43,400.14,2618.49,2808.01,4446.92,10388.99,1,Promo modérée
8,2024-07-06,7894.1,4982.86,782.98,6631.62,8049.74,28341.299999999996,1,Promo forte
8,2024-07-13,2546.44,1597.04,1070.67,3190.59,1657.18,10061.92,1,Promo modérée
8,2024-07-20,1369.21,393.97,3276.66,3486.51,1482.94,10009.29,1,Promo modérée
8,2024-07-27,4524.65,1680.01,1801.56,2263.35,4287.62,14557.189999999999,1,Promo modérée
8,2024-08-03,1572.59,2100.56,3305.08,2559.71,4452.0,13989.939999999999,1,Promo modérée
8,2024-08-10,3670.62,312.23,3157.33,1863.16,1315.31,10318.65,1,Promo modérée
8,2024-08-17,2168.11,1708.54,3506.42,3248.76,2379.62,13011.45,1,Promo modérée
8,2024-08-24,1855.32,1902.68,72.63,2528.61,3759.91,10119.15,1,Promo modérée
8,2024-08-31,1440.75,971.93,2715.51,1971.19,730.03,7829.410000000001,1,Promo modérée
8,2024-09-07,8437.14,6217.03,1902.46,5940.43,200.15,22697.21,1,Promo forte
8,2024-09-14,4271.34,66.91,2438.02,1287.41,1870.47,9934.15,1,Promo modérée
8,2024-09-21,3313.61,2016.32,1008.78,1136.63,3756.59,11231.93,1,Promo modérée
8,2024-09-28,1043.73,1457.46,343.89,2951.66,3231.03,9027.77,1,Promo modérée
8,2024-10-05,3001.09,2930.91,2568.52,107.75,3257.11,11865.380000000001,1,Promo modérée
8,2024-10-12,4950.96,271.99,2668.98,991.89,2880.41,11764.23,1,Promo modérée
8,2024-10-19,641.15,795.54,3340.98,1144.82,2196.27,8118.76,1,Promo modérée
8,2024-10-26,3776.69,2704.96,3661.89,2718.24,1027.49,13889.269999999999,1,Promo modérée
8,2024-11-02,3305.65,131.91,3346.38,870.6,1945.02,9599.560000000001,1,Promo modérée
8,2024-11-09,2007.22,2294.54,3660.71,1447.24,1906.14,11315.85,1,Promo modérée
8,2024-11-16,3979.87,1829.08,442.35,2197.06,840.36,9288.720000000001,1,Promo modérée
8,2024-11-23,3073.87,1524.38,7693.42,1316.78,4216.1,17824.550000000003,1,Promo modérée
8,2024-11-30,3972.1,5624.61,4873.21,5527.58,8880.68,28878.18,1,Promo forte
8,2024-12-07,1884.18,2687.4,1098.55,955.79,1361.8,7987.72,1,Promo modérée
8,2024-12-14,3371.0,613.4,3730.73,925.73,674.52,9315.380000000001,1,Promo modérée
8,2024-12-21,3300.34,1858.91,5317.31,6288.94,7537.36,24302.86,1,Promo forte
9,2022-01-01,9676.93,1318.21,8336.1,2635.77,4359.48,26326.489999999998,1,Promo forte
9,2022-01-08,3653.53,127.0,44.8,1603.23,593.26,6021.820000000001,1,Promo modérée
9,2022-01-15,2742.42,348.16,92.43,178.96,4294.16,7656.129999999999,1,Promo modérée
9,2022-01-22,2544.38,1394.61,3806.32,3306.92,3508.24,14560.47,1,Promo modérée
9,2022-01-29,3014.54,1737.22,927.6,163.44,4253.35,10096.150000000001,1,Promo modérée
9,2022-02-05,138.16,2501.97,561.14,3102.97,3283.98,9588.22,1,Promo modérée
9,2022-02-12,4295.91,1210.57,1594.17,594.6,1723.8,9419.05,1,Promo modérée
9,2022-02-19,724.49,531.93,3450.7,1374.66,19.68,6101.46,1,Promo modérée
9,2022-02-26,552.71,2766.28,3004.59,2064.23,3461.34,11849.15,1,Promo modérée
9,2022-03-05,3645.07,1259.02,3925.51,1223.2,4147.77,14200.570000000002,1,Promo modérée
9,2022-03-12,4587.62,1350.37,2977.21,1634.39,1025.1,11574.69,1,Promo modérée
9,2022-03-19,3443.15,846.98,1925.74,155.38,3678.9,10050.15,1,Promo modérée
9,2022-03-26,3262.63,1836.24,3151.46,888.59,3436.34,12575.26,1,Promo modérée
9,2022-04-02,2262.82,2643.59,1684.77,2938.48,2656.14,12185.8,1,Promo modérée
9,2022-04-09,598.15,1250.13,291.05,345.69,1871.62,4356.64,1,Promo faible
9,2022-04-16,2651.24,2112.26,1040.46,3296.67,2385.4,11486.03,1,Promo modérée
9,2022-04-23,38.8,1425.88,771.21,2195.81,4407.39,8839.09,1,Promo modérée
9,2022-04-30,4652.12,2669.9,3143.2,1036.9,2452.54,13954.66,1,Promo modérée
9,2022-05-07,4480.14,1243.86,70.82,3016.21,784.25,9595.279999999999,1,Promo modérée
9,2022-05-14,503.47,1271.08,1228.6,3167.81,3912.03,10082.99,1,Promo modérée
9,2022-05-21,3360.42,96.36,533.6,2402.3,955.67,7348.35,1,Promo modérée
9,2022-05-28,2165.38,2108.9,730.65,2134.54,3267.48,10406.95,1,Promo modérée
9,2022-06-04,2788.21,1730.28,662.14,1409.56,1545.44,8135.630000000001,1,Promo modérée
9,2022-06-11,1468.38,1247.11,3147.83,1911.09,2461.63,10236.04,1,Promo modérée
9,2022-06-18,1541.78,2653.49,2704.93,1193.21,2445.9,10539.31,1,Promo modérée
9,2022-06-25,1676.12,126.13,2392.95,2991.87,1717.08,8904.15,1,Promo modérée
9,2022-07-02,7802.56,5640.13,6035.52,137.66,2140.71,21756.579999999998,1,Promo forte
9,2022-07-09,4191.69,1666.53,2759.88,3399.91,376.56,12394.569999999998,1,Promo modérée
9,2022-07-16,4531.27,1519.12,2376.42,2478.52,3747.41,14652.740000000002,1,Promo modérée
9,2022-07-23,2119.5,1527.63,3780.2,1918.71,4289.3,13635.34,1,Promo modérée
9,2022-07-30,3034.61,1694.44,3443.72,2875.76,550.3,11598.83,1,Promo modérée
9,2022-08-06,2160.12,2425.09,1053.61,13.75,2229.57,7882.139999999999,1,Promo modérée
9,2022-08-13,435.17,859.98,3125.96,530.56,2912.22,7863.889999999999,1,Promo modérée
9,2022-08-20,1253.66,2683.62,2860.42,2238.44,2986.95,12023.09,1,Promo modérée
9,2022-08-27,2364.02,2699.28,1344.64,1030.13,3927.58,11365.650000000001,1,Promo modérée
9,2022-09-03,7218.51,2541.27,7360.96,7314.65,7975.81,32411.2,1,Promo forte
9,2022-09-10,166.97,1157.15,3614.24,836.45,929.31,6704.119999999999,1,Promo modérée
9,2022-09-17,187.44,2753.41,558.57,1931.23,1233.24,6663.889999999999,1,Promo modérée
9,2022-09-24,3802.79,1456.7,1371.57,1464.29,4180.26,12275.61,1,Promo modérée
9,2022-10-01,1905.55,1841.14,2494.5,1685.95,1802.96,9730.1,1,Promo modérée
9,2022-10-08,1347.81,300.51,1409.72,1410.4,74.42,4542.860000000001,1,Promo faible
9,2022-10-15,874.98,2669.08,2434.75,3325.99,4494.38,13799.18,1,Promo modérée
9,2022-10-22,3148.21,2385.42,3126.98,1243.69,2584.22,12488.52,1,Promo modérée
9,2022-10-29,722.38,698.92,3621.96,129.13,989.1,6161.490000000001,1,Promo modérée
9,2022-11-05,821.21,710.39,2010.12,949.12,4264.21,8755.05,1,Promo modérée
9,2022-11-12,3267.44,838.78,2282.97,2702.53,4176.04,13267.760000000002,1,Promo modérée
9,2022-11-19,4506.93,269.63,527.72,1734.28,479.79,7518.35,1,Promo modérée
9,2022-11-26,10964.07,2476.59,5271.31,6593.26,1162.87,26468.100000000002,1,Promo forte
9,2022-12-03,379.8,2086.22,1010.97,1089.92,544.87,5111.78,1,Promo modérée
9,2022-12-10,2052.47,577.59,2980.53,444.7,467.43,6522.72,1,Promo modérée
9,2022-12-17,2246.76,2125.74,2493.73,2255.39,3213.24,12334.859999999999,1,Promo modérée
9,2022-12-24,10834.32,5372.74,1448.96,43.08,423.55,18122.65,1,Promo modérée
9,2022-12-31,8104.25,1423.02,3513.83,3910.79,8021.04,24972.93,1,Promo forte
9,2023-01-07,1229.8,3730.91,2188.49,3324.22,6277.1,16750.52,1,Promo modérée
9,2023-01-14,41.75,331.07,957.95,774.28,4440.58,6545.63,1,Promo modérée
9,2023-01-21,3390.3,888.25,2246.46,2502.0,3276.47,12303.48,1,Promo modérée
9,2023-01-28,2149.28,1924.71,3272.85,19.78,4463.99,11830.61,1,Promo modérée
9,2023-02-04,2383.98,397.75,1580.31,619.97,1636.32,6618.33,1,Promo modérée
9,2023-02-11,3629.84,155.24,120.77,368.67,4344.69,8619.21,1,Promo modérée
9,2023-02-18,2577.73,1709.11,886.37,2648.18,1392.99,9214.38,1,Promo modérée
9,2023-02-25,4089.57,871.44,1358.86,3275.84,741.33,10337.039999999999,1,Promo modérée
9,2023-03-04,4597.65,1599.6,400.26,2060.41,3502.78,12160.7,1,Promo modérée
9,2023-03-11,4433.67,2011.99,3928.16,220.62,4063.5,14657.94,1,Promo modérée
9,2023-03-18,4446.52,2642.25,3030.63,1972.15,540.01,12631.560000000001,1,Promo modérée
9,2023-03-25,4553.06,44.49,3236.41,3284.62,3551.85,14670.43,1,Promo modérée
9,2023-04-01,3148.36,2960.74,1592.17,1161.67,2809.91,11672.85,1,Promo modérée
9,2023-04-08,3174.57,2568.9,1962.44,758.4,763.76,9228.07,1,Promo modérée
9,2023-04-15,1489.38,1681.14,1591.83,2361.36,250.37,7374.080000000001,1,Promo modérée
9,2023-04-22,335.14,2687.16,2767.27,425.66,292.71,6507.94,1,Promo modérée
9,2023-04-29,3781.66,2339.89,1911.51,1504.59,49.63,9587.279999999999,1,Promo modérée
9,2023-05-06,4574.66,2967.55,3496.23,3492.25,1101.09,15631.78,1,Promo modérée
9,2023-05-13,4897.1,888.07,3483.57,14.45,94.61,9377.800000000001,1,Promo modérée
9,2023-05-20,387.43,487.88,1552.2,649.61,3565.0,6642.120000000001,1,Promo modérée
9,2023-05-27,644.69,718.83,3438.11,3236.14,3718.16,11755.93,1,Promo modérée
9,2023-06-03,4966.86,394.71,197.17,2430.25,3745.02,11734.01,1,Promo modérée
9,2023-06-10,4569.07,2903.44,3388.63,1084.15,882.97,12828.259999999998,1,Promo modérée
9,2023-06-17,1288.7,2255.4,379.95,1122.68,1742.2,6788.93,1,Promo modérée
9,2023-06-24,4585.11,1403.61,1100.16,496.4,16.85,7602.129999999999,1,Promo modérée
9,2023-07-01,3032.54,1156.48,6817.55,7290.29,994.36,19291.22,1,Promo modérée
9,2023-07-08,23.22,2621.01,1229.3,3285.06,1426.25,8584.84,1,Promo modérée
9,2023-07-15,2643.43,2783.91,1715.01,3044.34,2020.3,12206.99,1,Promo modérée
9,2023-07-22,4238.06,632.04,2497.16,254.39,3765.2,11386.85,1,Promo modérée
9,2023-07-29,4274.58,2922.73,1757.97,211.56,3371.02,12537.859999999999,1,Promo modérée
9,2023-08-05,1693.4,2271.04,2175.57,3068.97,2445.95,11654.93,1,Promo modérée
9,2023-08-12,3117.54,1073.15,3377.62,1586.55,3268.99,12423.85,1,Promo modérée
9,2023-08-19,799.7,833.29,1319.26,2276.28,3406.48,8635.01,1,Promo modérée
9,2023-08-26,619.4,1693.33,3809.21,2775.48,2604.15,11501.57,1,Promo modérée
9,2023-09-02,10749.66,5698.72,2842.78,3571.11,4109.27,26971.54,1,Promo forte
9,2023-09-09,946.78,1643.61,95.85,2674.77,2614.11,7975.120000000001,1,Promo modérée
9,2023-09-16,1444.57,1882.32,2264.74,2142.52,2471.63,10205.779999999999,1,Promo modérée
9,2023-09-23,3082.4,559.53,708.84,3055.62,3342.29,10748.68,1,Promo modérée
9,2023-09-30,3986.2,905.34,3390.26,2656.26,1336.86,12274.92,1,Promo modérée
9,2023-10-07,1337.56,2460.18,3982.43,268.17,2128.66,10177.0,1,Promo modérée
9,2023-10-14,2269.27,1784.91,3895.76,1146.42,4154.15,13250.51,1,Promo modérée
9,2023-10-21,3066.95,817.59,1096.7,397.44,513.23,5891.91,1,Promo modérée
9,2023-10-28,4261.18,1804.1,3843.42,2345.65,788.29,13042.64,1,Promo modérée
9,2023-11-04,647.02,754.99,1718.2,1706.04,621.12,5447.37,1,Promo modérée
9,2023-11-11,388.24,1175.08,615.9,1318.87,2826.82,6324.91,1,Promo modérée
9,2023-11-18,4304.28,2259.64,2213.6,1268.03,1642.73,11688.28,1,Promo modérée
9,2023-11-25,7492.51,250.79,5328.66,3732.79,1047.21,17851.96,1,Promo modérée
9,2023-12-02,363.41,2142.36,2811.4,2149.15,2296.18,9762.5,1,Promo modérée
9,2023-12-09,2943.97,933.58,1798.72,2819.9,727.27,9223.44,1,Promo modérée
9,2023-12-16,652.27,2288.06,273.41,44.07,4042.01,7299.82,1,Promo modérée
9,2023-12-23,5599.02,6544.55,8652.3,4889.69,4384.42,30069.979999999996,1,Promo forte
9,2023-12-30,827.99,484.18,1723.39,3736.45,7769.27,14541.28,1,Promo modérée
9,2024-01-06,2983.95,4058.57,8599.25,857.12,2100.04,18598.93,1,Promo modérée
9,2024-01-13,1668.57,2976.12,411.33,185.41,3850.21,9091.64,1,Promo modérée
9,2024-01-20,522.54,628.26,3880.31,2337.51,3503.49,10872.11,1,Promo modérée
9,2024-01-27,1572.73,1683.33,2134.03,2882.09,4417.77,12689.95,1,Promo modérée
9,2024-02-03,1857.08,118.17,1452.98,2137.25,536.63,6102.11,1,Promo modérée
9,2024-02-10,1648.56,1172.25,2963.24,2105.15,3022.39,10911.589999999998,1,Promo modérée
9,2024-02-17,2089.28,875.47,3060.45,2674.04,1316.0,10015.24,1,Promo modérée
9,2024-02-24,4941.95,1409.41,1025.67,3119.3,2209.81,12706.14,1,Promo modérée
9,2024-03-02,2947.53,1033.51,2502.67,3186.44,1232.96,10903.11,1,Promo modérée
9,2024-03-09,3072.41,2039.03,1404.88,1098.58,3078.94,10693.84,1,Promo modérée
9,2024-03-16,4850.29,1295.11,3877.4,491.13,2643.15,13157.079999999998,1,Promo modérée
9,2024-03-23,4560.32,583.89,2451.91,3449.72,3970.78,15016.62,1,Promo modérée
9,2024-03-30,2502.47,2379.69,600.61,2309.06,1456.1,9247.93,1,Promo modérée
9,2024-04-06,779.59,2369.84,256.94,679.19,2952.67,7038.2300000000005,1,Promo modérée
9,2024-04-13,1057.86,2433.47,3094.55,508.52,2087.23,9181.63,1,Promo modérée
9,2024-04-20,3043.44,457.96,3322.33,1244.07,1266.99,9334.789999999999,1,Promo modérée
9,2024-04-27,1424.0,2735.26,3003.71,223.73,3216.09,10602.79,1,Promo modérée
9,2024-05-04,2503.78,1468.68,1824.42,719.7,3400.69,9917.27,1,Promo modérée
9,2024-05-11,4703.59,1990.37,3485.09,2896.18,1620.53,14695.76,1,Promo modérée
9,2024-05-18,3718.68,1584.18,1644.91,940.79,4494.14,12382.7,1,Promo modérée
9,2024-05-25,4896.19,1964.78,3520.43,748.87,4374.19,15504.46,1,Promo modérée
9,2024-06-01,3904.87,1100.0,3911.58,1520.47,677.02,11113.94,1,Promo modérée
9,2024-06-08,2968.03,802.03,2583.67,3450.9,220.74,10025.37,1,Promo modérée
9,2024-06-15,2416.77,995.07,725.99,855.58,3747.82,8741.23,1,Promo modérée
9,2024-06-22,30.44,1523.59,3993.23,2432.38,1387.78,9367.42,1,Promo modérée
9,2024-06-29,1502.63,449.02,905.32,1640.03,1911.91,6408.91,1,Promo modérée
9,2024-07-06,8555.71,1953.18,2154.32,1676.03,1353.28,15692.52,1,Promo modérée
9,2024-07-13,1461.67,990.93,2726.06,1223.07,956.8,7358.53,1,Promo modérée
9,2024-07-20,4265.56,659.25,259.09,2585.9,951.88,8721.68,1,Promo modérée
9,2024-07-27,4021.98,621.25,1343.66,469.83,333.78,6790.499999999999,1,Promo modérée
9,2024-08-03,4200.39,2420.14,66.16,653.83,2947.07,10287.59,1,Promo modérée
9,2024-08-10,1007.23,2591.87,1285.41,3463.48,709.6,9057.59,1,Promo modérée
9,2024-08-17,4931.78,1275.92,2416.29,190.89,3789.95,12604.829999999998,1,Promo modérée
9,2024-08-24,63.29,3.61,2464.39,661.56,863.49,4056.34,1,Promo faible
9,2024-08-31,2900.88,1985.3,2884.54,893.31,401.62,9065.650000000001,1,Promo modérée
9,2024-09-07,2824.16,665.87,5329.02,5235.02,6365.02,20419.09,1,Promo forte
9,2024-09-14,3312.15,1839.37,2124.01,2390.38,2868.26,12534.17,1,Promo modérée
9,2024-09-21,3390.91,2706.58,1542.93,2726.86,3261.55,13628.830000000002,1,Promo modérée
9,2024-09-28,4057.04,329.17,487.01,2080.66,1552.0,8505.880000000001,1,Promo modérée
9,2024-10-05,4009.6,2745.23,3026.38,2878.48,974.21,13633.899999999998,1,Promo modérée
9,2024-10-12,3584.19,2644.4,2554.8,1356.81,1915.93,12056.13,1,Promo modérée
9,2024-10-19,2761.08,1672.98,1109.5,1665.62,2118.42,9327.599999999999,1,Promo modérée
9,2024-10-26,4477.6,2598.7,3561.69,945.02,157.42,11740.43,1,Promo modérée
9,2024-11-02,408.52,406.14,622.7,2206.48,3309.36,6953.200000000001,1,Promo modérée
9,2024-11-09,1201.61,1076.28,3658.66,2012.89,3321.86,11271.3,1,Promo modérée
9,2024-11-16,3593.95,645.99,2887.64,2837.33,1853.54,11818.45,1,Promo modérée
9,2024-11-23,10911.19,2279.62,3617.16,1275.27,2020.32,20103.56,1,Promo forte
9,2024-11-30,3136.09,3003.34,2557.72,1798.56,7286.25,17781.96,1,Promo modérée
9,2024-12-07,3016.46,2006.7,2620.1,1560.47,1559.6,10763.33,1,Promo modérée
9,2024-12-14,359.04,282.83,2331.48,180.82,1516.17,4670.34,1,Promo faible
9,2024-12-21,2704.1,4810.23,6580.43,3060.4,2083.16,19238.32,1,Promo modérée
10,2022-01-01,7510.33,2819.54,5205.45,5652.29,5097.98,26285.59,1,Promo forte
10,2022-01-08,4179.75,2807.72,547.86,1708.84,1165.0,10409.169999999998,1,Promo modérée
10,2022-01-15,904.87,2391.78,1827.92,1148.95,712.08,6985.599999999999,1,Promo modérée
10,2022-01-22,563.49,216.93,2975.07,2491.59,262.94,6510.0199999999995,1,Promo modérée
10,2022-01-29,3491.16,2778.57,3245.81,2899.89,2563.69,14979.119999999999,1,Promo modérée
10,2022-02-05,863.28,775.92,1872.24,815.68,2648.9,6976.02,1,Promo modérée
10,2022-02-12,2439.74,559.69,3578.84,869.88,410.89,7859.040000000001,1,Promo modérée
10,2022-02-19,685.34,519.61,217.64,2298.3,3766.54,7487.43,1,Promo modérée
10,2022-02-26,753.68,1861.68,1679.48,2146.49,3427.54,9868.869999999999,1,Promo modérée
10,2022-03-05,1795.82,2153.11,2445.22,624.87,1692.66,8711.68,1,Promo modérée
10,2022-03-12,3811.59,1444.07,2720.24,3140.49,612.78,11729.17,1,Promo modérée
10,2022-03-19,4920.09,1364.72,1436.92,1024.54,784.61,9530.880000000001,1,Promo modérée
10,2022-03-26,4118.99,1443.15,2696.1,1522.44,2514.26,12294.94,1,Promo modérée
10,2022-04-02,4124.73,711.23,1294.65,1684.59,2684.98,10500.179999999998,1,Promo modérée
10,2022-04-09,12.64,303.45,3169.0,3365.01,1921.35,8771.45,1,Promo modérée
10,2022-04-16,3056.07,2799.78,782.79,2675.97,105.76,9420.37,1,Promo modérée
10,2022-04-23,1866.52,1252.57,1202.36,2298.18,4134.83,10754.46,1,Promo modérée
10,2022-04-30,2858.2,1365.03,598.55,1574.05,1253.21,7649.04,1,Promo modérée
10,2022-05-07,1125.29,1232.33,3507.39,1846.3,1503.97,9215.28,1,Promo modérée
10,2022-05-14,1087.42,1002.74,3839.37,1820.31,1803.15,9552.99,1,Promo modérée
10,2022-05-21,2924.68,1995.61,2850.87,3086.96,1670.28,12528.4,1,Promo modérée
10,2022-05-28,3331.53,1639.54,821.03,2643.0,3616.88,12051.98,1,Promo modérée
10,2022-06-04,1697.82,932.54,3814.63,2742.68,2969.66,12157.33,1,Promo modérée
10,2022-06-11,534.63,1481.4,3495.99,3105.52,49.35,8666.890000000001,1,Promo modérée
10,2022-06-18,4319.33,1788.69,2297.74,2845.92,3538.39,14790.07,1,Promo modérée
10,2022-06-25,582.72,2548.63,1999.29,1356.48,2758.83,9245.95,1,Promo modérée
10,2022-07-02,4690.29,6200.57,3771.36,2759.43,4361.31,21782.960000000003,1,Promo forte
10,2022-07-09,4087.4,1601.16,1353.92,2302.83,3229.75,12575.060000000001,1,Promo modérée
10,2022-07-16,1413.13,2020.26,73.39,2644.89,1194.04,7345.71,1,Promo modérée
10,2022-07-23,426.84,1333.15,3397.69,2155.45,1315.48,8628.61,1,Promo modérée
10,2022-07-30,1712.16,2994.59,14.02,96.7,3707.28,8524.75,1,Promo modérée
10,2022-08-06,3652.83,1873.01,950.48,1761.45,4167.96,12405.73,1,Promo modérée
10,2022-08-13,312.25,105.48,673.63,2547.5,826.83,4465.6900000000005,1,Promo faible
10,2022-08-20,4540.66,2834.63,24.51,1624.47,110.95,9135.220000000001,1,Promo modérée
10,2022-08-27,1917.55,2820.7,2771.64,3036.67,1649.05,12195.609999999999,1,Promo modérée
10,2022-09-03,4055.45,66.6,6064.58,7550.16,9559.69,27296.480000000003,1,Promo forte
10,2022-09-10,3697.09,543.15,3836.03,2235.59,3811.71,14123.57,1,Promo modérée
10,2022-09-17,4334.37,2859.88,2701.42,1921.29,15.8,11832.759999999998,1,Promo modérée
10,2022-09-24,1524.67,1080.2,1682.15,346.03,190.63,4823.68,1,Promo faible
10,2022-10-01,4138.4,1283.08,2564.48,3337.5,3778.31,15101.769999999999,1,Promo modérée
10,2022-10-08,4906.64,1554.95,3710.55,1425.67,4494.8,16092.61,1,Promo modérée
10,2022-10-15,162.41,2462.56,1102.92,2787.92,1296.98,7812.789999999999,1,Promo modérée
10,2022-10-22,3049.91,1681.42,3658.78,2360.54,1816.8,12567.45,1,Promo modérée
10,2022-10-29,3126.99,2450.91,2614.24,2937.8,4250.2,15380.14,1,Promo modérée
10,2022-11-05,1135.96,12.3,1371.74,3391.01,3127.35,9038.36,1,Promo modérée
10,2022-11-12,531.53,2720.23,3990.6,574.4,245.35,8062.110000000001,1,Promo modérée
10,2022-11-19,1004.35,2322.78,2850.31,2222.33,1742.48,10142.25,1,Promo modérée
10,2022-11-26,5781.94,602.25,3840.75,4479.79,5168.53,19873.26,1,Promo modérée
10,2022-12-03,3274.16,130.19,265.67,1931.4,472.23,6073.65,1,Promo modérée
10,2022-12-10,1012.39,2004.78,729.91,2147.1,1853.82,7748.0,1,Promo modérée
10,2022-12-17,4427.19,199.47,3812.19,986.39,1719.16,11144.4,1,Promo modérée
10,2022-12-24,6718.23,4724.61,6705.33,2023.67,447.77,20619.609999999997,1,Promo forte
10,2022-12-31,1974.81,821.69,8050.93,1080.06,5322.72,17250.21,1,Promo modérée
10,2023-01-07,563.97,2611.42,1659.67,4324.57,6858.8,16018.43,1,Promo modérée
10,2023-01-14,1096.84,2202.66,3029.93,1467.2,1337.85,9134.48,1,Promo modérée
10,2023-01-21,935.73,1512.53,3396.55,824.75,4208.23,10877.79,1,Promo modérée
10,2023-01-28,363.42,1706.46,2234.73,2974.92,4481.96,11761.490000000002,1,Promo modérée
10,2023-02-04,2545.57,1666.56,3299.75,1766.02,4124.11,13402.009999999998,1,Promo modérée
10,2023-02-11,3375.72,510.7,759.05,3242.75,144.97,8033.19,1,Promo modérée
10,2023-02-18,1801.89,1280.71,3927.67,2743.71,4037.42,13791.4,1,Promo modérée
10,2023-02-25,547.15,811.41,186.54,1513.22,3723.51,6781.83,1,Promo modérée
10,2023-03-04,3468.17,2925.31,3849.11,822.25,451.49,11516.33,1,Promo modérée
10,2023-03-11,1680.39,509.33,2323.04,1692.88,3279.75,9485.39,1,Promo modérée
10,2023-03-18,1328.73,284.49,1387.43,127.99,838.86,3967.5,1,Promo faible
10,2023-03-25,2905.93,2876.09,85.76,2585.28,4314.54,12767.600000000002,1,Promo modérée
10,2023-04-01,3006.54,2136.56,1268.3,1888.27,3109.14,11408.81,1,Promo modérée
10,2023-04-08,3105.63,705.98,2230.07,3349.11,3955.78,13346.570000000002,1,Promo modérée
10,2023-04-15,571.24,1647.83,5.33,1133.47,989.7,4347.57,1,Promo faible
10,2023-04-22,2584.0,640.34,2145.72,2923.77,2771.07,11064.9,1,Promo modérée
10,2023-04-29,2563.62,917.28,1838.35,652.95,2863.55,8835.75,1,Promo modérée
10,2023-05-06,4437.94,1699.17,2726.14,1186.6,2571.35,12621.2,1,Promo modérée
10,2023-05-13,1479.96,978.56,3843.67,639.43,1400.6,8342.220000000001,1,Promo modérée
10,2023-05-20,4281.87,930.05,1571.0,1247.95,3747.85,11778.72,1,Promo modérée
10,2023-05-27,2181.45,1619.84,790.34,1507.51,2257.66,8356.8,1,Promo modérée
10,2023-06-03,101.7,2173.89,142.21,3490.83,3926.87,9835.5,1,Promo modérée
10,2023-06-10,1861.69,954.83,2484.53,574.92,3806.92,9682.89,1,Promo modérée
10,2023-06-17,87.83,1857.62,1831.64,1985.08,4047.03,9809.2,1,Promo modérée
10,2023-06-24,803.58,2199.61,1725.46,1560.88,1388.73,7678.26,1,Promo modérée
10,2023-07-01,702.09,2180.36,2034.04,6845.24,544.04,12305.77,1,Promo modérée
10,2023-07-08,36.26,2964.2,2635.34,1278.92,2116.95,9031.67,1,Promo modérée
10,2023-07-15,920.65,2521.08,486.23,752.47,167.29,4847.72,1,Promo faible
10,2023-07-22,4798.63,2636.98,3018.73,3267.15,990.58,14712.07,1,Promo modérée
10,2023-07-29,1732.48,2323.2,1049.83,1150.07,485.58,6741.16,1,Promo modérée
10,2023-08-05,4799.64,1005.15,3114.18,2993.96,1960.23,13873.16,1,Promo modérée
10,2023-08-12,1135.63,2664.92,1550.33,2016.8,3741.46,11109.14,1,Promo modérée
10,2023-08-19,859.85,1262.05,3331.37,67.31,504.91,6025.490000000001,1,Promo modérée
10,2023-08-26,1805.47,2258.61,2631.11,2033.93,2384.55,11113.670000000002,1,Promo modérée
10,2023-09-02,6555.36,1653.59,2937.81,3628.63,265.03,15040.42,1,Promo modérée
10,2023-09-09,3473.36,24.3,2466.85,328.04,3514.2,9806.75,1,Promo modérée
10,2023-09-16,2187.99,2568.29,669.69,929.37,2004.45,8359.789999999999,1,Promo modérée
10,2023-09-23,1854.02,2126.86,903.95,2297.45,738.98,7921.26,1,Promo modérée
10,2023-09-30,3981.73,997.96,2370.63,1732.33,4255.82,13338.470000000001,1,Promo modérée
10,2023-10-07,2334.96,2783.53,1029.37,944.42,1851.06,8943.34,1,Promo modérée
10,2023-10-14,4306.81,2493.4,1128.17,1917.08,374.48,10219.94,1,Promo modérée
10,2023-10-21,2303.32,755.28,1499.41,2799.81,3754.15,11111.97,1,Promo modérée
10,2023-10-28,4445.72,657.55,2714.16,2038.93,2488.23,12344.59,1,Promo modérée
10,2023-11-04,4056.44,649.33,3211.72,1398.73,850.11,10166.33,1,Promo modérée
10,2023-11-11,1782.09,1803.23,2224.46,1416.29,1930.72,9156.789999999999,1,Promo modérée
10,2023-11-18,726.16,89.34,3734.1,1843.62,2420.27,8813.49,1,Promo modérée
10,2023-11-25,7393.64,1014.72,1172.4,1572.84,7590.45,18744.05,1,Promo modérée
10,2023-12-02,47.79,711.39,940.12,1477.02,4141.75,7318.07,1,Promo modérée
10,2023-12-09,1217.27,156.55,3756.9,653.45,892.8,6676.97,1,Promo modérée
10,2023-12-16,1890.77,2051.19,913.67,1480.55,2508.05,8844.23,1,Promo modérée
10,2023-12-23,8213.94,725.07,3737.21,136.95,332.24,13145.410000000002,1,Promo modérée
10,2023-12-30,4993.26,2692.37,4375.76,311.38,8838.65,21211.42,1,Promo forte
10,2024-01-06,7271.3,4365.51,7461.73,5789.06,4451.93,29339.530000000002,1,Promo forte
10,2024-01-13,3225.49,1672.42,2575.77,2144.99,3236.38,12855.05,1,Promo modérée
10,2024-01-20,1208.36,4.25,2239.86,2067.29,4374.22,9893.98,1,Promo modérée
10,2024-01-27,3864.02,749.04,2435.62,2407.21,2120.57,11576.46,1,Promo modérée
10,2024-02-03,4307.82,492.12,103.84,314.95,1289.46,6508.19,1,Promo modérée
10,2024-02-10,2265.68,945.72,3764.88,2973.31,3796.51,13746.1,1,Promo modérée
10,2024-02-17,4919.23,872.88,3177.41,1716.67,179.13,10865.32,1,Promo modérée
10,2024-02-24,4734.34,875.17,905.86,451.98,4257.01,11224.36,1,Promo modérée
10,2024-03-02,550.11,1679.52,987.67,3420.01,3584.61,10221.92,1,Promo modérée
10,2024-03-09,946.67,634.56,2227.56,2754.7,1414.42,7977.91,1,Promo modérée
10,2024-03-16,1099.62,2841.68,3816.61,3466.63,3634.47,14859.01,1,Promo modérée
10,2024-03-23,4782.64,2367.22,2896.04,650.87,4092.87,14789.640000000003,1,Promo modérée
10,2024-03-30,404.35,1970.47,2615.22,332.26,1434.83,6757.13,1,Promo modérée
10,2024-04-06,393.91,830.71,995.59,820.9,867.39,3908.5,1,Promo faible
10,2024-04-13,2323.14,40.97,1926.73,195.43,4399.76,8886.03,1,Promo modérée
10,2024-04-20,3793.82,572.15,2272.83,2849.74,3457.11,12945.650000000001,1,Promo modérée
10,2024-04-27,2843.85,2371.98,2788.56,3484.32,61.55,11550.259999999998,1,Promo modérée
10,2024-05-04,3545.62,254.28,2966.44,2426.99,1128.62,10321.95,1,Promo modérée
10,2024-05-11,4260.7,2894.65,2325.54,3180.29,3638.31,16299.49,1,Promo modérée
10,2024-05-18,3990.91,381.61,1583.76,950.11,1312.46,8218.849999999999,1,Promo modérée
10,2024-05-25,872.05,1767.12,1017.01,906.49,2197.52,6760.1900000000005,1,Promo modérée
10,2024-06-01,4868.74,1191.46,2395.96,845.4,2207.07,11508.63,1,Promo modérée
10,2024-06-08,684.4,2062.8,3971.61,1384.76,2810.51,10914.080000000002,1,Promo modérée
10,2024-06-15,640.68,1536.31,1116.24,564.07,1918.26,5775.5599999999995,1,Promo modérée
10,2024-06-22,731.88,419.31,2333.66,3447.53,433.13,7365.51,1,Promo modérée
10,2024-06-29,2621.43,1224.8,1238.72,1039.91,1376.11,7500.969999999999,1,Promo modérée
10,2024-07-06,2828.26,4079.08,4048.58,6024.8,3061.64,20042.36,1,Promo forte
10,2024-07-13,2580.25,1037.92,2688.9,3328.62,2185.24,11820.929999999998,1,Promo modérée
10,2024-07-20,4594.9,2009.83,53.78,716.19,3072.77,10447.47,1,Promo modérée
10,2024-07-27,2764.73,2089.62,2386.96,429.59,4334.02,12004.920000000002,1,Promo modérée
10,2024-08-03,4190.75,1547.21,1507.97,3226.46,163.14,10635.529999999999,1,Promo modérée
10,2024-08-10,2901.09,2664.32,1894.16,2612.98,3621.02,13693.57,1,Promo modérée
10,2024-08-17,239.06,739.38,572.79,1952.82,832.25,4336.3,1,Promo faible
10,2024-08-24,1790.43,2682.68,280.79,3431.13,2773.31,10958.34,1,Promo modérée
10,2024-08-31,4308.16,452.2,1115.35,327.22,948.95,7151.879999999999,1,Promo modérée
10,2024-09-07,5856.39,5931.37,8779.73,5801.09,9610.83,35979.409999999996,1,Promo forte
10,2024-09-14,2009.6,1939.79,1402.87,956.84,2598.3,8907.400000000001,1,Promo modérée
10,2024-09-21,4819.77,2792.13,3048.93,1821.43,919.2,13401.460000000001,1,Promo modérée
10,2024-09-28,976.33,1799.06,1328.69,32.22,900.99,5037.29,1,Promo modérée
10,2024-10-05,4799.68,1137.26,38.34,993.46,536.85,7505.590000000001,1,Promo modérée
10,2024-10-12,1806.21,2586.05,1697.35,3204.92,2240.72,11535.25,1,Promo modérée
10,2024-10-19,3259.87,1460.82,3161.66,3206.95,1747.65,12836.949999999999,1,Promo modérée
10,2024-10-26,4558.69,763.02,3090.11,929.16,939.34,10280.32,1,Promo modérée
10,2024-11-02,4097.19,827.77,1402.81,758.65,2634.81,9721.229999999998,1,Promo modérée
10,2024-11-09,498.31,1256.98,3259.18,3108.62,1101.65,9224.74,1,Promo modérée
10,2024-11-16,2619.87,404.62,103.93,534.82,2820.84,6484.08,1,Promo modérée
10,2024-11-23,2108.69,6014.38,169.83,5031.43,3805.65,17129.98,1,Promo modérée
10,2024-11-30,5411.34,5428.74,3572.91,7582.08,7627.84,29622.91,1,Promo forte
10,2024-12-07,4401.46,2892.44,1298.21,2795.47,947.91,12335.49,1,Promo modérée
10,2024-12-14,730.45,1897.2,2371.82,422.58,1466.91,6888.96,1,Promo modérée
10,2024-12-21,2362.35,1233.62,4003.43,5757.79,2787.85,16145.039999999999,1,Promo modérée
11,2022-01-01,4621.48,6394.75,6112.55,5537.62,5570.75,28237.149999999998,1,Promo forte
11,2022-01-08,3675.58,871.23,1213.91,2740.45,1335.18,9836.349999999999,1,Promo modérée
11,2022-01-15,4147.23,1808.19,747.64,1897.12,1271.24,9871.42,1,Promo modérée
11,2022-01-22,157.67,1987.49,1484.91,2261.04,1603.12,7494.23,1,Promo modérée
11,2022-01-29,3284.47,839.96,115.21,1451.91,1950.94,7642.49,1,Promo modérée
11,2022-02-05,302.76,2060.46,2271.3,1222.99,3173.35,9030.86,1,Promo modérée
11,2022-02-12,3300.01,866.87,562.97,548.22,2877.26,8155.330000000001,1,Promo modérée
11,2022-02-19,4162.45,2641.75,2427.33,3012.55,69.37,12313.449999999999,1,Promo modérée
11,2022-02-26,2481.82,1418.12,1242.81,3046.42,766.95,8956.12,1,Promo modérée
11,2022-03-05,4081.99,2796.8,3505.19,1117.84,2638.64,14140.46,1,Promo modérée
11,2022-03-12,4375.94,1041.5,2247.59,1516.83,2065.12,11246.98,1,Promo modérée
11,2022-03-19,305.73,1467.99,3253.37,345.64,313.16,5685.89,1,Promo modérée
11,2022-03-26,2341.13,2664.98,3066.79,2841.8,3659.68,14574.380000000001,1,Promo modérée
11,2022-04-02,119.03,154.66,3834.97,970.06,3930.16,9008.88,1,Promo modérée
11,2022-04-09,1249.47,1465.56,2805.99,3452.4,1986.78,10960.2,1,Promo modérée
11,2022-04-16,43.87,5.17,390.67,355.45,3172.04,3967.2,1,Promo faible
11,2022-04-23,4695.41,815.66,2039.11,614.09,3627.94,11792.21,1,Promo modérée
11,2022-04-30,487.9,120.73,3012.95,1488.74,4479.97,9590.29,1,Promo modérée
11,2022-05-07,4085.64,2747.98,1191.4,3324.3,682.5,12031.82,1,Promo modérée
11,2022-05-14,4146.43,2189.06,837.71,3321.09,273.52,10767.810000000001,1,Promo modérée
11,2022-05-21,859.17,1074.44,771.74,713.6,841.76,4260.71,1,Promo faible
11,2022-05-28,3182.72,2068.02,2670.43,1573.11,3102.02,12596.300000000001,1,Promo modérée
11,2022-06-04,3840.16,37.93,868.99,227.98,3511.02,8486.08,1,Promo modérée
11,2022-06-11,3524.18,466.2,2599.16,294.39,815.97,7699.9,1,Promo modérée
11,2022-06-18,1022.23,716.1,906.22,1383.02,2942.05,6969.620000000001,1,Promo modérée
11,2022-06-25,244.21,2633.82,319.32,519.19,99.6,3816.1400000000003,1,Promo faible
11,2022-07-02,4519.27,2452.47,2612.3,1173.53,1367.03,12124.600000000002,1,Promo modérée
11,2022-07-09,4807.89,1735.42,3950.38,1303.63,2059.32,13856.64,1,Promo modérée
11,2022-07-16,4934.05,134.73,601.38,1482.33,838.5,7990.99,1,Promo modérée
11,2022-07-23,1759.53,282.94,1712.51,3441.4,1479.75,8676.130000000001,1,Promo modérée
11,2022-07-30,3297.98,2569.75,302.58,1619.91,4451.65,12241.869999999999,1,Promo modérée
11,2022-08-06,3532.65,2281.51,2092.71,3234.83,3712.68,14854.380000000001,1,Promo modérée
11,2022-08-13,4678.28,1758.36,1192.57,521.97,3732.85,11884.029999999999,1,Promo modérée
11,2022-08-20,1520.35,25.66,3334.43,306.01,2838.4,8024.85,1,Promo modérée
11,2022-08-27,3866.96,156.16,152.61,1504.36,283.84,5963.929999999999,1,Promo modérée
11,2022-09-03,6739.35,5320.34,3852.64,4270.27,7918.31,28100.91,1,Promo forte
11,2022-09-10,3670.53,1862.62,3876.97,690.51,4279.91,14380.539999999999,1,Promo modérée
11,2022-09-17,3846.9,2120.73,160.56,1913.08,397.25,8438.52,1,Promo modérée
11,2022-09-24,4597.15,1060.64,2878.01,1547.36,2948.55,13031.71,1,Promo modérée
11,2022-10-01,4155.69,1046.09,1600.6,3129.19,2234.81,12166.38,1,Promo modérée
11,2022-10-08,2366.08,2913.89,1489.47,1300.51,877.64,8947.59,1,Promo modérée
11,2022-10-15,3867.09,730.06,160.47,3449.03,1532.03,9738.68,1,Promo modérée
11,2022-10-22,4445.48,2980.08,346.71,3017.88,1757.32,12547.47,1,Promo modérée
11,2022-10-29,1064.25,241.55,2247.19,47.62,1853.54,5454.15,1,Promo modérée
11,2022-11-05,1048.69,984.93,3480.19,2611.93,985.67,9111.41,1,Promo modérée
11,2022-11-12,2226.47,1038.01,1804.82,2619.96,4059.99,11749.25,1,Promo modérée
11,2022-11-19,4426.41,1084.77,3729.8,2207.13,4203.7,15651.810000000001,1,Promo modérée
11,2022-11-26,1871.18,3266.42,4148.04,7363.2,4293.91,20942.75,1,Promo forte
11,2022-12-03,2480.15,1043.22,1599.43,1262.82,3718.62,10104.24,1,Promo modérée
11,2022-12-10,2439.79,2322.19,604.65,2140.36,1077.59,8584.58,1,Promo modérée
11,2022-12-17,917.81,854.67,1666.53,1237.73,2361.95,7038.69,1,Promo modérée
11,2022-12-24,1390.69,5021.33,7486.87,1978.95,4030.21,19908.05,1,Promo modérée
11,2022-12-31,7936.25,409.01,4120.94,6373.07,4467.03,23306.3,1,Promo forte
11,2023-01-07,4526.63,1213.38,8284.42,4099.1,8438.32,26561.85,1,Promo forte
11,2023-01-14,703.48,659.02,1927.78,148.65,2081.4,5520.33,1,Promo modérée
11,2023-01-21,903.85,1772.96,358.8,2568.52,4476.39,10080.52,1,Promo modérée
11,2023-01-28,4679.87,2967.62,1586.16,3468.21,701.67,13403.53,1,Promo modérée
11,2023-02-04,4264.62,2336.68,2524.26,1798.88,3189.17,14113.609999999999,1,Promo modérée
11,2023-02-11,2679.68,2655.69,1008.06,1334.02,3499.39,11176.84,1,Promo modérée
11,2023-02-18,4443.68,1393.11,2064.5,1164.67,1245.01,10310.97,1,Promo modérée
11,2023-02-25,953.74,2082.06,2410.53,645.87,1229.42,7321.62,1,Promo modérée
11,2023-03-04,3842.05,2273.81,2471.44,2754.47,1504.19,12845.960000000001,1,Promo modérée
11,2023-03-11,1092.19,1627.23,1484.45,2441.25,2141.07,8786.19,1,Promo modérée
11,2023-03-18,4921.25,2525.03,3156.02,1155.75,2410.34,14168.390000000001,1,Promo modérée
11,2023-03-25,3243.61,1170.59,1994.18,3064.79,488.53,9961.7,1,Promo modérée
11,2023-04-01,3825.22,1215.38,3490.08,1836.48,100.13,10467.289999999999,1,Promo modérée
11,2023-04-08,1727.23,2283.81,3816.93,1300.02,3732.3,12860.29,1,Promo modérée
11,2023-04-15,1512.52,395.31,1531.87,712.77,2897.99,7050.459999999999,1,Promo modérée
11,2023-04-22,4571.04,1518.02,2174.81,1650.78,1210.07,11124.72,1,Promo modérée
11,2023-04-29,1536.47,1600.81,537.19,3264.2,4025.35,10964.02,1,Promo modérée
11,2023-05-06,1772.84,753.34,3662.07,2983.79,2609.25,11781.29,1,Promo modérée
11,2023-05-13,626.89,481.67,2706.95,1895.02,83.1,5793.63,1,Promo modérée
11,2023-05-20,4455.25,1781.03,3223.62,1496.01,510.29,11466.2,1,Promo modérée
11,2023-05-27,4957.01,732.41,794.21,1843.81,2417.44,10744.880000000001,1,Promo modérée
11,2023-06-03,3618.73,75.08,2282.58,3094.68,78.25,9149.32,1,Promo modérée
11,2023-06-10,4907.71,597.97,261.02,3007.98,3908.09,12682.77,1,Promo modérée
11,2023-06-17,1325.75,50.68,1918.8,3006.19,4031.26,10332.68,1,Promo modérée
11,2023-06-24,3874.25,2219.46,2152.57,305.65,4167.37,12719.3,1,Promo modérée
11,2023-07-01,2317.57,5523.8,2551.45,1437.47,4023.36,15853.65,1,Promo modérée
11,2023-07-08,703.03,213.53,2230.82,1016.04,3726.25,7889.67,1,Promo modérée
11,2023-07-15,2506.2,717.53,2360.37,1551.5,2010.25,9145.849999999999,1,Promo modérée
11,2023-07-22,6.6,923.83,1114.51,1377.07,593.33,4015.34,1,Promo faible
11,2023-07-29,2260.04,1557.28,3241.61,1496.95,3157.2,11713.080000000002,1,Promo modérée
11,2023-08-05,1692.93,672.52,1436.44,806.31,2607.33,7215.53,1,Promo modérée
11,2023-08-12,2969.27,1198.2,3342.16,2554.56,3371.74,13435.93,1,Promo modérée
11,2023-08-19,3417.26,1763.8,3369.43,995.96,2589.64,12136.09,1,Promo modérée
11,2023-08-26,3378.95,1244.07,496.39,1469.68,874.05,7463.14,1,Promo modérée
11,2023-09-02,6677.32,149.73,8193.0,5284.0,338.53,20642.579999999998,1,Promo forte
11,2023-09-09,2099.19,2669.14,1749.45,263.7,4259.87,11041.349999999999,1,Promo modérée
11,2023-09-16,3953.74,226.43,274.4,1880.84,720.58,7055.99,1,Promo modérée
11,2023-09-23,384.55,615.28,2861.94,2831.25,2036.4,8729.42,1,Promo modérée
11,2023-09-30,2719.49,2218.65,2420.01,1372.45,532.46,9263.060000000001,1,Promo modérée
11,2023-10-07,3693.31,2721.87,3684.12,1872.87,2301.79,14273.96,1,Promo modérée
11,2023-10-14,2163.52,381.16,2010.13,1964.46,1519.9,8039.17,1,Promo modérée
11,2023-10-21,1834.34,2282.49,1941.49,703.79,559.91,7322.0199999999995,1,Promo modérée
11,2023-10-28,2205.72,1356.28,1202.53,1999.73,674.9,7439.16,1,Promo modérée
11,2023-11-04,4445.21,2507.36,2433.24,1359.38,2264.42,13009.609999999999,1,Promo modérée
11,2023-11-11,3880.58,1294.96,1328.91,1439.63,2712.8,10656.880000000001,1,Promo modérée
11,2023-11-18,211.75,1676.45,2178.29,718.32,3128.98,7913.789999999999,1,Promo modérée
11,2023-11-25,4116.91,5021.29,3983.98,6108.76,7613.33,26844.270000000004,1,Promo forte
11,2023-12-02,1187.34,1195.89,3033.22,2278.09,800.09,8494.63,1,Promo modérée
11,2023-12-09,3733.73,1688.0,333.21,649.53,986.98,7391.449999999999,1,Promo modérée
11,2023-12-16,337.77,514.3,3937.53,1639.91,3903.05,10332.560000000001,1,Promo modérée
11,2023-12-23,7572.36,1797.74,7322.15,644.68,7654.07,24991.0,1,Promo forte
11,2023-12-30,5362.53,2417.6,5679.89,7295.93,408.57,21164.52,1,Promo forte
11,2024-01-06,5190.27,5734.41,3650.66,4116.88,199.93,18892.15,1,Promo modérée
11,2024-01-13,716.55,1336.22,1420.38,1734.81,3916.48,9124.44,1,Promo modérée
11,2024-01-20,3719.31,420.12,2682.88,827.14,1972.71,9622.16,1,Promo modérée
11,2024-01-27,500.09,2075.73,116.16,2162.09,633.19,5487.26,1,Promo modérée
11,2024-02-03,140.03,2795.37,2091.95,151.28,1541.25,6719.88,1,Promo modérée
11,2024-02-10,1918.61,357.47,979.76,350.5,3633.74,7240.08,1,Promo modérée
11,2024-02-17,3197.34,1371.01,1600.58,2074.98,2210.7,10454.61,1,Promo modérée
11,2024-02-24,2329.36,173.05,745.62,1961.78,3897.85,9107.66,1,Promo modérée
11,2024-03-02,735.35,2296.3,2976.94,3161.69,38.19,9208.470000000001,1,Promo modérée
11,2024-03-09,285.9,1790.89,2276.19,124.86,2310.85,6788.689999999999,1,Promo modérée
11,2024-03-16,2341.5,2574.04,1369.53,933.31,4431.9,11650.279999999999,1,Promo modérée
11,2024-03-23,137.43,821.09,1077.38,2867.62,3198.0,8101.52,1,Promo modérée
11,2024-03-30,4997.3,2130.43,3046.73,3284.28,511.43,13970.17,1,Promo modérée
11,2024-04-06,2519.65,2041.66,989.87,2101.66,1159.1,8811.94,1,Promo modérée
11,2024-04-13,2465.98,895.77,635.86,165.72,881.9,5045.23,1,Promo modérée
11,2024-04-20,3746.45,915.47,3806.0,2500.11,1470.4,12438.43,1,Promo modérée
11,2024-04-27,879.29,2324.17,2055.43,36.98,3030.82,8326.689999999999,1,Promo modérée
11,2024-05-04,4895.77,220.33,1135.67,850.49,1118.47,8220.73,1,Promo modérée
11,2024-05-11,2714.75,1910.7,2087.31,1519.27,863.89,9095.92,1,Promo modérée
11,2024-05-18,669.99,265.56,3632.62,1874.28,3860.1,10302.55,1,Promo modérée
11,2024-05-25,488.05,721.34,1626.15,3030.45,4224.97,10090.96,1,Promo modérée
11,2024-06-01,738.03,1046.59,3319.67,3124.3,840.75,9069.34,1,Promo modérée
11,2024-06-08,2289.07,1127.38,2310.63,1535.31,78.06,7340.45,1,Promo modérée
11,2024-06-15,779.3,567.71,3232.06,912.91,3596.52,9088.5,1,Promo modérée
11,2024-06-22,3789.23,1923.6,3694.41,2740.46,813.49,12961.19,1,Promo modérée
11,2024-06-29,2869.12,1398.01,2546.56,1042.85,821.69,8678.230000000001,1,Promo modérée
11,2024-07-06,6691.51,2390.18,6620.34,2888.86,4811.43,23402.32,1,Promo forte
11,2024-07-13,4680.73,2544.08,3681.2,1571.99,2413.94,14891.939999999999,1,Promo modérée
11,2024-07-20,4989.42,1045.52,3331.99,2441.72,3111.24,14919.89,1,Promo modérée
11,2024-07-27,3127.48,1176.4,3958.19,1675.91,1027.44,10965.42,1,Promo modérée
11,2024-08-03,4656.12,2551.09,270.69,3476.86,3144.27,14099.03,1,Promo modérée
11,2024-08-10,108.2,699.44,3029.22,2051.39,3522.31,9410.56,1,Promo modérée
11,2024-08-17,2766.96,1932.86,674.51,3416.81,2196.7,10987.84,1,Promo modérée
11,2024-08-24,2625.88,2504.21,132.53,939.32,2113.42,8315.36,1,Promo modérée
11,2024-08-31,16.89,2159.49,3335.24,1382.64,2538.98,9433.24,1,Promo modérée
11,2024-09-07,7086.26,6060.07,3355.76,5891.96,5917.1,28311.15,1,Promo forte
11,2024-09-14,246.22,409.16,329.62,2950.88,47.73,3983.61,1,Promo faible
11,2024-09-21,934.0,1873.2,2717.44,1706.35,182.34,7413.33,1,Promo modérée
11,2024-09-28,1002.55,2666.66,1288.77,46.92,3795.26,8800.16,1,Promo modérée
11,2024-10-05,2332.96,2693.49,598.39,2890.91,1310.86,9826.61,1,Promo modérée
11,2024-10-12,4011.11,1588.45,2737.8,2179.9,688.0,11205.26,1,Promo modérée
11,2024-10-19,3669.4,853.97,1271.14,1085.01,3365.52,10245.04,1,Promo modérée
11,2024-10-26,3764.74,454.45,1602.36,1689.86,1600.59,9111.999999999998,1,Promo modérée
11,2024-11-02,4675.22,1695.59,2445.74,241.26,3890.15,12947.96,1,Promo modérée
11,2024-11-09,3623.55,1335.96,241.46,2791.6,157.49,8150.0599999999995,1,Promo modérée
11,2024-11-16,2571.36,1791.45,1830.18,1192.67,2105.16,9490.82,1,Promo modérée
11,2024-11-23,2617.17,6525.13,4407.66,1495.05,4722.96,19767.969999999998,1,Promo modérée
11,2024-11-30,1865.14,5395.34,3246.18,2262.28,8198.44,20967.38,1,Promo forte
11,2024-12-07,4182.23,164.22,3104.2,2147.97,312.79,9911.41,1,Promo modérée
11,2024-12-14,4767.87,549.41,2424.13,740.54,2763.29,11245.240000000002,1,Promo modérée
11,2024-12-21,849.99,2265.56,6046.68,3839.11,1887.69,14889.03,1,Promo modérée
12,2022-01-01,4483.58,174.6,510.96,6593.08,9509.95,21272.170000000002,1,Promo forte
12,2022-01-08,4221.67,2297.56,1516.56,1675.46,837.59,10548.84,1,Promo modérée
12,2022-01-15,2325.87,259.53,227.79,1310.14,2087.2,6210.53,1,Promo modérée
12,2022-01-22,4240.47,1604.9,521.76,2791.48,3194.22,12352.83,1,Promo modérée
12,2022-01-29,4556.23,279.73,1054.05,3158.08,1279.55,10327.64,1,Promo modérée
12,2022-02-05,1499.96,145.6,2977.12,2611.33,3018.27,10252.28,1,Promo modérée
12,2022-02-12,2455.69,920.51,407.73,219.53,1569.9,5573.360000000001,1,Promo modérée
12,2022-02-19,4538.63,1581.67,877.66,2793.16,961.71,10752.829999999998,1,Promo modérée
12,2022-02-26,770.78,1359.52,3495.63,1996.93,3952.51,11575.37,1,Promo modérée
12,2022-03-05,3300.86,2383.88,3005.23,3297.91,1792.15,13780.029999999999,1,Promo modérée
12,2022-03-12,1039.44,1189.69,444.87,111.45,2955.57,5741.02,1,Promo modérée
12,2022-03-19,1455.39,388.58,3371.89,2614.16,906.87,8736.89,1,Promo modérée
12,2022-03-26,1322.96,630.16,3135.67,2400.55,3064.4,10553.74,1,Promo modérée
12,2022-04-02,1763.84,2614.91,1235.46,1912.08,3161.88,10688.17,1,Promo modérée
12,2022-04-09,4027.52,2193.23,1852.92,1133.79,2739.29,11946.75,1,Promo modérée
12,2022-04-16,2323.61,2932.85,2711.99,1425.36,117.26,9511.07,1,Promo modérée
12,2022-04-23,2302.55,1287.63,3589.36,1009.6,1120.59,9309.730000000001,1,Promo modérée
12,2022-04-30,716.48,78.09,948.17,2709.67,1080.17,5532.58,1,Promo modérée
12,2022-05-07,1224.06,1129.11,1204.35,383.69,2204.52,6145.73,1,Promo modérée
12,2022-05-14,160.98,1856.77,221.56,2157.25,3082.63,7479.19,1,Promo modérée
12,2022-05-21,1525.55,1759.93,3659.26,1122.33,3690.13,11757.2,1,Promo modérée
12,2022-05-28,3944.89,2790.08,471.63,811.95,4066.76,12085.31,1,Promo modérée
12,2022-06-04,1426.32,1561.12,3409.4,2476.38,2798.47,11671.69,1,Promo modérée
12,2022-06-11,142.59,633.17,1729.93,1465.12,199.33,4170.14,1,Promo faible
12,2022-06-18,496.91,2564.5,1.24,3087.98,88.74,6239.369999999999,1,Promo modérée
12,2022-06-25,354.54,2302.52,285.01,3227.42,229.38,6398.87,1,Promo modérée
12,2022-07-02,8350.0,5176.35,8119.72,2896.47,5011.89,29554.43,1,Promo forte
12,2022-07-09,2140.75,1211.02,2850.64,3212.28,3000.4,12415.09,1,Promo modérée
12,2022-07-16,478.32,113.75,1827.27,2890.49,1408.87,6718.7,1,Promo modérée
12,2022-07-23,1334.02,351.12,64.24,374.54,1316.68,3440.6000000000004,1,Promo faible
12,2022-07-30,3159.91,1847.37,2203.06,876.75,1670.04,9757.130000000001,1,Promo modérée
12,2022-08-06,3238.3,2750.47,2570.97,116.19,4485.43,13161.36,1,Promo modérée
12,2022-08-13,3229.67,1309.46,1002.18,1170.56,1536.97,8248.84,1,Promo modérée
12,2022-08-20,4055.08,471.55,841.85,1281.05,3961.57,10611.1,1,Promo modérée
12,2022-08-27,2843.64,1354.91,1739.84,391.91,634.72,6965.02,1,Promo modérée
12,2022-09-03,587.58,4014.76,6295.11,2870.64,6728.79,20496.88,1,Promo forte
12,2022-09-10,342.63,2603.98,3170.35,2011.25,376.49,8504.7,1,Promo modérée
12,2022-09-17,364.8,2192.29,1196.32,1583.31,574.5,5911.219999999999,1,Promo modérée
12,2022-09-24,4707.13,2675.6,2305.84,3268.63,1453.9,14411.1,1,Promo modérée
12,2022-10-01,3867.6,449.45,1776.64,619.02,2979.57,9692.28,1,Promo modérée
12,2022-10-08,4254.53,1375.4,95.98,1731.05,380.45,7837.41,1,Promo modérée
12,2022-10-15,384.34,2399.67,3701.31,3060.56,1537.91,11083.789999999999,1,Promo modérée
12,2022-10-22,2296.73,2722.89,671.52,33.83,329.92,6054.889999999999,1,Promo modérée
12,2022-10-29,902.42,2250.25,817.81,2406.62,1571.69,7948.790000000001,1,Promo modérée
12,2022-11-05,4272.11,1763.92,1107.48,1391.88,3061.2,11596.59,1,Promo modérée
12,2022-11-12,1163.9,794.79,885.08,685.39,587.81,4116.969999999999,1,Promo faible
12,2022-11-19,4665.07,2267.14,3158.8,366.65,3763.39,14221.049999999997,1,Promo modérée
12,2022-11-26,8565.17,5873.98,8167.56,1833.54,4196.19,28636.44,1,Promo forte
12,2022-12-03,1646.94,1104.4,156.53,1144.08,3997.64,8049.59,1,Promo modérée
12,2022-12-10,863.2,756.66,3510.39,1526.17,1232.09,7888.51,1,Promo modérée
12,2022-12-17,1187.62,2037.38,1965.97,2701.96,4267.1,12160.03,1,Promo modérée
12,2022-12-24,8913.33,5015.2,4262.94,4140.83,589.49,22921.789999999997,1,Promo forte
12,2022-12-31,7343.03,2385.82,4794.88,3754.25,3773.63,22051.61,1,Promo forte
12,2023-01-07,5626.67,4624.83,7529.5,3596.7,8266.24,29643.940000000002,1,Promo forte
12,2023-01-14,4462.13,1931.22,2101.96,1159.88,4410.0,14065.190000000002,1,Promo modérée
12,2023-01-21,1967.4,2894.47,2286.73,3282.26,34.16,10465.02,1,Promo modérée
12,2023-01-28,22.01,0.99,1889.05,102.53,4385.4,6399.98,1,Promo modérée
12,2023-02-04,1899.78,133.98,1340.5,1370.03,4454.65,9198.939999999999,1,Promo modérée
12,2023-02-11,4966.84,2904.89,1958.16,2437.32,496.99,12764.199999999999,1,Promo modérée
12,2023-02-18,3728.76,760.41,3502.8,1609.38,945.83,10547.18,1,Promo modérée
12,2023-02-25,1909.36,2429.63,2337.88,1366.97,493.19,8537.03,1,Promo modérée
12,2023-03-04,3196.69,2766.6,606.83,1984.33,3439.95,11994.400000000001,1,Promo modérée
12,2023-03-11,4205.14,2285.44,1416.02,3488.54,1955.26,13350.4,1,Promo modérée
12,2023-03-18,1407.68,160.13,2754.05,258.96,914.8,5495.620000000001,1,Promo modérée
12,2023-03-25,4823.43,2626.67,3503.74,616.23,1192.08,12762.15,1,Promo modérée
12,2023-04-01,1239.38,730.34,3962.9,2648.73,3766.23,12347.58,1,Promo modérée
12,2023-04-08,1406.69,1785.96,2760.53,1375.28,3958.69,11287.15,1,Promo modérée
12,2023-04-15,4263.68,1936.41,179.09,1897.59,77.85,8354.62,1,Promo modérée
12,2023-04-22,232.24,475.62,1591.84,804.74,1520.56,4625.0,1,Promo faible
12,2023-04-29,1704.68,891.23,936.25,2905.41,3057.98,9495.55,1,Promo modérée
12,2023-05-06,4443.64,1141.7,3634.1,1544.79,3358.68,14122.91,1,Promo modérée
12,2023-05-13,2384.53,1294.66,2563.57,3306.48,505.82,10055.06,1,Promo modérée
12,2023-05-20,2393.51,312.03,3141.18,2439.99,1596.02,9882.73,1,Promo modérée
12,2023-05-27,1487.57,1753.52,1758.57,1057.67,302.33,6359.66,1,Promo modérée
12,2023-06-03,3042.86,1164.54,1684.92,2919.83,2143.05,10955.2,1,Promo modérée
12,2023-06-10,3266.7,2554.28,3769.83,3490.62,1269.8,14351.23,1,Promo modérée
12,2023-06-17,4280.75,2728.71,1798.65,981.5,633.75,10423.36,1,Promo modérée
12,2023-06-24,3228.43,1678.21,183.11,3261.73,2825.72,11177.199999999999,1,Promo modérée
12,2023-07-01,6949.1,5046.69,6850.93,5929.86,2240.2,27016.780000000002,1,Promo forte
12,2023-07-08,1447.25,2067.85,1352.44,3387.14,456.77,8711.45,1,Promo modérée
12,2023-07-15,655.28,2149.99,3922.37,2815.96,3870.08,13413.679999999998,1,Promo modérée
12,2023-07-22,4726.79,431.36,3612.05,292.54,3701.81,12764.550000000001,1,Promo modérée
12,2023-07-29,3572.48,1665.26,435.23,3262.46,2035.41,10970.84,1,Promo modérée
12,2023-08-05,1001.8,1627.71,1760.88,1365.4,3026.55,8782.34,1,Promo modérée
12,2023-08-12,484.46,707.7,206.57,3486.85,3314.51,8200.09,1,Promo modérée
12,2023-08-19,3933.98,2770.43,2397.2,654.88,3519.87,13276.36,1,Promo modérée
12,2023-08-26,1907.64,2203.96,3711.08,2201.46,3554.32,13578.46,1,Promo modérée
12,2023-09-02,6984.95,1924.91,6965.49,6222.45,4591.5,26689.3,1,Promo forte
12,2023-09-09,178.87,51.88,1281.45,685.24,3658.73,5856.17,1,Promo modérée
12,2023-09-16,4541.91,1507.95,2624.55,1454.19,2839.56,12968.16,1,Promo modérée
12,2023-09-23,1467.64,448.05,1474.31,1453.19,2829.08,7672.27,1,Promo modérée
12,2023-09-30,2511.47,1289.1,2916.15,848.46,2675.24,10240.419999999998,1,Promo modérée
12,2023-10-07,4529.94,703.59,790.32,22.71,3180.8,9227.36,1,Promo modérée
12,2023-10-14,4638.07,1940.58,3881.17,1206.36,1574.68,13240.86,1,Promo modérée
12,2023-10-21,3758.59,2240.92,1380.08,1828.01,1619.88,10827.48,1,Promo modérée
12,2023-10-28,3777.5,28.52,3836.03,1803.39,4423.57,13869.01,1,Promo modérée
12,2023-11-04,1806.11,781.46,3430.21,1311.29,75.75,7404.82,1,Promo modérée
12,2023-11-11,283.58,1764.28,3025.18,1446.59,1891.05,8410.68,1,Promo modérée
12,2023-11-18,2646.28,2846.82,292.93,2099.54,2369.24,10254.810000000001,1,Promo modérée
12,2023-11-25,7394.99,2278.04,154.79,1935.58,3062.34,14825.74,1,Promo modérée
12,2023-12-02,2296.19,2921.82,182.02,3328.39,2618.72,11347.14,1,Promo modérée
12,2023-12-09,4479.67,716.07,796.97,1736.82,4051.25,11780.779999999999,1,Promo modérée
12,2023-12-16,2819.62,1207.37,3868.06,2139.66,3278.54,13313.25,1,Promo modérée
12,2023-12-23,7861.94,3441.21,6012.83,2074.68,5927.36,25318.02,1,Promo forte
12,2023-12-30,8865.22,1715.45,2645.46,5090.89,6886.29,25203.31,1,Promo forte
12,2024-01-06,2802.99,1035.1,6094.68,717.55,9284.14,19934.46,1,Promo modérée
12,2024-01-13,4233.5,474.18,86.57,2747.12,336.58,7877.95,1,Promo modérée
12,2024-01-20,3369.33,129.66,3351.3,593.68,3138.11,10582.08,1,Promo modérée
12,2024-01-27,3647.22,712.7,1369.89,1986.04,1282.36,8998.210000000001,1,Promo modérée
12,2024-02-03,1641.79,1273.13,2170.64,1303.48,3554.6,9943.64,1,Promo modérée
12,2024-02-10,4831.38,1531.13,3947.51,1057.87,138.91,11506.8,1,Promo modérée
12,2024-02-17,2163.3,1014.35,490.48,1036.41,3988.96,8693.5,1,Promo modérée
12,2024-02-24,1195.13,1107.04,2368.43,1227.64,967.03,6865.27,1,Promo modérée
12,2024-03-02,2452.05,2617.7,2187.74,1682.73,4160.7,13100.919999999998,1,Promo modérée
12,2024-03-09,4179.26,1635.57,2217.82,2211.77,1976.02,12220.44,1,Promo modérée
12,2024-03-16,3155.87,948.97,643.82,1432.7,2977.1,9158.46,1,Promo modérée
12,2024-03-23,131.42,1351.86,3034.22,1911.51,2931.64,9360.65,1,Promo modérée
12,2024-03-30,457.08,479.36,1532.15,544.39,4336.59,7349.57,1,Promo modérée
12,2024-04-06,4077.93,1882.34,1.01,2671.11,3360.82,11993.21,1,Promo modérée
12,2024-04-13,3039.94,2989.57,1195.28,1136.16,822.48,9183.43,1,Promo modérée
12,2024-04-20,3654.81,2551.57,192.6,1767.36,3143.69,11310.03,1,Promo modérée
12,2024-04-27,4243.34,488.75,1083.54,151.71,1639.92,7607.26,1,Promo modérée
12,2024-05-04,3260.57,158.35,721.09,2194.32,2886.15,9220.48,1,Promo modérée
12,2024-05-11,4816.97,645.39,2206.72,2106.18,4493.92,14269.18,1,Promo modérée
12,2024-05-18,1160.64,142.84,2290.26,1175.49,818.74,5587.97,1,Promo modérée
12,2024-05-25,4073.84,1269.35,3613.26,1691.61,2582.75,13230.810000000001,1,Promo modérée
12,2024-06-01,727.7,1818.37,1956.72,335.91,1780.28,6618.98,1,Promo modérée
12,2024-06-08,4113.28,1945.27,1159.83,2958.67,2219.82,12396.869999999999,1,Promo modérée
12,2024-06-15,702.9,977.0,121.93,72.69,1779.85,3654.37,1,Promo faible
12,2024-06-22,29.67,646.5,99.1,2640.89,655.41,4071.5699999999997,1,Promo faible
12,2024-06-29,3138.12,2702.51,2873.44,1219.91,2643.23,12577.21,1,Promo modérée
12,2024-07-06,4655.85,4079.81,3006.22,222.26,3911.38,15875.52,1,Promo modérée
12,2024-07-13,1344.37,731.31,1188.36,2020.21,2451.1,7735.35,1,Promo modérée
12,2024-07-20,876.61,2347.86,2655.24,2391.23,2166.99,10437.93,1,Promo modérée
12,2024-07-27,743.71,1730.37,2957.65,266.88,4143.44,9842.05,1,Promo modérée
12,2024-08-03,1641.79,1479.79,3664.6,3344.79,4171.81,14302.780000000002,1,Promo modérée
12,2024-08-10,1570.84,1122.64,2482.55,2668.84,3310.01,11154.880000000001,1,Promo modérée
12,2024-08-17,2665.39,1734.42,210.35,893.6,2872.59,8376.35,1,Promo modérée
12,2024-08-24,4165.25,1612.87,2067.43,3167.79,3554.7,14568.04,1,Promo modérée
12,2024-08-31,555.74,2383.99,731.89,2828.42,2754.0,9254.039999999999,1,Promo modérée
12,2024-09-07,4699.72,5935.82,4569.52,3895.18,616.28,19716.52,1,Promo modérée
12,2024-09-14,1077.27,1582.12,962.74,2658.93,2539.54,8820.599999999999,1,Promo modérée
12,2024-09-21,2746.1,1153.29,2592.47,3179.01,1875.06,11545.929999999998,1,Promo modérée
12,2024-09-28,2492.21,1482.94,2353.78,1269.87,2758.98,10357.78,1,Promo modérée
12,2024-10-05,4846.18,2117.59,1343.85,515.05,645.38,9468.05,1,Promo modérée
12,2024-10-12,3499.8,2484.33,3166.16,3089.12,4352.65,16592.059999999998,1,Promo modérée
12,2024-10-19,3408.92,2060.15,3623.44,1305.26,2632.1,13029.87,1,Promo modérée
12,2024-10-26,4087.24,619.33,2109.76,714.03,543.1,8073.46,1,Promo modérée
12,2024-11-02,533.57,1649.99,2365.63,101.45,2580.2,7230.84,1,Promo modérée
12,2024-11-09,3361.26,111.69,3421.39,3171.94,3827.04,13893.32,1,Promo modérée
12,2024-11-16,4031.98,1987.5,1310.91,1315.86,4036.76,12683.01,1,Promo modérée
12,2024-11-23,10933.03,4537.8,302.39,6367.98,2817.84,24959.04,1,Promo forte
12,2024-11-30,4166.27,4180.03,7155.73,2287.58,2115.84,19905.45,1,Promo modérée
12,2024-12-07,4265.2,1563.01,2485.21,319.8,1946.77,10579.99,1,Promo modérée
12,2024-12-14,3718.9,1773.0,2157.67,1495.57,4377.19,13522.329999999998,1,Promo modérée
12,2024-12-21,5751.1,50.81,7304.58,5421.74,6552.11,25080.340000000004,1,Promo forte
13,2022-01-01,3140.97,1036.59,3951.97,2739.89,6754.04,17623.46,1,Promo modérée
13,2022-01-08,189.75,2858.3,2658.32,3295.91,898.47,9900.75,1,Promo modérée
13,2022-01-15,4788.28,2467.75,2646.33,570.0,3304.46,13776.82,1,Promo modérée
13,2022-01-22,1336.69,189.67,3181.8,2176.16,1417.23,8301.55,1,Promo modérée
13,2022-01-29,1235.88,776.95,3502.31,1802.98,3281.63,10599.75,1,Promo modérée
13,2022-02-05,600.96,2610.91,3757.73,275.82,1570.58,8816.0,1,Promo modérée
13,2022-02-12,4891.12,1413.67,651.0,707.3,4003.21,11666.3,1,Promo modérée
13,2022-02-19,3309.11,2481.83,2741.63,1869.01,1066.3,11467.88,1,Promo modérée
13,2022-02-26,3483.57,2812.02,661.77,2272.16,1099.08,10328.6,1,Promo modérée
13,2022-03-05,1774.59,2862.41,3402.92,1031.16,33.93,9105.01,1,Promo modérée
13,2022-03-12,352.2,1413.88,2193.33,325.19,1698.74,5983.339999999999,1,Promo modérée
13,2022-03-19,683.78,2438.84,2714.17,3111.76,2022.01,10970.56,1,Promo modérée
13,2022-03-26,4664.06,2145.49,3712.98,2789.41,2741.84,16053.78,1,Promo modérée
13,2022-04-02,466.27,2122.66,2936.02,999.1,1339.52,7863.57,1,Promo modérée
13,2022-04-09,4268.82,2407.89,2645.61,1137.06,2323.42,12782.8,1,Promo modérée
13,2022-04-16,4163.62,315.66,564.1,3420.62,2644.96,11108.96,1,Promo modérée
13,2022-04-23,423.9,1719.97,2283.08,3199.66,2367.82,9994.43,1,Promo modérée
13,2022-04-30,155.54,1539.88,338.13,1642.88,4198.25,7874.68,1,Promo modérée
13,2022-05-07,4473.51,98.76,3249.8,1966.35,2457.41,12245.83,1,Promo modérée
13,2022-05-14,2771.82,1846.22,1286.34,1995.87,1064.95,8965.2,1,Promo modérée
13,2022-05-21,2288.57,1928.47,412.15,3165.62,2558.72,10353.529999999999,1,Promo modérée
13,2022-05-28,4802.4,268.9,2732.2,3367.92,1352.6,12524.019999999999,1,Promo modérée
13,2022-06-04,1670.0,107.43,3325.81,2973.64,2847.2,10924.079999999998,1,Promo modérée
13,2022-06-11,4563.01,2191.6,3314.78,2610.84,2838.09,15518.320000000002,1,Promo modérée
13,2022-06-18,417.35,872.11,2174.91,964.72,995.56,5424.65,1,Promo modérée
13,2022-06-25,2869.31,442.15,1298.31,1435.31,3636.96,9682.04,1,Promo modérée
13,2022-07-02,10870.72,6284.02,4956.73,5381.55,7934.16,35427.17999999999,1,Promo forte
13,2022-07-09,3181.51,2547.81,2679.56,2565.26,1053.76,12027.9,1,Promo modérée
13,2022-07-16,4985.81,1833.63,3145.78,1169.05,3741.95,14876.220000000001,1,Promo modérée
13,2022-07-23,3170.18,1767.28,3660.77,3143.95,4369.43,16111.61,1,Promo modérée
13,2022-07-30,2137.18,715.18,16.79,658.17,18.27,3545.5899999999997,1,Promo faible
13,2022-08-06,4162.43,2925.9,2568.05,1615.35,1373.69,12645.420000000002,1,Promo modérée
13,2022-08-13,4.27,591.62,753.57,2509.92,1586.18,5445.56,1,Promo modérée
13,2022-08-20,2665.22,293.82,3162.03,1983.11,3257.86,11362.039999999999,1,Promo modérée
13,2022-08-27,2572.51,1404.31,2962.07,2913.77,3378.55,13231.21,1,Promo modérée
13,2022-09-03,4200.23,874.49,7586.05,4727.86,3511.78,20900.41,1,Promo forte
13,2022-09-10,4858.25,409.35,2273.22,2793.44,2364.93,12699.19,1,Promo modérée
13,2022-09-17,3806.06,2312.32,2653.78,755.34,1819.06,11346.56,1,Promo modérée
13,2022-09-24,1562.61,676.18,2023.24,2121.31,43.98,6427.32,1,Promo modérée
13,2022-10-01,2972.76,1279.88,1339.31,1979.72,3520.72,11092.390000000001,1,Promo modérée
13,2022-10-08,3801.94,1167.18,3006.48,1353.7,4044.18,13373.480000000001,1,Promo modérée
13,2022-10-15,2121.19,1477.27,3425.41,1831.17,1631.07,10486.11,1,Promo modérée
13,2022-10-22,605.24,664.83,1518.62,1261.39,1762.87,5812.95,1,Promo modérée
13,2022-10-29,1160.89,2156.09,2188.45,1563.73,3644.03,10713.19,1,Promo modérée
13,2022-11-05,4375.29,2452.75,2406.25,2636.16,1949.94,13820.390000000001,1,Promo modérée
13,2022-11-12,298.36,508.2,3183.33,4.01,1270.82,5264.72,1,Promo modérée
13,2022-11-19,2547.01,2175.93,1994.5,2129.72,4039.98,12887.14,1,Promo modérée
13,2022-11-26,327.49,3327.38,7077.26,4234.39,2669.4,17635.920000000002,1,Promo modérée
13,2022-12-03,849.98,2715.4,802.57,3463.55,32.9,7864.4,1,Promo modérée
13,2022-12-10,3467.13,2377.05,1026.79,1555.17,2966.01,11392.15,1,Promo modérée
13,2022-12-17,3905.22,2162.03,2623.34,542.83,1205.98,10439.4,1,Promo modérée
13,2022-12-24,7020.55,3732.12,1988.38,7069.19,1892.71,21702.949999999997,1,Promo forte
13,2022-12-31,7161.56,1435.24,1793.61,2499.14,70.59,12960.140000000001,1,Promo modérée
13,2023-01-07,5279.52,6373.55,2131.11,5553.66,7475.67,26813.510000000002,1,Promo forte
13,2023-01-14,3112.42,1427.95,3117.45,823.04,3391.3,11872.16,1,Promo modérée
13,2023-01-21,4909.04,1138.78,2554.5,563.76,4412.02,13578.1,1,Promo modérée
13,2023-01-28,3873.62,2015.32,1167.64,1713.92,496.95,9267.45,1,Promo modérée
13,2023-02-04,1150.27,229.71,3679.61,1856.44,1785.34,8701.37,1,Promo modérée
13,2023-02-11,1477.76,2927.37,1484.77,78.97,664.4,6633.2699999999995,1,Promo modérée
13,2023-02-18,4979.43,1799.52,132.79,285.57,2167.15,9364.460000000001,1,Promo modérée
13,2023-02-25,2673.7,2081.18,3585.94,514.05,1033.81,9888.679999999998,1,Promo modérée
13,2023-03-04,2115.86,2947.47,626.82,1892.84,444.92,8027.91,1,Promo modérée
13,2023-03-11,324.53,1164.48,582.96,804.96,2781.41,5658.34,1,Promo modérée
13,2023-03-18,95.63,2956.56,1468.46,2725.02,1465.41,8711.08,1,Promo modérée
13,2023-03-25,1800.1,2668.47,2761.57,508.98,2660.2,10399.32,1,Promo modérée
13,2023-04-01,1507.72,1362.23,2104.57,2976.77,4192.23,12143.52,1,Promo modérée
13,2023-04-08,1328.87,1544.96,1919.7,2116.48,2157.51,9067.52,1,Promo modérée
13,2023-04-15,383.7,1828.68,2726.94,1769.4,3124.04,9832.759999999998,1,Promo modérée
13,2023-04-22,376.29,1635.63,2678.98,3294.28,3327.01,11312.19,1,Promo modérée
13,2023-04-29,2980.49,1229.94,3353.93,648.12,2496.79,10709.27,1,Promo modérée
13,2023-05-06,3215.81,1182.71,1872.71,3171.93,4188.17,13631.33,1,Promo modérée
13,2023-05-13,1806.25,1555.94,3116.38,1967.27,4470.68,12916.52,1,Promo modérée
13,2023-05-20,4284.92,1638.46,1646.6,377.38,1770.36,9717.72,1,Promo modérée
13,2023-05-27,769.8,2072.17,3840.75,2243.33,2776.84,11702.89,1,Promo modérée
13,2023-06-03,3307.38,2696.43,3135.84,2733.2,4172.33,16045.179999999998,1,Promo modérée
13,2023-06-10,3938.01,83.18,227.55,235.05,3289.66,7773.45,1,Promo modérée
13,2023-06-17,1605.1,795.97,2609.28,1956.54,1630.85,8597.74,1,Promo modérée
13,2023-06-24,794.19,2347.32,2831.57,639.24,523.11,7135.429999999999,1,Promo modérée
13,2023-07-01,1365.76,3346.51,164.83,3015.33,740.94,8633.37,1,Promo modérée
13,2023-07-08,1808.08,2269.45,1475.66,2503.1,1662.65,9718.939999999999,1,Promo modérée
13,2023-07-15,164.57,1823.87,3796.39,3464.03,2178.74,11427.6,1,Promo modérée
13,2023-07-22,4370.0,2238.92,1987.51,1616.53,2878.21,13091.170000000002,1,Promo modérée
13,2023-07-29,2442.57,2467.96,1114.91,1829.25,1552.33,9407.02,1,Promo modérée
13,2023-08-05,3598.94,1042.74,3979.4,1058.39,1074.32,10753.789999999999,1,Promo modérée
13,2023-08-12,307.03,2756.8,324.3,3199.81,2208.63,8796.57,1,Promo modérée
13,2023-08-19,635.6,1518.51,2116.65,1800.56,2562.71,8634.029999999999,1,Promo modérée
13,2023-08-26,2851.2,1705.08,2729.8,298.89,2819.26,10404.23,1,Promo modérée
13,2023-09-02,1307.93,3901.82,8528.23,1207.12,8443.78,23388.879999999997,1,Promo forte
13,2023-09-09,4530.1,1079.5,252.06,2102.09,561.68,8525.43,1,Promo modérée
13,2023-09-16,560.57,1143.21,3098.24,1460.7,4375.64,10638.36,1,Promo modérée
13,2023-09-23,702.62,2203.48,3459.87,1877.22,1300.72,9543.909999999998,1,Promo modérée
13,2023-09-30,3044.34,2701.22,1228.33,653.43,3773.6,11400.92,1,Promo modérée
13,2023-10-07,2707.15,1843.3,1920.69,2096.38,811.71,9379.23,1,Promo modérée
13,2023-10-14,2255.96,1000.8,1214.42,1438.16,103.9,6013.24,1,Promo modérée
13,2023-10-21,4933.88,791.09,506.48,1294.13,3323.51,10849.09,1,Promo modérée
13,2023-10-28,1651.44,2174.61,2448.02,419.22,734.95,7428.24,1,Promo modérée
13,2023-11-04,853.22,934.13,81.08,2688.97,1804.54,6361.94,1,Promo modérée
13,2023-11-11,925.54,2915.72,2869.31,2919.15,59.1,9688.82,1,Promo modérée
13,2023-11-18,2145.36,52.85,943.9,996.77,503.37,4642.25,1,Promo faible
13,2023-11-25,5138.35,2588.05,6370.07,7004.03,247.86,21348.36,1,Promo forte
13,2023-12-02,4857.39,2830.28,1063.93,792.18,4308.71,13852.490000000002,1,Promo modérée
13,2023-12-09,1336.23,2637.75,649.92,225.38,1211.34,6060.62,1,Promo modérée
13,2023-12-16,4243.68,689.61,3269.39,822.17,3045.45,12070.3,1,Promo modérée
13,2023-12-23,1942.86,2364.93,5748.95,1801.77,1818.25,13676.76,1,Promo modérée
13,2023-12-30,590.17,2833.09,6936.2,5507.67,8521.87,24389.0,1,Promo forte
13,2024-01-06,2778.81,3112.14,3114.56,2739.36,8338.59,20083.46,1,Promo forte
13,2024-01-13,450.37,2989.68,2206.12,2451.67,1830.34,9928.18,1,Promo modérée
13,2024-01-20,760.3,2376.65,248.18,285.71,1343.22,5014.0599999999995,1,Promo modérée
13,2024-01-27,4764.35,838.07,2926.1,2025.01,1068.65,11622.18,1,Promo modérée
13,2024-02-03,4037.56,1444.39,2619.39,662.46,2400.78,11164.58,1,Promo modérée
13,2024-02-10,1771.1,2082.83,3765.16,2189.84,667.85,10476.78,1,Promo modérée
13,2024-02-17,1925.7,171.02,1523.13,3161.22,94.42,6875.49,1,Promo modérée
13,2024-02-24,2892.8,1388.81,674.41,64.94,2744.15,7765.110000000001,1,Promo modérée
13,2024-03-02,4043.71,807.78,3528.22,192.35,4234.3,12806.36,1,Promo modérée
13,2024-03-09,832.83,146.74,1582.07,2987.93,3397.17,8946.74,1,Promo modérée
13,2024-03-16,3934.8,1969.41,1864.76,3375.61,3955.64,15100.22,1,Promo modérée
13,2024-03-23,1971.21,920.02,1628.04,2008.69,1926.61,8454.570000000002,1,Promo modérée
13,2024-03-30,1841.58,2654.74,3020.95,1131.36,4221.82,12870.449999999999,1,Promo modérée
13,2024-04-06,2169.04,1076.91,2156.36,2788.71,3790.94,11981.96,1,Promo modérée
13,2024-04-13,3206.07,193.31,2935.32,1886.82,893.62,9115.140000000001,1,Promo modérée
13,2024-04-20,2309.6,446.1,2895.31,653.69,3323.47,9628.17,1,Promo modérée
13,2024-04-27,164.55,888.52,3483.68,64.14,2453.64,7054.530000000001,1,Promo modérée
13,2024-05-04,3460.15,2464.62,2582.76,1408.46,2123.59,12039.580000000002,1,Promo modérée
13,2024-05-11,4653.7,1735.54,715.85,2322.93,4458.43,13886.45,1,Promo modérée
13,2024-05-18,2628.94,2667.87,1319.31,217.18,2141.89,8975.189999999999,1,Promo modérée
13,2024-05-25,4434.67,1359.07,3086.56,2950.65,3198.94,15029.89,1,Promo modérée
13,2024-06-01,4047.9,2850.97,1860.96,2453.74,3316.62,14530.189999999999,1,Promo modérée
13,2024-06-08,305.51,2533.67,2695.93,2972.41,623.46,9130.98,1,Promo modérée
13,2024-06-15,4116.05,2126.12,525.05,2335.9,4000.89,13104.01,1,Promo modérée
13,2024-06-22,4460.13,2607.55,3991.64,2048.14,3380.36,16487.82,1,Promo modérée
13,2024-06-29,4153.96,2815.4,3475.33,3040.43,286.75,13771.87,1,Promo modérée
13,2024-07-06,7454.41,2166.13,4116.43,5249.31,9026.57,28012.850000000002,1,Promo forte
13,2024-07-13,1862.13,333.14,3884.42,2008.71,575.13,8663.53,1,Promo modérée
13,2024-07-20,4754.21,826.13,64.74,267.55,2610.88,8523.51,1,Promo modérée
13,2024-07-27,559.2,939.98,1671.04,558.11,2277.33,6005.66,1,Promo modérée
13,2024-08-03,476.87,1271.74,3660.56,2534.67,3670.27,11614.11,1,Promo modérée
13,2024-08-10,1827.13,544.93,2746.64,3482.32,2103.11,10704.130000000001,1,Promo modérée
13,2024-08-17,2523.12,1100.69,2995.09,3059.95,3972.98,13651.829999999998,1,Promo modérée
13,2024-08-24,3633.78,914.09,211.87,1307.66,3246.6,9314.0,1,Promo modérée
13,2024-08-31,4485.65,1297.69,665.73,1116.24,1944.75,9510.06,1,Promo modérée
13,2024-09-07,7379.43,4829.48,7143.93,6030.92,6753.61,32137.370000000003,1,Promo forte
13,2024-09-14,1464.06,2080.69,3698.96,625.52,370.56,8239.789999999999,1,Promo modérée
13,2024-09-21,3300.94,989.79,3508.63,376.53,170.92,8346.81,1,Promo modérée
13,2024-09-28,3778.04,492.83,3655.69,1288.0,3017.73,12232.289999999999,1,Promo modérée
13,2024-10-05,3843.65,2273.44,2682.75,1571.96,4007.88,14379.68,1,Promo modérée
13,2024-10-12,1602.97,1715.63,2885.88,1926.18,3537.59,11668.25,1,Promo modérée
13,2024-10-19,3443.0,978.45,2454.34,182.55,446.82,7505.16,1,Promo modérée
13,2024-10-26,4263.11,516.5,1945.14,2568.74,3482.91,12776.4,1,Promo modérée
13,2024-11-02,3705.43,957.42,418.82,2508.61,1348.64,8938.919999999998,1,Promo modérée
13,2024-11-09,1792.01,61.99,387.63,1016.76,2968.67,6227.06,1,Promo modérée
13,2024-11-16,860.94,201.69,2685.32,1621.91,3739.74,9109.6,1,Promo modérée
13,2024-11-23,3363.35,2695.56,2654.11,617.73,9300.39,18631.14,1,Promo modérée
13,2024-11-30,986.46,4242.04,1367.26,3190.75,6228.22,16014.73,1,Promo modérée
13,2024-12-07,1730.64,128.74,2877.91,3334.05,1188.5,9259.84,1,Promo modérée
13,2024-12-14,233.89,2922.82,3314.6,460.58,4148.09,11079.98,1,Promo modérée
13,2024-12-21,7254.28,391.04,8426.92,1137.94,7381.12,24591.3,1,Promo forte
14,2022-01-01,4616.64,4320.2,4435.82,5600.62,4744.5,23717.78,1,Promo forte
14,2022-01-08,1067.25,2803.82,3186.4,194.83,4495.24,11747.54,1,Promo modérée
14,2022-01-15,3898.81,717.11,1027.88,1074.92,2691.08,9409.8,1,Promo modérée
14,2022-01-22,2504.65,1091.5,1728.17,1359.43,4319.93,11003.68,1,Promo modérée
14,2022-01-29,3064.93,1404.55,3240.51,2686.62,2273.21,12669.82,1,Promo modérée
14,2022-02-05,1332.33,802.94,3555.81,2702.79,4169.45,12563.32,1,Promo modérée
14,2022-02-12,778.73,384.24,48.67,2205.84,1615.6,5033.08,1,Promo modérée
14,2022-02-19,1600.02,1001.86,3359.43,2267.15,3195.77,11424.23,1,Promo modérée
14,2022-02-26,4154.78,1766.92,2649.49,2270.89,262.78,11104.859999999999,1,Promo modérée
14,2022-03-05,3810.19,1573.56,52.65,2576.83,3294.98,11308.21,1,Promo modérée
14,2022-03-12,573.68,1809.85,1501.8,1236.11,3721.4,8842.84,1,Promo modérée
14,2022-03-19,2947.22,166.14,202.58,3091.04,3785.46,10192.439999999999,1,Promo modérée
14,2022-03-26,4749.8,2951.52,3465.8,3183.43,977.75,15328.3,1,Promo modérée
14,2022-04-02,425.84,1792.2,2746.32,771.12,1773.51,7508.990000000001,1,Promo modérée
14,2022-04-09,4703.73,2251.48,4.97,2679.65,3329.08,12968.91,1,Promo modérée
14,2022-04-16,3889.93,1276.37,615.45,3417.45,1089.18,10288.38,1,Promo modérée
14,2022-04-23,961.16,1349.88,628.65,1956.52,2986.71,7882.92,1,Promo modérée
14,2022-04-30,3306.75,1406.25,1997.58,448.54,3625.81,10784.93,1,Promo modérée
14,2022-05-07,2841.78,325.95,1491.11,849.43,2328.59,7836.860000000001,1,Promo modérée
14,2022-05-14,2880.93,1698.57,1047.64,2127.03,2591.6,10345.77,1,Promo modérée
14,2022-05-21,2686.73,1386.18,739.59,1070.08,3482.82,9365.4,1,Promo modérée
14,2022-05-28,3234.83,1550.55,3556.91,3463.47,521.26,12327.02,1,Promo modérée
14,2022-06-04,3666.57,1216.41,2510.43,2694.5,2466.97,12554.88,1,Promo modérée
14,2022-06-11,2309.9,2702.35,3626.12,2876.71,1688.84,13203.919999999998,1,Promo modérée
14,2022-06-18,354.82,995.33,1842.97,3344.18,1410.35,7947.65,1,Promo modérée
14,2022-06-25,3362.56,133.0,884.26,1594.89,1489.52,7464.23,1,Promo modérée
14,2022-07-02,3221.96,4825.47,6863.26,7416.31,4935.22,27262.22,1,Promo forte
14,2022-07-09,2188.26,2566.4,200.68,3086.87,3834.31,11876.52,1,Promo modérée
14,2022-07-16,555.85,1770.65,2726.73,3270.16,3510.92,11834.31,1,Promo modérée
14,2022-07-23,4406.06,2248.86,3030.15,2282.9,2281.7,14249.669999999998,1,Promo modérée
14,2022-07-30,801.14,2106.34,2769.02,1607.57,608.53,7892.599999999999,1,Promo modérée
14,2022-08-06,4145.34,2283.02,745.23,2517.08,3008.31,12698.98,1,Promo modérée
14,2022-08-13,1829.36,2380.99,2951.7,3239.08,263.83,10664.96,1,Promo modérée
14,2022-08-20,2734.01,307.24,2570.78,1138.02,2847.22,9597.27,1,Promo modérée
14,2022-08-27,4614.64,623.19,2418.25,1413.6,3484.0,12553.68,1,Promo modérée
14,2022-09-03,2419.78,4013.47,5491.45,3381.03,4817.44,20123.170000000002,1,Promo forte
14,2022-09-10,4877.88,2179.4,3660.18,1063.52,3338.4,15119.380000000001,1,Promo modérée
14,2022-09-17,2405.66,2481.54,3331.48,2977.1,3615.41,14811.19,1,Promo modérée
14,2022-09-24,1231.86,1522.03,567.4,2420.7,1511.65,7253.639999999999,1,Promo modérée
14,2022-10-01,3118.61,2517.52,3036.65,2095.71,4325.06,15093.550000000003,1,Promo modérée
14,2022-10-08,613.7,1620.32,2444.83,3491.96,4388.37,12559.18,1,Promo modérée
14,2022-10-15,4259.18,648.96,2023.33,3381.04,4261.64,14574.150000000001,1,Promo modérée
14,2022-10-22,3090.25,274.66,452.64,379.55,3259.61,7456.709999999999,1,Promo modérée
14,2022-10-29,3532.38,2054.17,2062.08,1625.17,1790.17,11063.97,1,Promo modérée
14,2022-11-05,1798.82,2541.0,1311.55,2456.81,202.99,8311.17,1,Promo modérée
14,2022-11-12,2304.41,2474.51,2798.78,3385.85,3649.99,14613.54,1,Promo modérée
14,2022-11-19,1256.56,2765.27,3704.25,2795.98,4418.01,14940.07,1,Promo modérée
14,2022-11-26,1035.19,1444.35,4431.32,6526.0,8533.47,21970.33,1,Promo forte
14,2022-12-03,2270.33,831.68,3665.65,1357.77,2265.32,10390.75,1,Promo modérée
14,2022-12-10,4499.24,11.78,1456.91,590.12,3408.04,9966.09,1,Promo modérée
14,2022-12-17,3859.09,652.25,894.7,962.77,2640.45,9009.259999999998,1,Promo modérée
14,2022-12-24,3651.75,5835.53,6931.84,4819.35,3346.62,24585.09,1,Promo forte
14,2022-12-31,8240.15,3773.47,2747.21,5742.52,2047.28,22550.629999999997,1,Promo forte
14,2023-01-07,2117.29,658.18,6541.58,6824.21,6443.3,22584.559999999998,1,Promo forte
14,2023-01-14,2974.13,2331.69,2945.56,3387.26,516.97,12155.609999999999,1,Promo modérée
14,2023-01-21,4890.0,1536.24,3323.04,1495.49,1900.41,13145.179999999998,1,Promo modérée
14,2023-01-28,280.66,2446.63,2480.92,3358.95,1135.08,9702.24,1,Promo modérée
14,2023-02-04,629.89,672.4,424.58,3338.67,1253.53,6319.07,1,Promo modérée
14,2023-02-11,3527.82,2486.47,3510.68,2249.24,4005.03,15779.24,1,Promo modérée
14,2023-02-18,4530.69,120.5,1590.06,3317.32,1123.43,10682.0,1,Promo modérée
14,2023-02-25,3234.7,2608.85,3103.59,2205.33,4420.17,15572.64,1,Promo modérée
14,2023-03-04,2257.29,1154.64,3130.94,562.15,4392.43,11497.45,1,Promo modérée
14,2023-03-11,293.14,449.03,2983.19,652.75,1059.82,5437.93,1,Promo modérée
14,2023-03-18,1734.04,2096.94,360.41,3109.17,4092.75,11393.310000000001,1,Promo modérée
14,2023-03-25,25.34,1225.57,2519.24,1162.63,3765.23,8698.01,1,Promo modérée
14,2023-04-01,465.48,918.31,1853.3,1742.97,2439.88,7419.9400000000005,1,Promo modérée
14,2023-04-08,568.81,1430.9,1424.91,1718.63,4148.4,9291.65,1,Promo modérée
14,2023-04-15,3900.3,1540.17,999.08,1627.81,2536.66,10604.02,1,Promo modérée
14,2023-04-22,1772.45,2438.86,1979.73,3481.42,2057.04,11729.5,1,Promo modérée
14,2023-04-29,1768.69,2218.45,1976.94,100.26,2775.82,8840.16,1,Promo modérée
14,2023-05-06,1094.34,2282.92,2883.82,3164.29,152.2,9577.57,1,Promo modérée
14,2023-05-13,4710.73,1307.8,3941.62,198.94,3230.23,13389.32,1,Promo modérée
14,2023-05-20,4479.99,2073.72,1035.98,3155.84,1931.83,12677.359999999999,1,Promo modérée
14,2023-05-27,705.23,1948.99,765.38,1441.73,766.33,5627.66,1,Promo modérée
14,2023-06-03,2507.49,743.06,2740.64,2464.92,1610.86,10066.970000000001,1,Promo modérée
14,2023-06-10,3.06,2596.13,3289.7,431.17,1683.47,8003.53,1,Promo modérée
14,2023-06-17,2149.7,291.67,1558.38,52.88,4042.23,8094.860000000001,1,Promo modérée
14,2023-06-24,1296.9,1160.07,3211.47,1352.95,920.94,7942.33,1,Promo modérée
14,2023-07-01,7987.99,4503.1,1191.19,1100.24,7477.89,22260.41,1,Promo forte
14,2023-07-08,1440.78,27.67,920.29,1468.25,546.37,4403.36,1,Promo faible
14,2023-07-15,1729.13,2031.43,818.77,2164.19,583.14,7326.660000000001,1,Promo modérée
14,2023-07-22,1669.16,983.36,1602.62,2471.14,2546.14,9272.419999999998,1,Promo modérée
14,2023-07-29,901.17,1531.19,2020.26,479.54,908.53,5840.69,1,Promo modérée
14,2023-08-05,21.87,2910.71,3774.0,1692.78,4477.73,12877.09,1,Promo modérée
14,2023-08-12,3150.26,2529.55,3593.08,1567.8,218.37,11059.06,1,Promo modérée
14,2023-08-19,590.98,500.2,1783.29,1190.6,2104.46,6169.530000000001,1,Promo modérée
14,2023-08-26,496.3,2558.42,2025.59,2682.42,969.4,8732.130000000001,1,Promo modérée
14,2023-09-02,9848.24,5230.42,6607.72,282.81,7909.73,29878.920000000002,1,Promo forte
14,2023-09-09,3306.74,1824.21,432.6,2296.05,4157.8,12017.400000000001,1,Promo modérée
14,2023-09-16,1435.0,1062.39,115.65,3435.43,2811.6,8860.07,1,Promo modérée
14,2023-09-23,1799.54,1391.84,1103.93,630.17,2504.73,7430.210000000001,1,Promo modérée
14,2023-09-30,4898.6,2486.27,2383.46,3252.37,2003.76,15024.460000000001,1,Promo modérée
14,2023-10-07,1890.77,1879.1,1219.98,2162.71,1240.86,8393.42,1,Promo modérée
14,2023-10-14,3582.64,2048.16,2236.01,440.8,851.56,9159.169999999998,1,Promo modérée
14,2023-10-21,2613.93,2146.71,440.98,941.62,4313.33,10456.57,1,Promo modérée
14,2023-10-28,1166.29,1926.98,1821.47,1938.15,550.64,7403.53,1,Promo modérée
14,2023-11-04,343.85,2376.32,2949.08,3156.96,1063.82,9890.029999999999,1,Promo modérée
14,2023-11-11,266.65,2144.61,2173.17,2901.36,1223.01,8708.800000000001,1,Promo modérée
14,2023-11-18,4061.84,1721.23,760.62,2369.64,3207.39,12120.72,1,Promo modérée
14,2023-11-25,10773.13,1169.61,2868.78,4172.48,1685.12,20669.12,1,Promo forte
14,2023-12-02,2144.65,2286.6,3812.73,3449.16,1898.86,13592.0,1,Promo modérée
14,2023-12-09,1247.61,1521.96,518.21,3050.59,1610.54,7948.91,1,Promo modérée
14,2023-12-16,3765.43,2885.92,1183.4,575.97,2263.81,10674.529999999999,1,Promo modérée
14,2023-12-23,2050.02,2191.09,4960.2,5593.83,4770.72,19565.86,1,Promo modérée
14,2023-12-30,7517.69,116.37,4726.25,4844.99,9847.08,27052.379999999997,1,Promo forte
14,2024-01-06,6739.27,5285.85,3583.3,2461.45,4586.12,22655.99,1,Promo forte
14,2024-01-13,754.39,375.35,1612.3,3489.45,780.11,7011.599999999999,1,Promo modérée
14,2024-01-20,3758.53,1966.4,3070.96,1730.76,4461.21,14987.86,1,Promo modérée
14,2024-01-27,4606.84,1680.01,180.44,1427.52,1874.21,9769.02,1,Promo modérée
14,2024-02-03,3850.2,1905.15,948.78,3059.16,3294.54,13057.830000000002,1,Promo modérée
14,2024-02-10,4757.03,453.4,1990.91,2031.98,1481.74,10715.06,1,Promo modérée
14,2024-02-17,1296.91,2206.37,2205.62,1095.46,722.64,7527.0,1,Promo modérée
14,2024-02-24,1099.89,1012.65,1526.16,3405.27,25.35,7069.32,1,Promo modérée
14,2024-03-02,4819.04,1186.8,105.18,785.22,4253.83,11150.07,1,Promo modérée
14,2024-03-09,440.46,2578.59,2364.28,3157.37,3097.59,11638.29,1,Promo modérée
14,2024-03-16,2421.3,2537.88,2578.1,2804.59,3538.64,13880.51,1,Promo modérée
14,2024-03-23,3387.17,2991.71,122.17,319.35,346.62,7167.02,1,Promo modérée
14,2024-03-30,4484.39,968.58,352.62,203.54,3834.6,9843.73,1,Promo modérée
14,2024-04-06,4790.57,191.41,3094.93,1083.72,175.75,9336.38,1,Promo modérée
14,2024-04-13,2673.93,2332.12,2324.15,1003.23,3303.52,11636.949999999999,1,Promo modérée
14,2024-04-20,4343.14,2648.21,1779.87,1776.81,1870.89,12418.92,1,Promo modérée
14,2024-04-27,3051.54,2987.72,2382.2,2750.55,3460.78,14632.789999999999,1,Promo modérée
14,2024-05-04,2852.85,2138.72,3110.3,950.31,660.57,9712.75,1,Promo modérée
14,2024-05-11,267.33,1529.25,1471.94,1871.33,1901.4,7041.25,1,Promo modérée
14,2024-05-18,4623.22,1616.01,3505.63,436.98,2222.05,12403.89,1,Promo modérée
14,2024-05-25,3348.99,2814.99,343.16,1146.17,1998.29,9651.599999999999,1,Promo modérée
14,2024-06-01,3550.52,2654.49,2055.62,2033.88,733.21,11027.720000000001,1,Promo modérée
14,2024-06-08,2608.92,576.29,1064.35,1344.05,2804.67,8398.279999999999,1,Promo modérée
14,2024-06-15,394.52,73.24,1005.04,320.57,1513.53,3306.8999999999996,1,Promo faible
14,2024-06-22,1410.34,2655.16,1596.96,1403.13,1824.08,8889.67,1,Promo modérée
14,2024-06-29,1596.5,224.04,609.04,157.0,1315.82,3902.3999999999996,1,Promo faible
14,2024-07-06,10962.61,1533.34,2460.22,7483.22,1769.89,24209.28,1,Promo forte
14,2024-07-13,4073.49,944.35,1613.95,848.07,4008.41,11488.27,1,Promo modérée
14,2024-07-20,2174.68,1894.5,1541.61,1251.6,4.5,6866.889999999999,1,Promo modérée
14,2024-07-27,2743.96,807.85,3997.2,2064.13,3065.19,12678.33,1,Promo modérée
14,2024-08-03,3327.67,2685.44,2741.36,1447.22,1627.0,11828.69,1,Promo modérée
14,2024-08-10,4625.77,1655.64,3161.97,750.08,1548.18,11741.640000000001,1,Promo modérée
14,2024-08-17,3756.15,845.68,876.27,3241.46,2572.69,11292.250000000002,1,Promo modérée
14,2024-08-24,3052.38,1260.38,3542.4,2643.09,2686.28,13184.53,1,Promo modérée
14,2024-08-31,2477.7,2082.67,277.17,2608.03,1520.98,8966.55,1,Promo modérée
14,2024-09-07,3610.27,5887.0,3240.69,5577.59,819.2,19134.750000000004,1,Promo modérée
14,2024-09-14,2274.15,2325.43,772.15,1968.18,335.79,7675.7,1,Promo modérée
14,2024-09-21,3755.35,1545.89,345.94,2573.79,3749.53,11970.5,1,Promo modérée
14,2024-09-28,778.75,492.66,283.54,1119.7,2130.79,4805.4400000000005,1,Promo faible
14,2024-10-05,1022.41,175.52,2184.03,2451.07,4492.13,10325.16,1,Promo modérée
14,2024-10-12,2991.26,158.94,313.55,72.67,1668.75,5205.17,1,Promo modérée
14,2024-10-19,3984.96,2395.19,3101.66,1836.92,1280.55,12599.279999999999,1,Promo modérée
14,2024-10-26,3371.05,2058.71,2610.04,1454.61,450.77,9945.18,1,Promo modérée
14,2024-11-02,963.95,397.65,1622.1,795.27,1099.31,4878.28,1,Promo faible
14,2024-11-09,4757.74,336.6,3334.14,2044.07,657.74,11130.289999999999,1,Promo modérée
14,2024-11-16,2674.39,2054.01,1794.96,3020.59,3912.57,13456.52,1,Promo modérée
14,2024-11-23,4187.35,3967.24,5536.96,3668.63,1236.34,18596.52,1,Promo modérée
14,2024-11-30,7306.4,3944.7,1785.75,3297.53,6889.36,23223.739999999998,1,Promo forte
14,2024-12-07,1302.73,1849.38,3692.96,336.04,2263.63,9444.74,1,Promo modérée
14,2024-12-14,318.32,197.51,170.98,1432.01,3232.83,5351.65,1,Promo modérée
14,2024-12-21,6606.13,4520.13,4106.2,2592.72,6129.6,23954.78,1,Promo forte
15,2022-01-01,838.4,3650.88,2892.54,934.95,4615.94,12932.71,1,Promo modérée
15,2022-01-08,4122.38,2748.75,830.7,1887.54,1250.81,10840.179999999998,1,Promo modérée
15,2022-01-15,632.45,159.22,3070.7,2330.76,2243.37,8436.5,1,Promo modérée
15,2022-01-22,2498.45,1585.55,2767.61,2489.23,1699.33,11040.17,1,Promo modérée
15,2022-01-29,4447.98,2089.08,3594.63,2481.98,4369.46,16983.129999999997,1,Promo modérée
15,2022-02-05,2895.63,2950.48,1670.42,742.15,2346.94,10605.62,1,Promo modérée
15,2022-02-12,4484.82,874.76,1306.89,1300.39,1775.49,9742.35,1,Promo modérée
15,2022-02-19,4634.7,73.29,3954.01,2485.08,2341.77,13488.85,1,Promo modérée
15,2022-02-26,464.9,1863.37,1101.38,61.72,2487.18,5978.549999999999,1,Promo modérée
15,2022-03-05,3057.15,347.14,2043.72,1740.39,271.81,7460.210000000001,1,Promo modérée
15,2022-03-12,4311.46,1027.63,3786.03,251.12,2187.94,11564.180000000002,1,Promo modérée
15,2022-03-19,90.55,1825.11,1965.91,686.1,4480.87,9048.54,1,Promo modérée
15,2022-03-26,3877.48,2790.99,1435.31,2819.54,2242.83,13166.15,1,Promo modérée
15,2022-04-02,3362.17,783.7,1299.17,3262.16,3053.38,11760.580000000002,1,Promo modérée
15,2022-04-09,1593.52,481.43,2043.54,1357.37,718.1,6193.96,1,Promo modérée
15,2022-04-16,4295.19,2102.95,176.62,551.72,319.45,7445.929999999999,1,Promo modérée
15,2022-04-23,323.02,1589.59,1093.28,2786.13,36.24,5828.26,1,Promo modérée
15,2022-04-30,4667.81,627.21,3978.26,2707.18,3269.57,15250.03,1,Promo modérée
15,2022-05-07,3524.92,247.15,1422.59,1519.0,1172.83,7886.49,1,Promo modérée
15,2022-05-14,314.88,2839.37,3060.97,2557.98,777.87,9551.07,1,Promo modérée
15,2022-05-21,2878.81,2552.44,620.38,53.26,3106.05,9210.94,1,Promo modérée
15,2022-05-28,3143.16,2752.22,1265.9,760.0,479.53,8400.81,1,Promo modérée
15,2022-06-04,1604.33,2119.68,3480.97,2746.71,2387.87,12339.559999999998,1,Promo modérée
15,2022-06-11,4212.33,1014.65,873.0,3050.08,4059.6,13209.66,1,Promo modérée
15,2022-06-18,315.75,1780.03,3811.28,917.33,4089.72,10914.109999999999,1,Promo modérée
15,2022-06-25,3688.06,2392.26,988.82,2505.54,3654.47,13229.15,1,Promo modérée
15,2022-07-02,10759.08,5431.47,3835.39,4131.98,2767.33,26925.25,1,Promo forte
15,2022-07-09,4764.02,1811.69,2423.09,448.09,4484.2,13931.09,1,Promo modérée
15,2022-07-16,2610.42,582.28,2757.96,3160.42,736.68,9847.76,1,Promo modérée
15,2022-07-23,3478.79,965.73,3260.58,1924.96,3910.5,13540.560000000001,1,Promo modérée
15,2022-07-30,450.04,1326.25,3559.84,1636.39,3823.71,10796.23,1,Promo modérée
15,2022-08-06,3948.83,709.93,3795.2,2011.02,3416.96,13881.939999999999,1,Promo modérée
15,2022-08-13,234.07,911.1,1773.28,602.93,3284.99,6806.369999999999,1,Promo modérée
15,2022-08-20,3692.86,2883.62,466.19,2483.49,1036.55,10562.71,1,Promo modérée
15,2022-08-27,1709.93,2698.76,2967.25,3402.64,2695.82,13474.4,1,Promo modérée
15,2022-09-03,7402.61,3503.33,3391.73,1147.99,219.18,15664.839999999998,1,Promo modérée
15,2022-09-10,3621.14,1156.98,293.51,2844.56,2608.34,10524.53,1,Promo modérée
15,2022-09-17,3760.23,2128.13,1157.09,217.09,3861.35,11123.890000000001,1,Promo modérée
15,2022-09-24,217.73,2297.41,2289.89,1489.07,3348.36,9642.46,1,Promo modérée
15,2022-10-01,3344.77,1313.96,2293.04,2609.65,3478.64,13040.06,1,Promo modérée
15,2022-10-08,2078.64,1783.8,1679.94,535.49,2112.42,8190.289999999999,1,Promo modérée
15,2022-10-15,2073.44,2358.88,1651.44,2437.86,2282.46,10804.080000000002,1,Promo modérée
15,2022-10-22,1044.46,201.2,2011.74,1748.47,3181.05,8186.92,1,Promo modérée
15,2022-10-29,2884.73,1264.69,2388.85,3315.37,868.02,10721.66,1,Promo modérée
15,2022-11-05,3131.83,393.67,3529.39,2899.93,2934.3,12889.119999999999,1,Promo modérée
15,2022-11-12,3509.37,1700.79,2351.77,1158.42,2079.38,10799.73,1,Promo modérée
15,2022-11-19,4815.32,1667.17,2426.49,650.02,3128.89,12687.89,1,Promo modérée
15,2022-11-26,548.32,5490.34,2730.9,485.91,740.4,9995.869999999999,1,Promo modérée
15,2022-12-03,4023.48,521.54,1971.52,2408.13,2933.96,11858.630000000001,1,Promo modérée
15,2022-12-10,4419.96,233.68,223.55,816.56,2848.6,8542.35,1,Promo modérée
15,2022-12-17,1242.79,902.07,2454.24,3310.08,3036.34,10945.52,1,Promo modérée
15,2022-12-24,8878.46,3011.58,7451.18,7613.54,713.06,27667.820000000003,1,Promo forte
15,2022-12-31,9577.31,152.77,2778.98,1422.15,9222.24,23153.449999999997,1,Promo forte
15,2023-01-07,2577.51,1278.61,1961.69,5456.17,400.41,11674.39,1,Promo modérée
15,2023-01-14,1859.4,2417.83,2134.5,369.13,3586.95,10367.81,1,Promo modérée
15,2023-01-21,732.35,2603.13,1136.6,2740.53,3019.48,10232.09,1,Promo modérée
15,2023-01-28,1203.56,1036.33,3332.58,1282.37,3395.8,10250.64,1,Promo modérée
15,2023-02-04,4311.71,1865.47,3269.18,2280.55,1907.77,13634.68,1,Promo modérée
15,2023-02-11,3690.21,982.04,3308.82,2691.44,1267.36,11939.87,1,Promo modérée
15,2023-02-18,1476.05,855.59,3171.46,3282.08,3506.12,12291.3,1,Promo modérée
15,2023-02-25,4040.06,1160.88,3334.79,1335.63,3708.67,13580.03,1,Promo modérée
15,2023-03-04,4741.04,1720.82,2031.28,2937.88,3895.93,15326.95,1,Promo modérée
15,2023-03-11,2983.94,1062.2,1856.9,1148.28,1821.26,8872.58,1,Promo modérée
15,2023-03-18,1368.33,793.04,1343.59,2951.41,122.79,6579.16,1,Promo modérée
15,2023-03-25,1095.72,2587.85,3575.03,896.46,1892.3,10047.36,1,Promo modérée
15,2023-04-01,4557.75,977.85,626.69,2480.56,2427.09,11069.94,1,Promo modérée
15,2023-04-08,3274.28,120.39,2438.33,2510.45,1659.38,10002.830000000002,1,Promo modérée
15,2023-04-15,1262.35,836.81,3796.53,1257.47,16.22,7169.380000000001,1,Promo modérée
15,2023-04-22,3040.31,1502.34,1528.88,3145.35,1097.84,10314.72,1,Promo modérée
15,2023-04-29,3045.33,655.41,2604.67,2679.1,1610.5,10595.01,1,Promo modérée
15,2023-05-06,2755.82,2908.58,3924.98,986.13,1986.3,12561.809999999998,1,Promo modérée
15,2023-05-13,563.85,2840.3,2120.88,990.25,1575.97,8091.250000000001,1,Promo modérée
15,2023-05-20,2301.9,2479.5,1692.42,883.07,4425.37,11782.259999999998,1,Promo modérée
15,2023-05-27,3802.67,2807.44,2047.18,8.83,1687.77,10353.890000000001,1,Promo modérée
15,2023-06-03,2159.63,1670.37,2326.76,2997.04,1387.6,10541.4,1,Promo modérée
15,2023-06-10,1805.69,1868.08,923.25,3221.17,2587.11,10405.300000000001,1,Promo modérée
15,2023-06-17,1361.26,2586.02,146.44,1526.51,529.05,6149.28,1,Promo modérée
15,2023-06-24,1745.52,2833.19,2837.05,1476.3,1919.09,10811.15,1,Promo modérée
15,2023-07-01,2460.62,4775.49,5348.85,3860.34,6177.81,22623.11,1,Promo forte
15,2023-07-08,1607.18,1218.02,3233.61,2082.91,2465.61,10607.33,1,Promo modérée
15,2023-07-15,347.08,22.26,3652.98,1429.35,2108.53,7560.200000000001,1,Promo modérée
15,2023-07-22,4169.54,497.49,212.6,670.61,1204.82,6755.0599999999995,1,Promo modérée
15,2023-07-29,455.66,441.61,2035.29,3226.64,3868.05,10027.25,1,Promo modérée
15,2023-08-05,3114.09,441.36,2174.96,1351.24,1991.42,9073.07,1,Promo modérée
15,2023-08-12,4898.34,355.58,1034.1,3119.53,2172.2,11579.75,1,Promo modérée
15,2023-08-19,260.15,1314.68,3226.54,2050.89,2728.55,9580.810000000001,1,Promo modérée
15,2023-08-26,4289.65,1451.07,3348.59,1113.02,1524.79,11727.119999999999,1,Promo modérée
15,2023-09-02,929.39,452.12,5240.44,5565.1,9512.77,21699.82,1,Promo forte
15,2023-09-09,2164.74,1465.41,258.05,1700.94,1918.44,7507.58,1,Promo modérée
15,2023-09-16,1255.03,536.85,2628.85,3480.51,2934.49,10835.73,1,Promo modérée
15,2023-09-23,4845.01,1490.33,1160.8,2695.43,596.06,10787.63,1,Promo modérée
15,2023-09-30,4927.56,2810.16,1984.14,861.26,2619.04,13202.16,1,Promo modérée
15,2023-10-07,354.57,1000.25,71.18,2623.23,2883.11,6932.34,1,Promo modérée
15,2023-10-14,3881.84,2363.69,137.14,3172.45,4133.03,13688.150000000001,1,Promo modérée
15,2023-10-21,2046.9,2318.42,1615.53,2392.53,456.34,8829.72,1,Promo modérée
15,2023-10-28,3969.84,1831.23,2299.82,2382.18,1528.4,12011.47,1,Promo modérée
15,2023-11-04,65.13,1788.59,3769.53,2132.93,3523.15,11279.33,1,Promo modérée
15,2023-11-11,1123.66,1008.39,894.9,1582.61,3982.79,8592.35,1,Promo modérée
15,2023-11-18,2677.24,2582.4,1962.11,2385.45,385.4,9992.599999999999,1,Promo modérée
15,2023-11-25,10677.17,5617.9,2777.27,7423.02,6824.47,33319.83,1,Promo forte
15,2023-12-02,4148.43,1936.72,1456.78,1752.33,4073.14,13367.4,1,Promo modérée
15,2023-12-09,4891.7,1312.09,1887.36,1745.09,3978.47,13814.71,1,Promo modérée
15,2023-12-16,4654.86,2847.38,3796.61,3302.9,3668.59,18270.34,1,Promo modérée
15,2023-12-23,4303.4,6410.55,3090.01,6682.27,922.79,21409.020000000004,1,Promo forte
15,2023-12-30,2124.82,5529.58,557.94,2300.0,100.73,10613.07,1,Promo modérée
15,2024-01-06,2290.95,4754.11,7137.84,1067.23,4819.61,20069.739999999998,1,Promo forte
15,2024-01-13,1080.93,930.0,3866.61,2970.38,3959.76,12807.68,1,Promo modérée
15,2024-01-20,2005.35,1781.94,1148.58,2967.83,679.95,8583.65,1,Promo modérée
15,2024-01-27,1362.75,1202.21,1912.66,1902.94,1237.46,7618.0199999999995,1,Promo modérée
15,2024-02-03,2728.21,996.81,3789.35,2957.89,4421.65,14893.91,1,Promo modérée
15,2024-02-10,4904.08,1880.15,3526.46,1151.86,1831.29,13293.84,1,Promo modérée
15,2024-02-17,2242.58,1593.2,3602.06,1930.76,1149.29,10517.89,1,Promo modérée
15,2024-02-24,546.77,1214.75,3218.49,1636.5,3789.07,10405.58,1,Promo modérée
15,2024-03-02,4362.13,2256.61,927.94,3446.6,2260.26,13253.54,1,Promo modérée
15,2024-03-09,1674.38,1601.1,1810.22,128.61,1171.96,6386.2699999999995,1,Promo modérée
15,2024-03-16,4784.13,1932.12,3930.44,1091.17,838.2,12576.060000000001,1,Promo modérée
15,2024-03-23,1460.9,2227.9,2023.33,567.46,2595.69,8875.28,1,Promo modérée
15,2024-03-30,434.89,1408.95,3008.32,1260.96,1059.51,7172.63,1,Promo modérée
15,2024-04-06,724.54,309.66,2465.19,404.47,3791.82,7695.68,1,Promo modérée
15,2024-04-13,4685.77,2682.28,230.37,591.75,3395.69,11585.86,1,Promo modérée
15,2024-04-20,1093.9,2613.86,211.89,2737.68,2771.19,9428.52,1,Promo modérée
15,2024-04-27,1838.87,2058.05,2410.47,1838.22,4006.87,12152.48,1,Promo modérée
15,2024-05-04,4539.33,1942.79,1911.53,2851.46,2028.99,13274.1,1,Promo modérée
15,2024-05-11,3448.44,1437.08,1207.03,1637.41,943.33,8673.29,1,Promo modérée
15,2024-05-18,3094.73,907.82,3866.79,986.48,2649.95,11505.77,1,Promo modérée
15,2024-05-25,3506.85,626.1,1622.38,1170.73,1548.06,8474.119999999999,1,Promo modérée
15,2024-06-01,1483.98,2991.22,3816.76,3291.86,3650.07,15233.89,1,Promo modérée
15,2024-06-08,3054.76,122.5,3877.83,3215.36,1713.45,11983.900000000001,1,Promo modérée
15,2024-06-15,1390.56,1340.52,1715.86,3357.67,788.9,8593.51,1,Promo modérée
15,2024-06-22,2554.88,1979.23,2253.45,243.07,2681.26,9711.89,1,Promo modérée
15,2024-06-29,4699.13,750.4,1258.25,2199.43,3427.32,12334.529999999999,1,Promo modérée
15,2024-07-06,2159.39,5835.98,3527.6,6412.23,6649.49,24584.689999999995,1,Promo forte
15,2024-07-13,4070.89,317.62,888.14,1762.87,3737.15,10776.67,1,Promo modérée
15,2024-07-20,4677.83,2353.92,2611.31,1517.67,504.5,11665.23,1,Promo modérée
15,2024-07-27,2481.3,1843.94,2758.7,2519.04,2511.49,12114.47,1,Promo modérée
15,2024-08-03,1611.61,2765.78,3549.94,1418.01,172.38,9517.72,1,Promo modérée
15,2024-08-10,3169.14,2151.85,76.13,367.8,1617.68,7382.6,1,Promo modérée
15,2024-08-17,3763.13,2451.12,2663.43,2573.71,1223.0,12674.39,1,Promo modérée
15,2024-08-24,4876.66,2964.87,3179.57,2201.7,2340.28,15563.08,1,Promo modérée
15,2024-08-31,1668.87,2564.17,599.42,3310.75,2283.63,10426.84,1,Promo modérée
15,2024-09-07,6894.84,3328.86,8510.62,5329.21,2488.06,26551.59,1,Promo forte
15,2024-09-14,4499.83,858.34,1035.67,3220.92,3624.87,13239.630000000001,1,Promo modérée
15,2024-09-21,4126.07,1642.26,2676.79,1724.99,3140.11,13310.22,1,Promo modérée
15,2024-09-28,754.82,2470.72,1254.64,1589.33,1929.38,7998.89,1,Promo modérée
15,2024-10-05,957.97,1654.6,3788.35,261.65,193.88,6856.45,1,Promo modérée
15,2024-10-12,359.67,589.24,1200.11,2193.56,3083.28,7425.860000000001,1,Promo modérée
15,2024-10-19,2621.04,668.27,3384.91,2863.83,1782.32,11320.369999999999,1,Promo modérée
15,2024-10-26,4220.39,652.16,59.21,939.78,859.74,6731.28,1,Promo modérée
15,2024-11-02,3534.84,1735.41,3945.0,3499.65,3912.87,16627.77,1,Promo modérée
15,2024-11-09,116.89,1613.74,871.99,1952.57,2099.01,6654.2,1,Promo modérée
15,2024-11-16,4231.16,959.46,1752.4,1646.45,1254.28,9843.750000000002,1,Promo modérée
15,2024-11-23,3870.0,2084.49,5382.24,1023.04,2505.01,14864.78,1,Promo modérée
15,2024-11-30,2699.52,4322.84,537.74,3362.87,9039.78,19962.75,1,Promo modérée
15,2024-12-07,362.58,2982.17,3480.09,1630.76,2998.69,11454.29,1,Promo modérée
15,2024-12-14,4557.87,29.98,3130.02,201.34,2152.0,10071.21,1,Promo modérée
15,2024-12-21,6422.21,435.9,1188.83,5110.1,5164.22,18321.260000000002,1,Promo modérée
16,2022-01-01,7068.97,486.09,56.76,1160.04,4186.78,12958.64,1,Promo modérée
16,2022-01-08,1171.66,1542.74,3189.86,2913.72,3809.34,12627.32,1,Promo modérée
16,2022-01-15,4741.92,41.23,1761.46,2267.2,3157.99,11969.8,1,Promo modérée
16,2022-01-22,102.61,2349.79,318.82,493.68,2586.74,5851.639999999999,1,Promo modérée
16,2022-01-29,4871.79,813.28,2812.11,3249.64,3088.29,14835.11,1,Promo modérée
16,2022-02-05,3500.65,2990.46,134.58,228.31,350.78,7204.780000000001,1,Promo modérée
16,2022-02-12,2286.6,646.99,3464.43,2051.53,4250.53,12700.080000000002,1,Promo modérée
16,2022-02-19,3627.83,147.84,2815.12,1442.61,1382.44,9415.84,1,Promo modérée
16,2022-02-26,1531.91,482.72,2032.74,40.96,1354.39,5442.72,1,Promo modérée
16,2022-03-05,2808.47,2426.13,761.28,3051.11,3408.97,12455.96,1,Promo modérée
16,2022-03-12,4315.67,1753.32,852.94,316.82,3148.18,10386.93,1,Promo modérée
16,2022-03-19,2913.59,2118.01,3239.78,2136.88,498.96,10907.220000000001,1,Promo modérée
16,2022-03-26,1510.85,2252.36,3404.41,2374.14,1127.53,10669.29,1,Promo modérée
16,2022-04-02,3237.59,1313.13,377.94,2591.28,3596.96,11116.900000000001,1,Promo modérée
16,2022-04-09,1525.56,1196.46,3340.99,1366.38,50.71,7480.1,1,Promo modérée
16,2022-04-16,904.37,555.44,653.53,2761.23,27.1,4901.67,1,Promo faible
16,2022-04-23,1799.39,822.62,2044.42,3427.32,559.37,8653.12,1,Promo modérée
16,2022-04-30,3494.77,263.57,2850.16,3405.0,2418.7,12432.2,1,Promo modérée
16,2022-05-07,3259.67,78.25,2194.89,2082.27,933.89,8548.97,1,Promo modérée
16,2022-05-14,4228.81,886.98,3648.27,2602.97,1777.55,13144.58,1,Promo modérée
16,2022-05-21,1649.5,568.77,3227.4,964.75,1486.16,7896.58,1,Promo modérée
16,2022-05-28,4072.56,2457.86,3193.25,353.94,3598.55,13676.16,1,Promo modérée
16,2022-06-04,2762.05,2624.91,3957.46,2137.25,2758.04,14239.71,1,Promo modérée
16,2022-06-11,1724.52,405.21,1259.51,1255.23,4343.52,8987.99,1,Promo modérée
16,2022-06-18,2560.0,2717.04,1617.22,806.47,1047.05,8747.78,1,Promo modérée
16,2022-06-25,111.61,162.12,2130.71,668.62,2846.4,5919.46,1,Promo modérée
16,2022-07-02,9124.42,6587.27,7378.31,4292.74,1914.95,29297.69,1,Promo forte
16,2022-07-09,745.04,2210.16,1626.25,219.43,3937.27,8738.15,1,Promo modérée
16,2022-07-16,2277.4,1011.13,2191.79,2707.31,3035.08,11222.71,1,Promo modérée
16,2022-07-23,391.49,1668.51,2556.46,739.95,3353.49,8709.9,1,Promo modérée
16,2022-07-30,418.22,1695.88,2207.58,1359.35,3800.57,9481.6,1,Promo modérée
16,2022-08-06,215.34,2494.66,3352.37,2915.03,686.56,9663.96,1,Promo modérée
16,2022-08-13,2655.77,2191.77,377.3,1850.3,1310.74,8385.880000000001,1,Promo modérée
16,2022-08-20,1734.22,2702.64,1300.95,2564.79,3313.88,11616.48,1,Promo modérée
16,2022-08-27,610.98,1628.43,3162.22,704.42,2182.74,8288.789999999999,1,Promo modérée
16,2022-09-03,2321.25,3684.71,3610.76,7086.2,8712.62,25415.54,1,Promo forte
16,2022-09-10,2722.74,2414.94,1243.03,665.33,2139.68,9185.72,1,Promo modérée
16,2022-09-17,1502.23,2714.02,361.95,3044.38,1695.17,9317.75,1,Promo modérée
16,2022-09-24,3410.88,96.91,534.81,2224.7,2981.7,9249.0,1,Promo modérée
16,2022-10-01,2875.43,782.37,3649.51,63.75,1649.53,9020.59,1,Promo modérée
16,2022-10-08,3243.19,2894.59,2207.45,1773.65,1432.46,11551.34,1,Promo modérée
16,2022-10-15,989.75,262.04,2870.91,3131.17,4215.47,11469.34,1,Promo modérée
16,2022-10-22,3348.74,2338.1,2903.46,3331.59,3321.66,15243.55,1,Promo modérée
16,2022-10-29,4524.48,937.99,520.65,2893.39,11.23,8887.739999999998,1,Promo modérée
16,2022-11-05,3330.92,1095.96,237.61,2905.26,769.07,8338.82,1,Promo modérée
16,2022-11-12,703.08,369.74,3452.03,110.46,4396.56,9031.87,1,Promo modérée
16,2022-11-19,3012.27,2551.88,191.59,2799.54,1775.15,10330.429999999998,1,Promo modérée
16,2022-11-26,9534.61,3592.01,343.69,3576.47,8092.75,25139.530000000002,1,Promo forte
16,2022-12-03,4549.71,2539.32,2833.11,2862.61,2447.17,15231.920000000002,1,Promo modérée
16,2022-12-10,1287.33,1320.84,1123.1,430.11,1448.38,5609.76,1,Promo modérée
16,2022-12-17,2122.1,344.57,554.48,2161.03,2733.67,7915.85,1,Promo modérée
16,2022-12-24,211.32,4303.17,470.78,7545.54,6035.24,18566.05,1,Promo modérée
16,2022-12-31,10230.21,4129.24,1619.01,4331.87,1319.24,21629.57,1,Promo forte
16,2023-01-07,2018.32,3982.64,497.3,4691.14,5484.77,16674.170000000002,1,Promo modérée
16,2023-01-14,4881.21,2316.96,3825.68,3035.49,3274.12,17333.46,1,Promo modérée
16,2023-01-21,4073.03,938.75,1590.6,2450.65,4118.97,13172.0,1,Promo modérée
16,2023-01-28,1776.08,139.38,62.96,1669.52,429.93,4077.87,1,Promo faible
16,2023-02-04,937.4,2485.99,3471.92,1831.65,4106.51,12833.47,1,Promo modérée
16,2023-02-11,1354.18,200.54,34.72,554.08,3962.19,6105.71,1,Promo modérée
16,2023-02-18,2485.65,657.28,3935.89,2965.43,118.07,10162.32,1,Promo modérée
16,2023-02-25,3234.63,656.37,3033.79,304.73,2202.5,9432.02,1,Promo modérée
16,2023-03-04,1708.37,481.69,3066.47,206.14,3781.83,9244.5,1,Promo modérée
16,2023-03-11,2386.2,1813.87,2674.65,1939.75,1580.91,10395.38,1,Promo modérée
16,2023-03-18,304.36,2116.01,3278.85,2312.91,58.22,8070.35,1,Promo modérée
16,2023-03-25,3257.97,890.91,3718.79,2592.08,1280.73,11740.48,1,Promo modérée
16,2023-04-01,4480.28,1039.5,3443.37,188.6,4419.41,13571.16,1,Promo modérée
16,2023-04-08,4506.27,921.76,1862.08,3027.5,3503.61,13821.220000000001,1,Promo modérée
16,2023-04-15,1033.83,858.36,1972.86,1574.07,2342.57,7781.6900000000005,1,Promo modérée
16,2023-04-22,1999.88,1517.52,2578.79,3183.73,3183.99,12463.91,1,Promo modérée
16,2023-04-29,4847.95,1641.99,1838.46,1159.92,2959.0,12447.32,1,Promo modérée
16,2023-05-06,1978.85,1656.23,1171.0,3444.21,1312.85,9563.140000000001,1,Promo modérée
16,2023-05-13,2797.54,2253.19,782.84,1287.69,74.77,7196.030000000001,1,Promo modérée
16,2023-05-20,4776.43,1176.08,2104.83,1243.35,2682.59,11983.28,1,Promo modérée
16,2023-05-27,2472.16,1070.19,3942.3,2477.16,2020.19,11982.0,1,Promo modérée
16,2023-06-03,912.13,66.28,1418.82,3213.8,4484.49,10095.52,1,Promo modérée
16,2023-06-10,2694.96,2121.15,1675.49,2342.21,547.25,9381.060000000001,1,Promo modérée
16,2023-06-17,158.18,2780.92,2808.26,1449.1,2692.71,9889.170000000002,1,Promo modérée
16,2023-06-24,518.35,8.19,1256.0,515.95,989.93,3288.4199999999996,1,Promo faible
16,2023-07-01,6686.95,3754.08,853.91,4581.58,9886.67,25763.19,1,Promo forte
16,2023-07-08,318.26,887.95,1286.95,1831.35,2974.88,7299.39,1,Promo modérée
16,2023-07-15,1813.68,2998.97,3111.77,3412.47,3119.0,14455.89,1,Promo modérée
16,2023-07-22,4141.63,1395.01,1182.46,2712.01,3844.89,13276.0,1,Promo modérée
16,2023-07-29,224.91,87.57,2451.7,1061.67,3341.42,7167.27,1,Promo modérée
16,2023-08-05,560.6,1954.78,2437.87,1804.75,4169.12,10927.119999999999,1,Promo modérée
16,2023-08-12,2352.36,546.99,2388.53,2425.96,2107.96,9821.800000000001,1,Promo modérée
16,2023-08-19,3951.84,2887.14,595.21,1863.47,2553.92,11851.58,1,Promo modérée
16,2023-08-26,3273.81,2100.85,3452.3,631.77,4281.94,13740.669999999998,1,Promo modérée
16,2023-09-02,8084.95,479.77,365.02,783.6,864.86,10578.2,1,Promo modérée
16,2023-09-09,3477.55,1958.62,1279.41,851.09,1541.05,9107.72,1,Promo modérée
16,2023-09-16,273.8,2097.55,1756.4,2559.52,4173.58,10860.85,1,Promo modérée
16,2023-09-23,2303.53,225.94,2876.22,1021.48,220.0,6647.17,1,Promo modérée
16,2023-09-30,4429.51,0.92,2751.41,2684.54,944.67,10811.050000000001,1,Promo modérée
16,2023-10-07,540.93,2449.38,3086.28,1214.2,3106.3,10397.09,1,Promo modérée
16,2023-10-14,3323.3,1684.11,3427.06,2133.96,4084.92,14653.35,1,Promo modérée
16,2023-10-21,3496.19,2956.45,300.79,1500.07,1075.93,9329.43,1,Promo modérée
16,2023-10-28,3931.09,2751.15,2733.3,849.56,2735.34,13000.44,1,Promo modérée
16,2023-11-04,1001.75,738.24,3811.55,473.32,859.98,6884.84,1,Promo modérée
16,2023-11-11,4603.07,2745.3,1568.27,1520.02,3161.24,13597.9,1,Promo modérée
16,2023-11-18,1176.93,1374.42,2745.74,2596.88,3504.93,11398.9,1,Promo modérée
16,2023-11-25,8732.95,4158.3,4171.76,4963.74,8978.77,31005.52,1,Promo forte
16,2023-12-02,2866.63,112.46,1497.91,1979.05,3587.43,10043.48,1,Promo modérée
16,2023-12-09,2095.16,1457.97,3210.01,1036.75,435.65,8235.54,1,Promo modérée
16,2023-12-16,276.5,1775.07,2725.11,3450.3,4241.66,12468.64,1,Promo modérée
16,2023-12-23,6436.35,4786.32,5591.52,5498.75,4248.61,26561.550000000003,1,Promo forte
16,2023-12-30,9799.51,501.82,7053.27,1798.5,4637.46,23790.559999999998,1,Promo forte
16,2024-01-06,10124.91,2819.15,5165.47,3541.48,3746.54,25397.55,1,Promo forte
16,2024-01-13,3945.05,2563.61,3682.7,564.24,1367.66,12123.26,1,Promo modérée
16,2024-01-20,1632.25,1243.49,1785.34,2968.96,1520.51,9150.55,1,Promo modérée
16,2024-01-27,1218.56,1872.18,1787.58,3186.81,2212.37,10277.5,1,Promo modérée
16,2024-02-03,1346.71,2586.09,2387.31,2070.29,2748.7,11139.100000000002,1,Promo modérée
16,2024-02-10,644.53,2165.46,329.26,1313.58,283.62,4736.45,1,Promo faible
16,2024-02-17,4651.2,1327.17,3210.17,3245.15,4384.56,16818.25,1,Promo modérée
16,2024-02-24,4185.88,45.52,3816.96,2723.32,3455.85,14227.53,1,Promo modérée
16,2024-03-02,1989.29,2519.82,349.36,1459.3,1690.65,8008.42,1,Promo modérée
16,2024-03-09,3202.03,2758.18,2035.41,1042.91,716.22,9754.75,1,Promo modérée
16,2024-03-16,3007.46,2325.99,1821.61,2205.26,3224.47,12584.789999999999,1,Promo modérée
16,2024-03-23,3616.0,1717.24,1946.67,2443.26,1780.89,11504.06,1,Promo modérée
16,2024-03-30,4678.1,682.43,1636.91,542.25,2411.08,9950.77,1,Promo modérée
16,2024-04-06,3896.13,1923.26,1362.96,166.23,3895.09,11243.67,1,Promo modérée
16,2024-04-13,3708.8,2630.52,1482.85,1425.7,1949.21,11197.080000000002,1,Promo modérée
16,2024-04-20,1151.84,790.69,920.73,2304.77,521.7,5689.7300000000005,1,Promo modérée
16,2024-04-27,409.12,377.9,3343.37,2302.52,290.35,6723.26,1,Promo modérée
16,2024-05-04,2405.62,943.54,551.2,2598.32,3959.36,10458.04,1,Promo modérée
16,2024-05-11,4735.55,758.74,2968.72,191.19,2840.61,11494.810000000001,1,Promo modérée
16,2024-05-18,2627.93,352.21,1667.63,1262.8,824.06,6734.630000000001,1,Promo modérée
16,2024-05-25,4559.84,2379.72,704.56,2861.01,1244.54,11749.669999999998,1,Promo modérée
16,2024-06-01,2913.83,2463.43,3446.36,100.21,4226.22,13150.05,1,Promo modérée
16,2024-06-08,240.06,2354.74,1538.68,374.89,3432.01,7940.38,1,Promo modérée
16,2024-06-15,3504.01,1650.42,2603.19,2846.15,1954.02,12557.79,1,Promo modérée
16,2024-06-22,4667.06,2794.75,2288.38,1041.64,4487.01,15278.84,1,Promo modérée
16,2024-06-29,4441.53,1447.5,3294.11,2940.62,3709.5,15833.259999999998,1,Promo modérée
16,2024-07-06,9267.0,3287.91,1120.91,887.91,1576.5,16140.23,1,Promo modérée
16,2024-07-13,1406.47,2378.96,1955.22,2560.42,1716.24,10017.31,1,Promo modérée
16,2024-07-20,3240.9,1297.45,2512.22,429.59,2313.24,9793.4,1,Promo modérée
16,2024-07-27,3262.29,614.66,1881.86,3430.32,878.79,10067.919999999998,1,Promo modérée
16,2024-08-03,2511.19,50.79,3600.39,2894.43,783.75,9840.55,1,Promo modérée
16,2024-08-10,4496.8,475.12,3657.9,3074.56,1696.27,13400.65,1,Promo modérée
16,2024-08-17,114.74,423.69,1760.46,987.01,3440.32,6726.219999999999,1,Promo modérée
16,2024-08-24,3698.05,321.0,1752.55,459.92,4444.65,10676.17,1,Promo modérée
16,2024-08-31,3777.74,2023.51,1863.93,2118.9,423.74,10207.82,1,Promo modérée
16,2024-09-07,5382.32,5732.69,7540.61,6281.29,607.89,25544.8,1,Promo forte
16,2024-09-14,2200.21,525.42,3873.64,745.98,859.22,8204.47,1,Promo modérée
16,2024-09-21,28.77,1514.63,1952.25,571.77,2225.34,6292.76,1,Promo modérée
16,2024-09-28,3121.96,455.53,187.04,1883.37,1057.01,6704.91,1,Promo modérée
16,2024-10-05,389.87,1579.58,3164.76,284.18,4003.83,9422.220000000001,1,Promo modérée
16,2024-10-12,3221.36,1702.48,2061.12,82.79,4228.38,11296.130000000001,1,Promo modérée
16,2024-10-19,3046.98,1842.05,1998.67,1073.68,2392.84,10354.220000000001,1,Promo modérée
16,2024-10-26,4500.77,2175.67,3984.46,1057.6,3953.19,15671.690000000002,1,Promo modérée
16,2024-11-02,4520.7,705.93,701.56,2436.78,4396.38,12761.350000000002,1,Promo modérée
16,2024-11-09,4260.48,2314.11,2355.9,962.36,4220.95,14113.8,1,Promo modérée
16,2024-11-16,4065.53,1011.99,3856.08,76.8,3459.2,12469.599999999999,1,Promo modérée
16,2024-11-23,8376.58,5716.77,5306.79,6282.47,3091.63,28774.24,1,Promo forte
16,2024-11-30,7483.87,2601.02,7001.06,283.64,6613.03,23982.62,1,Promo forte
16,2024-12-07,4522.96,2025.16,1160.61,3044.21,3364.1,14117.039999999999,1,Promo modérée
16,2024-12-14,4761.76,975.98,1686.77,383.38,1113.95,8921.84,1,Promo modérée
16,2024-12-21,8600.12,1206.48,2682.36,3452.19,3611.93,19553.08,1,Promo modérée
17,2022-01-01,3824.18,5186.47,1968.35,5946.88,4518.89,21444.77,1,Promo forte
17,2022-01-08,364.91,1978.64,2864.05,2288.72,3423.01,10919.33,1,Promo modérée
17,2022-01-15,3056.68,2209.32,1332.82,2451.67,4123.05,13173.54,1,Promo modérée
17,2022-01-22,4261.74,2471.74,3567.71,3291.46,2012.21,15604.859999999997,1,Promo modérée
17,2022-01-29,3715.38,1504.32,3256.24,2608.26,92.15,11176.349999999999,1,Promo modérée
17,2022-02-05,2738.04,2656.87,2851.22,1934.94,3395.42,13576.49,1,Promo modérée
17,2022-02-12,1177.25,2952.78,2169.16,2318.46,1254.69,9872.340000000002,1,Promo modérée
17,2022-02-19,2588.42,1776.01,3075.25,316.29,3495.93,11251.9,1,Promo modérée
17,2022-02-26,1155.83,2937.9,1988.01,3486.27,2204.04,11772.05,1,Promo modérée
17,2022-03-05,4092.75,2177.46,2439.31,2029.42,4485.28,15224.220000000001,1,Promo modérée
17,2022-03-12,4139.02,2995.58,2353.3,715.9,2266.59,12470.390000000001,1,Promo modérée
17,2022-03-19,1176.17,2624.74,611.62,2332.6,1197.28,7942.409999999999,1,Promo modérée
17,2022-03-26,346.42,1513.85,2566.85,1145.53,3106.17,8678.82,1,Promo modérée
17,2022-04-02,4682.52,1068.59,1597.1,2610.88,603.37,10562.460000000001,1,Promo modérée
17,2022-04-09,1055.8,79.9,2877.42,70.02,4380.31,8463.45,1,Promo modérée
17,2022-04-16,2360.92,1550.28,3418.73,2563.22,356.86,10250.01,1,Promo modérée
17,2022-04-23,4921.55,1543.84,2967.53,2390.28,3824.6,15647.800000000001,1,Promo modérée
17,2022-04-30,1734.01,2910.31,3123.15,989.07,2537.74,11294.279999999999,1,Promo modérée
17,2022-05-07,3373.82,2335.63,3495.83,543.65,3702.85,13451.78,1,Promo modérée
17,2022-05-14,985.32,479.61,1891.94,2669.35,4487.42,10513.64,1,Promo modérée
17,2022-05-21,381.47,2789.79,1585.62,3225.65,340.8,8323.33,1,Promo modérée
17,2022-05-28,1912.87,1671.75,1466.2,686.07,1118.26,6855.15,1,Promo modérée
17,2022-06-04,273.82,239.7,980.48,892.71,427.0,2813.71,1,Promo faible
17,2022-06-11,1693.36,2119.37,3305.94,1211.96,384.91,8715.54,1,Promo modérée
17,2022-06-18,2314.22,663.01,2954.92,96.49,2496.36,8525.0,1,Promo modérée
17,2022-06-25,494.71,1992.22,2446.59,1656.75,1886.66,8476.93,1,Promo modérée
17,2022-07-02,8483.21,6048.67,7478.08,6142.32,9769.22,37921.5,1,Promo forte
17,2022-07-09,3170.24,2216.91,3671.31,3093.46,3788.82,15940.739999999998,1,Promo modérée
17,2022-07-16,2723.2,1305.82,1804.98,1401.42,4129.77,11365.19,1,Promo modérée
17,2022-07-23,2234.69,2283.06,2831.89,1149.87,461.47,8960.979999999998,1,Promo modérée
17,2022-07-30,3188.56,2863.49,2742.97,3243.27,3528.6,15566.89,1,Promo modérée
17,2022-08-06,4526.97,1355.65,36.25,2773.86,1282.81,9975.54,1,Promo modérée
17,2022-08-13,4573.45,1623.52,2012.78,1017.32,1373.37,10600.439999999999,1,Promo modérée
17,2022-08-20,2364.6,1394.87,2613.83,1648.74,645.64,8667.679999999998,1,Promo modérée
17,2022-08-27,2969.3,2245.76,602.4,3295.62,2794.35,11907.43,1,Promo modérée
17,2022-09-03,4371.79,2534.09,5788.61,719.24,7282.68,20696.41,1,Promo forte
17,2022-09-10,4859.21,2605.19,2505.21,2866.7,3994.11,16830.420000000002,1,Promo modérée
17,2022-09-17,2791.3,2141.67,120.57,1016.78,2738.34,8808.66,1,Promo modérée
17,2022-09-24,729.64,1887.14,1801.87,591.35,1468.68,6478.68,1,Promo modérée
17,2022-10-01,2877.33,2478.87,510.27,1524.64,2742.37,10133.48,1,Promo modérée
17,2022-10-08,471.14,2085.92,2899.13,3477.18,3120.13,12053.5,1,Promo modérée
17,2022-10-15,3895.22,1837.5,315.82,2543.59,3188.53,11780.66,1,Promo modérée
17,2022-10-22,3801.36,721.12,2735.91,1032.48,40.47,8331.34,1,Promo modérée
17,2022-10-29,4846.23,707.77,3237.01,1237.44,4052.06,14080.51,1,Promo modérée
17,2022-11-05,3925.91,1230.86,2738.35,2108.52,4390.37,14394.009999999998,1,Promo modérée
17,2022-11-12,4494.43,204.4,1208.32,1120.81,1955.01,8982.97,1,Promo modérée
17,2022-11-19,3328.97,199.32,3503.95,3286.74,2780.58,13099.56,1,Promo modérée
17,2022-11-26,4488.11,2137.2,5153.21,2321.66,6309.4,20409.58,1,Promo forte
17,2022-12-03,1680.65,2542.26,1545.92,1875.3,2920.24,10564.369999999999,1,Promo modérée
17,2022-12-10,1421.05,186.24,1215.88,1122.46,4328.25,8273.880000000001,1,Promo modérée
17,2022-12-17,4072.68,1870.65,763.93,1416.78,2424.03,10548.07,1,Promo modérée
17,2022-12-24,10756.81,5327.26,2430.8,5463.76,7556.45,31535.079999999998,1,Promo forte
17,2022-12-31,1152.4,5256.24,2220.88,450.77,3972.17,13052.460000000001,1,Promo modérée
17,2023-01-07,1207.11,2315.61,735.7,6513.44,8554.3,19326.16,1,Promo modérée
17,2023-01-14,1406.39,1548.02,2940.06,331.29,1335.14,7560.9,1,Promo modérée
17,2023-01-21,2633.3,864.13,3163.11,557.59,1134.21,8352.34,1,Promo modérée
17,2023-01-28,3663.81,375.21,1107.92,774.47,1709.35,7630.76,1,Promo modérée
17,2023-02-04,710.72,669.89,1087.82,512.49,1846.42,4827.34,1,Promo faible
17,2023-02-11,448.52,2670.25,3862.54,708.27,3170.88,10860.46,1,Promo modérée
17,2023-02-18,2561.34,1201.91,3719.37,2603.59,1085.86,11172.07,1,Promo modérée
17,2023-02-25,4527.74,1701.52,867.99,429.75,2332.02,9859.02,1,Promo modérée
17,2023-03-04,725.7,1638.82,247.26,3083.18,639.66,6334.619999999999,1,Promo modérée
17,2023-03-11,2497.31,2176.97,2020.76,2075.17,3423.22,12193.429999999998,1,Promo modérée
17,2023-03-18,1883.58,1731.35,345.09,1255.81,1854.22,7070.05,1,Promo modérée
17,2023-03-25,2322.46,2703.95,897.26,110.33,1950.34,7984.34,1,Promo modérée
17,2023-04-01,1271.94,2255.67,612.45,1385.13,2952.04,8477.23,1,Promo modérée
17,2023-04-08,611.52,650.5,3459.34,3000.66,4282.02,12004.04,1,Promo modérée
17,2023-04-15,3219.32,2310.03,1437.89,628.01,920.63,8515.880000000001,1,Promo modérée
17,2023-04-22,3141.05,2683.43,3358.42,884.36,603.37,10670.630000000001,1,Promo modérée
17,2023-04-29,4203.73,1185.57,3596.89,912.37,1769.5,11668.06,1,Promo modérée
17,2023-05-06,1108.88,1210.07,3902.53,2127.21,3514.94,11863.63,1,Promo modérée
17,2023-05-13,4257.36,1522.09,1923.47,1191.0,796.94,9690.86,1,Promo modérée
17,2023-05-20,3954.59,2810.3,2493.48,3142.83,754.64,13155.84,1,Promo modérée
17,2023-05-27,3892.38,2493.56,1251.53,2385.62,1369.14,11392.23,1,Promo modérée
17,2023-06-03,809.91,534.09,310.28,2163.25,3818.87,7636.4,1,Promo modérée
17,2023-06-10,788.54,814.95,928.02,1396.68,1012.49,4940.68,1,Promo faible
17,2023-06-17,3188.73,1431.23,3738.26,1012.57,3267.75,12638.54,1,Promo modérée
17,2023-06-24,3394.42,437.57,1031.22,2051.37,1435.62,8350.2,1,Promo modérée
17,2023-07-01,50.71,4287.89,3714.67,2631.08,932.05,11616.4,1,Promo modérée
17,2023-07-08,210.33,416.45,316.13,2061.04,839.8,3843.75,1,Promo faible
17,2023-07-15,2291.33,2163.86,1733.4,2776.25,2977.58,11942.42,1,Promo modérée
17,2023-07-22,4524.98,536.28,1932.94,3180.32,1451.75,11626.269999999999,1,Promo modérée
17,2023-07-29,368.72,2638.56,1007.76,77.88,611.13,4704.05,1,Promo faible
17,2023-08-05,903.18,2235.11,472.24,839.45,883.83,5333.8099999999995,1,Promo modérée
17,2023-08-12,2816.94,2392.56,528.62,254.49,845.13,6837.74,1,Promo modérée
17,2023-08-19,1661.18,2897.66,962.5,3155.76,2612.39,11289.49,1,Promo modérée
17,2023-08-26,4316.93,769.29,2283.69,2953.48,4143.1,14466.49,1,Promo modérée
17,2023-09-02,3065.83,617.05,2461.32,2472.64,9590.78,18207.620000000003,1,Promo modérée
17,2023-09-09,2380.26,1941.19,222.32,2509.5,449.4,7502.67,1,Promo modérée
17,2023-09-16,3277.14,1666.48,1171.22,2173.11,1845.67,10133.62,1,Promo modérée
17,2023-09-23,4088.5,1980.35,2523.96,1463.71,1783.26,11839.78,1,Promo modérée
17,2023-09-30,4778.5,1237.29,3282.49,1901.44,2302.9,13502.619999999999,1,Promo modérée
17,2023-10-07,3931.59,479.79,1433.8,816.22,1421.62,8083.02,1,Promo modérée
17,2023-10-14,1433.08,286.21,3567.35,39.81,7.44,5333.889999999999,1,Promo modérée
17,2023-10-21,1133.45,2915.47,3234.42,1983.8,1065.87,10333.009999999998,1,Promo modérée
17,2023-10-28,4968.15,550.15,2842.83,542.71,2430.42,11334.26,1,Promo modérée
17,2023-11-04,4242.93,1641.06,3686.37,3208.18,4142.29,16920.83,1,Promo modérée
17,2023-11-11,1191.07,2308.99,1057.14,2545.25,3767.79,10870.24,1,Promo modérée
17,2023-11-18,2456.36,502.12,1809.88,1787.74,2392.69,8948.79,1,Promo modérée
17,2023-11-25,8770.46,2107.85,5678.69,1131.42,3385.07,21073.489999999998,1,Promo forte
17,2023-12-02,4270.08,2875.66,1959.55,1965.52,1870.39,12941.199999999999,1,Promo modérée
17,2023-12-09,4461.89,154.4,2108.62,375.99,903.34,8004.24,1,Promo modérée
17,2023-12-16,2084.13,2022.72,533.63,1140.36,290.47,6071.31,1,Promo modérée
17,2023-12-23,9301.65,5644.29,5079.16,3990.54,4021.92,28037.559999999998,1,Promo forte
17,2023-12-30,41.56,6447.07,6413.91,2529.44,6908.42,22340.4,1,Promo forte
17,2024-01-06,2742.9,276.71,1796.28,1544.98,645.88,7006.750000000001,1,Promo modérée
17,2024-01-13,2266.16,1917.05,3509.86,1836.17,1680.86,11210.1,1,Promo modérée
17,2024-01-20,3925.47,92.34,2343.53,2080.62,4178.44,12620.399999999998,1,Promo modérée
17,2024-01-27,3681.73,1925.26,3035.68,2870.15,4153.42,15666.24,1,Promo modérée
17,2024-02-03,2670.05,2450.7,1907.08,2743.79,4185.76,13957.38,1,Promo modérée
17,2024-02-10,4871.52,2079.56,2245.8,1284.42,199.75,10681.050000000001,1,Promo modérée
17,2024-02-17,2542.08,1757.71,959.67,2055.86,4051.53,11366.85,1,Promo modérée
17,2024-02-24,479.06,1428.13,2352.41,1490.59,1469.03,7219.22,1,Promo modérée
17,2024-03-02,4585.49,327.04,952.35,822.06,4482.69,11169.630000000001,1,Promo modérée
17,2024-03-09,1813.67,2874.93,3574.08,1518.84,2579.98,12361.5,1,Promo modérée
17,2024-03-16,1509.9,1115.44,659.29,732.15,2955.93,6972.71,1,Promo modérée
17,2024-03-23,4936.8,2560.7,1551.87,3198.71,1541.86,13789.939999999999,1,Promo modérée
17,2024-03-30,1479.62,798.94,2296.63,3427.43,2039.1,10041.720000000001,1,Promo modérée
17,2024-04-06,3216.51,1554.14,383.83,3477.94,3386.94,12019.36,1,Promo modérée
17,2024-04-13,4654.16,2689.8,1349.52,1859.79,3138.23,13691.5,1,Promo modérée
17,2024-04-20,29.21,286.73,829.16,1218.18,2434.73,4798.01,1,Promo faible
17,2024-04-27,2477.3,2858.47,2500.05,2510.22,1940.57,12286.61,1,Promo modérée
17,2024-05-04,2310.8,2745.99,820.34,1613.85,2074.96,9565.939999999999,1,Promo modérée
17,2024-05-11,360.18,1048.45,2719.16,2459.61,4342.5,10929.9,1,Promo modérée
17,2024-05-18,2306.01,1634.51,3803.0,1282.89,4410.45,13436.86,1,Promo modérée
17,2024-05-25,2264.66,65.78,1780.18,3459.42,3015.48,10585.52,1,Promo modérée
17,2024-06-01,4470.49,543.88,1834.93,2058.17,2313.18,11220.650000000001,1,Promo modérée
17,2024-06-08,2640.36,1206.35,117.77,2636.85,4374.82,10976.15,1,Promo modérée
17,2024-06-15,72.21,1960.19,1972.44,2737.34,3126.07,9868.25,1,Promo modérée
17,2024-06-22,2384.31,2618.61,169.76,3422.65,4469.88,13065.21,1,Promo modérée
17,2024-06-29,250.53,1425.33,229.3,2514.66,1673.68,6093.5,1,Promo modérée
17,2024-07-06,5409.22,5127.63,6489.79,6866.36,2026.22,25919.22,1,Promo forte
17,2024-07-13,4634.24,2891.37,581.97,3410.75,385.75,11904.08,1,Promo modérée
17,2024-07-20,2752.05,2083.27,3873.17,2741.73,1008.69,12458.91,1,Promo modérée
17,2024-07-27,1287.02,2664.34,1307.02,1983.26,1789.05,9030.69,1,Promo modérée
17,2024-08-03,1622.25,1137.72,3131.59,2656.35,3592.28,12140.19,1,Promo modérée
17,2024-08-10,2543.37,833.14,1211.67,783.45,652.47,6024.1,1,Promo modérée
17,2024-08-17,2933.85,2521.47,734.28,3155.86,2278.63,11624.09,1,Promo modérée
17,2024-08-24,1546.47,179.79,944.11,929.84,4474.66,8074.87,1,Promo modérée
17,2024-08-31,1935.28,2626.85,1360.57,689.56,1483.37,8095.63,1,Promo modérée
17,2024-09-07,7710.92,2293.09,4011.64,4294.64,6793.63,25103.920000000002,1,Promo forte
17,2024-09-14,4874.87,1994.39,1809.71,551.35,2399.49,11629.810000000001,1,Promo modérée
17,2024-09-21,961.92,2465.61,1304.53,1553.96,3475.53,9761.550000000001,1,Promo modérée
17,2024-09-28,2973.85,997.87,2902.79,2029.26,655.68,9559.45,1,Promo modérée
17,2024-10-05,2533.81,2263.57,756.69,3312.65,1542.8,10409.519999999999,1,Promo modérée
17,2024-10-12,3734.23,2651.21,3067.21,119.69,3723.16,13295.500000000002,1,Promo modérée
17,2024-10-19,2155.56,201.67,1843.56,162.52,1324.13,5687.4400000000005,1,Promo modérée
17,2024-10-26,2102.2,2700.41,319.36,2940.4,3728.58,11790.949999999999,1,Promo modérée
17,2024-11-02,4158.27,989.17,2370.36,486.27,2109.5,10113.570000000002,1,Promo modérée
17,2024-11-09,4861.07,538.74,854.07,59.04,3261.16,9574.079999999998,1,Promo modérée
17,2024-11-16,674.98,1267.69,363.88,921.35,1671.0,4898.9,1,Promo faible
17,2024-11-23,6255.15,2249.56,6387.69,5262.94,6129.03,26284.369999999995,1,Promo forte
17,2024-11-30,1785.39,5833.64,3012.08,962.74,5940.27,17534.120000000003,1,Promo modérée
17,2024-12-07,1541.29,628.36,1552.2,2123.83,2956.26,8801.94,1,Promo modérée
17,2024-12-14,589.67,184.12,1243.98,478.06,2366.41,4862.24,1,Promo faible
17,2024-12-21,9660.85,781.22,2978.92,1969.84,1750.49,17141.32,1,Promo modérée
18,2022-01-01,8062.06,138.47,3482.67,6854.08,5151.15,23688.43,1,Promo forte
18,2022-01-08,4086.13,259.97,1169.18,159.87,3516.24,9191.39,1,Promo modérée
18,2022-01-15,1411.36,825.57,3191.16,3408.92,1566.18,10403.19,1,Promo modérée
18,2022-01-22,3917.96,2092.49,3630.03,3100.39,3547.47,16288.339999999998,1,Promo modérée
18,2022-01-29,3051.38,558.29,2622.48,1598.1,2790.92,10621.17,1,Promo modérée
18,2022-02-05,2439.81,674.94,164.83,2365.09,965.9,6610.57,1,Promo modérée
18,2022-02-12,1376.1,2460.82,1232.94,3458.87,2723.15,11251.88,1,Promo modérée
18,2022-02-19,3275.3,582.73,1424.81,922.05,2760.17,8965.060000000001,1,Promo modérée
18,2022-02-26,977.51,2887.71,618.01,3196.57,1928.13,9607.93,1,Promo modérée
18,2022-03-05,2337.85,167.12,3674.04,3431.15,1939.7,11549.86,1,Promo modérée
18,2022-03-12,2280.34,2455.15,68.13,2037.38,3963.47,10804.47,1,Promo modérée
18,2022-03-19,959.92,1133.97,1570.01,3059.35,2783.0,9506.25,1,Promo modérée
18,2022-03-26,1038.58,2887.59,3829.3,620.08,652.99,9028.54,1,Promo modérée
18,2022-04-02,290.15,1455.56,3831.15,1493.79,1604.17,8674.82,1,Promo modérée
18,2022-04-09,974.8,1536.67,1755.42,947.78,722.43,5937.1,1,Promo modérée
18,2022-04-16,4738.29,1628.57,253.8,2425.81,278.11,9324.58,1,Promo modérée
18,2022-04-23,439.83,2180.34,546.75,1188.27,4242.35,8597.54,1,Promo modérée
18,2022-04-30,312.01,1890.63,314.83,613.79,1164.74,4296.0,1,Promo faible
18,2022-05-07,176.22,1185.14,3917.77,386.2,457.73,6123.0599999999995,1,Promo modérée
18,2022-05-14,2300.36,795.87,1806.11,2691.84,3429.04,11023.220000000001,1,Promo modérée
18,2022-05-21,3069.03,1863.89,186.16,2127.22,1684.96,8931.259999999998,1,Promo modérée
18,2022-05-28,3181.83,2246.64,995.93,1626.26,4345.77,12396.43,1,Promo modérée
18,2022-06-04,4748.94,1826.07,1213.29,2234.99,2811.79,12835.079999999998,1,Promo modérée
18,2022-06-11,92.96,1619.29,3957.07,1224.09,4345.02,11238.43,1,Promo modérée
18,2022-06-18,2854.2,1778.34,3100.85,2153.59,2671.27,12558.25,1,Promo modérée
18,2022-06-25,1999.97,2138.26,170.17,451.69,477.51,5237.6,1,Promo modérée
18,2022-07-02,8374.41,2192.22,5088.2,755.56,9258.39,25668.78,1,Promo forte
18,2022-07-09,100.34,1630.42,347.35,3132.98,3553.36,8764.45,1,Promo modérée
18,2022-07-16,1932.24,1406.07,2541.65,3265.32,2681.48,11826.76,1,Promo modérée
18,2022-07-23,3197.87,1337.63,325.76,1322.33,4473.32,10656.91,1,Promo modérée
18,2022-07-30,2848.74,2122.66,1717.37,319.77,4330.67,11339.21,1,Promo modérée
18,2022-08-06,4763.73,2377.61,596.39,3435.77,3316.06,14489.56,1,Promo modérée
18,2022-08-13,368.31,1634.57,2210.78,3060.54,3262.76,10536.96,1,Promo modérée
18,2022-08-20,844.91,2573.32,3723.86,2712.47,4233.39,14087.95,1,Promo modérée
18,2022-08-27,3344.0,2052.36,1147.7,96.23,899.31,7539.6,1,Promo modérée
18,2022-09-03,10579.65,5044.01,2813.79,7327.35,6391.9,32156.700000000004,1,Promo forte
18,2022-09-10,1933.16,1583.69,2112.11,2666.08,1614.59,9909.630000000001,1,Promo modérée
18,2022-09-17,4506.08,2461.93,2550.66,2290.8,380.92,12190.390000000001,1,Promo modérée
18,2022-09-24,2149.26,1830.55,3635.41,1601.48,4444.78,13661.48,1,Promo modérée
18,2022-10-01,251.99,1441.02,592.88,1516.27,3374.63,7176.79,1,Promo modérée
18,2022-10-08,347.81,1753.01,2430.14,217.53,1810.4,6558.889999999999,1,Promo modérée
18,2022-10-15,2082.05,2392.57,648.44,2166.9,2275.17,9565.130000000001,1,Promo modérée
18,2022-10-22,3338.35,2406.87,3890.68,2202.73,3934.98,15773.609999999999,1,Promo modérée
18,2022-10-29,2659.86,2240.48,1649.09,2345.38,2203.74,11098.550000000001,1,Promo modérée
18,2022-11-05,3230.94,348.06,370.55,2310.05,2458.34,8717.94,1,Promo modérée
18,2022-11-12,4448.11,2107.73,239.65,2346.43,1084.44,10226.36,1,Promo modérée
18,2022-11-19,3059.18,2003.92,947.09,1556.26,2849.64,10416.09,1,Promo modérée
18,2022-11-26,4842.03,4423.14,4010.33,7304.3,1775.09,22354.89,1,Promo forte
18,2022-12-03,3995.72,472.35,746.03,3424.52,3227.67,11866.289999999999,1,Promo modérée
18,2022-12-10,3646.6,2495.16,846.03,2240.77,181.08,9409.64,1,Promo modérée
18,2022-12-17,4202.03,1139.83,179.36,2498.47,4183.59,12203.279999999999,1,Promo modérée
18,2022-12-24,7641.39,1524.77,7551.83,3591.0,5253.29,25562.28,1,Promo forte
18,2022-12-31,10805.28,6249.44,7252.78,5433.31,6566.93,36307.740000000005,1,Promo forte
18,2023-01-07,4831.52,967.14,7934.64,6203.88,708.96,20646.14,1,Promo forte
18,2023-01-14,4987.74,2928.81,1640.55,876.15,3412.85,13846.099999999999,1,Promo modérée
18,2023-01-21,1379.4,1524.08,2256.1,3300.88,1199.69,9660.15,1,Promo modérée
18,2023-01-28,3027.13,732.24,757.98,3032.2,3263.13,10812.68,1,Promo modérée
18,2023-02-04,2659.29,844.56,384.98,1634.35,2655.49,8178.67,1,Promo modérée
18,2023-02-11,628.31,417.1,731.5,2811.82,1977.71,6566.44,1,Promo modérée
18,2023-02-18,1822.3,479.69,1616.46,1943.59,133.13,5995.17,1,Promo modérée
18,2023-02-25,3561.94,1886.52,1367.72,1853.62,1742.21,10412.009999999998,1,Promo modérée
18,2023-03-04,3436.19,1112.11,3503.14,2950.55,788.25,11790.240000000002,1,Promo modérée
18,2023-03-11,2525.56,1197.31,3661.81,807.99,1156.37,9349.04,1,Promo modérée
18,2023-03-18,4319.35,774.61,3882.56,2090.93,31.89,11099.34,1,Promo modérée
18,2023-03-25,1113.83,2907.42,2544.45,2423.81,980.17,9969.68,1,Promo modérée
18,2023-04-01,628.2,289.76,3213.63,3031.44,2626.93,9789.960000000001,1,Promo modérée
18,2023-04-08,2440.73,648.46,1934.81,3348.12,3779.03,12151.15,1,Promo modérée
18,2023-04-15,4614.58,2841.11,2732.79,739.78,178.78,11107.04,1,Promo modérée
18,2023-04-22,2325.22,1982.45,96.56,874.53,1963.21,7241.97,1,Promo modérée
18,2023-04-29,4087.18,293.91,2719.03,1026.65,3579.22,11705.99,1,Promo modérée
18,2023-05-06,55.58,2310.84,2585.57,1025.43,2224.79,8202.21,1,Promo modérée
18,2023-05-13,2398.34,1759.09,3495.02,1080.87,3153.15,11886.47,1,Promo modérée
18,2023-05-20,4916.09,669.69,265.78,948.23,1789.79,8589.580000000002,1,Promo modérée
18,2023-05-27,4249.92,280.44,167.5,1764.16,268.48,6730.5,1,Promo modérée
18,2023-06-03,1511.83,134.76,2226.76,2921.99,1842.61,8637.95,1,Promo modérée
18,2023-06-10,3666.92,1505.68,2983.87,1730.8,575.81,10463.08,1,Promo modérée
18,2023-06-17,4474.19,1360.61,1822.93,1803.15,2338.15,11799.029999999999,1,Promo modérée
18,2023-06-24,3136.12,1919.32,2341.02,622.08,151.17,8169.709999999999,1,Promo modérée
18,2023-07-01,3784.85,6029.98,1358.81,438.4,4774.93,16386.97,1,Promo modérée
18,2023-07-08,4633.74,1153.25,372.44,1060.13,2241.05,9460.61,1,Promo modérée
18,2023-07-15,246.3,482.71,1101.16,2082.03,1624.48,5536.68,1,Promo modérée
18,2023-07-22,565.06,765.11,711.48,605.72,2773.78,5421.15,1,Promo modérée
18,2023-07-29,485.35,361.71,2335.57,3426.74,2573.78,9183.15,1,Promo modérée
18,2023-08-05,3487.13,1102.85,3455.54,102.48,1978.94,10126.939999999999,1,Promo modérée
18,2023-08-12,2422.69,2060.73,3094.18,2582.4,1537.12,11697.119999999999,1,Promo modérée
18,2023-08-19,1570.11,1357.03,3403.2,2724.27,3830.61,12885.220000000001,1,Promo modérée
18,2023-08-26,3420.99,428.99,2670.79,2267.88,3646.12,12434.77,1,Promo modérée
18,2023-09-02,8269.93,4370.29,3711.68,5624.85,7169.36,29146.11,1,Promo forte
18,2023-09-09,2795.34,795.13,1537.73,60.95,1722.56,6911.710000000001,1,Promo modérée
18,2023-09-16,1457.26,1432.65,1618.77,3261.93,185.3,7955.910000000001,1,Promo modérée
18,2023-09-23,2656.52,130.77,1996.73,439.1,3770.54,8993.66,1,Promo modérée
18,2023-09-30,3274.9,863.52,963.2,448.87,3404.32,8954.81,1,Promo modérée
18,2023-10-07,3209.44,2891.67,2348.81,1063.83,1716.84,11230.59,1,Promo modérée
18,2023-10-14,792.45,231.01,3647.9,815.74,1548.74,7035.84,1,Promo modérée
18,2023-10-21,912.99,2059.24,1410.25,3431.85,1345.14,9159.47,1,Promo modérée
18,2023-10-28,3491.35,2196.78,1842.8,2369.1,2422.08,12322.11,1,Promo modérée
18,2023-11-04,1343.53,1319.89,1784.51,2710.44,1653.27,8811.640000000001,1,Promo modérée
18,2023-11-11,2351.7,2125.89,1664.88,3114.07,4425.84,13682.380000000001,1,Promo modérée
18,2023-11-18,4157.93,2975.34,2492.37,2727.22,2442.91,14795.769999999999,1,Promo modérée
18,2023-11-25,6506.28,2458.39,3402.89,6811.2,8452.84,27631.6,1,Promo forte
18,2023-12-02,1768.09,308.36,2172.46,1056.41,2973.64,8278.96,1,Promo modérée
18,2023-12-09,2538.05,72.71,2164.92,3046.24,3476.48,11298.4,1,Promo modérée
18,2023-12-16,2862.1,2678.25,1107.96,847.51,3913.06,11408.880000000001,1,Promo modérée
18,2023-12-23,300.51,21.44,2475.08,7037.8,8924.63,18759.46,1,Promo modérée
18,2023-12-30,8967.44,701.55,4288.72,4884.86,1026.43,19869.0,1,Promo modérée
18,2024-01-06,3226.6,3758.84,8651.51,1674.7,9760.45,27072.100000000002,1,Promo forte
18,2024-01-13,288.68,1114.64,3925.16,368.46,2530.68,8227.619999999999,1,Promo modérée
18,2024-01-20,1685.09,2313.13,426.45,804.44,38.09,5267.200000000001,1,Promo modérée
18,2024-01-27,721.82,1784.82,525.66,1404.33,2560.33,6996.959999999999,1,Promo modérée
18,2024-02-03,3629.61,245.46,509.66,3124.04,3461.08,10969.85,1,Promo modérée
18,2024-02-10,3114.0,346.24,508.97,251.61,3121.14,7341.959999999999,1,Promo modérée
18,2024-02-17,2308.61,2953.07,1825.02,393.58,4466.95,11947.23,1,Promo modérée
18,2024-02-24,2793.56,720.29,2227.44,2646.21,1199.29,9586.79,1,Promo modérée
18,2024-03-02,4355.98,510.15,294.32,417.84,724.58,6302.869999999999,1,Promo modérée
18,2024-03-09,191.0,2780.62,724.61,3193.66,253.02,7142.91,1,Promo modérée
18,2024-03-16,1903.6,2002.58,3899.23,2122.49,3246.68,13174.58,1,Promo modérée
18,2024-03-23,1941.06,2038.36,912.61,907.8,1692.55,7492.38,1,Promo modérée
18,2024-03-30,321.51,2662.1,501.86,228.42,2533.52,6247.41,1,Promo modérée
18,2024-04-06,3314.75,1507.21,1338.97,2892.75,3274.74,12328.42,1,Promo modérée
18,2024-04-13,1074.76,2747.38,757.92,169.48,1473.69,6223.23,1,Promo modérée
18,2024-04-20,461.85,182.26,2416.77,3381.41,2262.25,8704.54,1,Promo modérée
18,2024-04-27,218.02,2714.68,2062.26,2348.26,302.28,7645.5,1,Promo modérée
18,2024-05-04,4389.1,2432.97,303.42,706.85,2959.7,10792.04,1,Promo modérée
18,2024-05-11,4552.76,310.37,1118.92,1881.48,3142.29,11005.82,1,Promo modérée
18,2024-05-18,1073.41,1352.62,2773.53,2932.87,4318.81,12451.24,1,Promo modérée
18,2024-05-25,780.52,164.28,1603.45,1179.07,2868.09,6595.41,1,Promo modérée
18,2024-06-01,4764.13,259.23,3755.56,1089.33,2306.98,12175.23,1,Promo modérée
18,2024-06-08,1346.82,1687.04,1114.6,1360.15,4079.01,9587.619999999999,1,Promo modérée
18,2024-06-15,4770.44,608.15,3232.67,1291.4,4435.47,14338.129999999997,1,Promo modérée
18,2024-06-22,4881.05,2121.62,3018.43,1971.91,3400.99,15394.0,1,Promo modérée
18,2024-06-29,2812.35,2670.14,1422.47,728.64,2053.26,9686.86,1,Promo modérée
18,2024-07-06,9409.76,1096.86,7927.69,4633.76,314.42,23382.489999999998,1,Promo forte
18,2024-07-13,4577.39,29.09,2523.65,1662.16,1561.45,10353.740000000002,1,Promo modérée
18,2024-07-20,1534.68,1511.88,1508.09,1076.17,3738.76,9369.580000000002,1,Promo modérée
18,2024-07-27,4604.31,1227.72,1133.78,343.93,2155.91,9465.650000000001,1,Promo modérée
18,2024-08-03,717.6,1393.42,3805.06,1262.75,3948.68,11127.51,1,Promo modérée
18,2024-08-10,16.58,569.8,878.75,3324.88,691.62,5481.63,1,Promo modérée
18,2024-08-17,4744.3,1615.64,3719.98,2538.06,1190.52,13808.5,1,Promo modérée
18,2024-08-24,2006.56,342.55,2875.91,2884.31,3279.63,11388.96,1,Promo modérée
18,2024-08-31,1300.46,144.38,1622.92,2180.9,3971.49,9220.15,1,Promo modérée
18,2024-09-07,9279.86,3071.03,6908.48,3716.42,3826.31,26802.100000000002,1,Promo forte
18,2024-09-14,2856.6,2729.61,3905.25,795.37,867.74,11154.57,1,Promo modérée
18,2024-09-21,4033.72,2392.28,1978.74,1654.02,2607.78,12666.54,1,Promo modérée
18,2024-09-28,1680.26,2024.61,2553.41,1332.93,32.73,7623.94,1,Promo modérée
18,2024-10-05,3235.18,2267.3,1286.2,1713.86,4255.7,12758.239999999998,1,Promo modérée
18,2024-10-12,4877.42,1432.84,3098.83,2688.48,2238.45,14336.02,1,Promo modérée
18,2024-10-19,4718.15,1502.23,2541.04,2184.57,596.58,11542.569999999998,1,Promo modérée
18,2024-10-26,2052.21,285.28,969.51,1318.66,2432.89,7058.549999999999,1,Promo modérée
18,2024-11-02,1618.06,2063.98,1032.32,3247.83,3028.06,10990.25,1,Promo modérée
18,2024-11-09,1464.98,787.29,2320.1,2472.7,149.28,7194.349999999999,1,Promo modérée
18,2024-11-16,1554.35,1322.64,1440.0,2269.18,2115.54,8701.71,1,Promo modérée
18,2024-11-23,5596.28,3646.96,2896.16,3632.71,2764.86,18536.97,1,Promo modérée
18,2024-11-30,3082.23,2693.08,328.82,1825.38,7714.27,15643.779999999999,1,Promo modérée
18,2024-12-07,1045.42,1002.47,2657.43,1963.89,2073.92,8743.130000000001,1,Promo modérée
18,2024-12-14,3078.67,2611.87,1831.61,2535.03,3691.77,13748.95,1,Promo modérée
18,2024-12-21,2047.34,837.82,2285.67,797.05,5082.6,11050.48,1,Promo modérée
19,2022-01-01,6219.38,4657.06,415.61,620.78,602.51,12515.340000000002,1,Promo modérée
19,2022-01-08,4696.06,1459.21,1785.3,2731.89,3209.19,13881.650000000001,1,Promo modérée
19,2022-01-15,1900.46,2515.04,1037.9,1012.43,3050.41,9516.24,1,Promo modérée
19,2022-01-22,4446.94,2023.7,3311.26,1902.46,310.15,11994.51,1,Promo modérée
19,2022-01-29,2331.28,1999.49,1539.97,2808.9,3323.35,12002.990000000002,1,Promo modérée
19,2022-02-05,4277.39,1738.57,3158.01,1450.58,2657.21,13281.760000000002,1,Promo modérée
19,2022-02-12,3471.47,558.15,124.11,3026.3,1783.49,8963.52,1,Promo modérée
19,2022-02-19,2418.97,2091.7,3413.69,684.45,1482.45,10091.260000000002,1,Promo modérée
19,2022-02-26,3267.36,1257.6,3804.89,3130.64,2310.34,13770.83,1,Promo modérée
19,2022-03-05,1796.0,659.05,3660.31,1493.47,2941.68,10550.51,1,Promo modérée
19,2022-03-12,3015.81,629.57,1666.1,3246.73,2549.03,11107.24,1,Promo modérée
19,2022-03-19,16.41,2802.04,549.84,139.74,249.25,3757.2799999999997,1,Promo faible
19,2022-03-26,2382.41,1326.39,3027.4,978.65,978.89,8693.74,1,Promo modérée
19,2022-04-02,1684.47,1122.94,1483.69,3403.42,1048.49,8743.01,1,Promo modérée
19,2022-04-09,3782.2,2047.35,1621.3,1943.21,1139.72,10533.779999999999,1,Promo modérée
19,2022-04-16,3935.28,2223.46,713.5,1476.4,1902.41,10251.05,1,Promo modérée
19,2022-04-23,3808.74,2358.57,591.97,1839.27,3859.01,12457.56,1,Promo modérée
19,2022-04-30,4297.47,933.47,5.8,819.56,402.75,6459.050000000001,1,Promo modérée
19,2022-05-07,2582.22,1380.29,1737.13,2424.06,2035.18,10158.88,1,Promo modérée
19,2022-05-14,2646.83,1942.04,1102.33,2801.19,3013.99,11506.38,1,Promo modérée
19,2022-05-21,2888.53,927.17,2979.22,167.27,206.52,7168.710000000001,1,Promo modérée
19,2022-05-28,3509.5,603.6,741.72,3353.53,2653.49,10861.84,1,Promo modérée
19,2022-06-04,1033.68,1190.58,3439.58,215.07,983.37,6862.28,1,Promo modérée
19,2022-06-11,3029.33,1149.31,406.71,2038.66,3073.69,9697.699999999999,1,Promo modérée
19,2022-06-18,3178.2,2070.78,2619.51,2054.31,701.28,10624.08,1,Promo modérée
19,2022-06-25,2764.33,756.17,443.57,3145.66,4017.0,11126.73,1,Promo modérée
19,2022-07-02,8130.15,4054.57,6864.26,572.33,3154.01,22775.32,1,Promo forte
19,2022-07-09,2221.92,1103.33,2941.18,2112.25,2941.33,11320.01,1,Promo modérée
19,2022-07-16,1325.27,196.39,2410.53,3493.46,453.67,7879.32,1,Promo modérée
19,2022-07-23,4513.58,341.84,1261.78,317.73,1833.22,8268.15,1,Promo modérée
19,2022-07-30,4417.43,1348.33,598.74,2931.55,1258.37,10554.419999999998,1,Promo modérée
19,2022-08-06,1300.92,2181.54,3094.56,3221.76,2632.22,12431.0,1,Promo modérée
19,2022-08-13,2392.41,57.12,1189.59,1658.59,486.31,5784.02,1,Promo modérée
19,2022-08-20,2731.57,1424.25,1537.12,675.32,659.53,7027.789999999999,1,Promo modérée
19,2022-08-27,969.48,1530.92,1776.07,1483.56,2441.57,8201.6,1,Promo modérée
19,2022-09-03,1543.7,559.44,2316.43,3402.57,6356.33,14178.47,1,Promo modérée
19,2022-09-10,4264.56,1445.17,1813.32,2747.29,419.13,10689.47,1,Promo modérée
19,2022-09-17,2590.02,279.79,666.1,1132.66,465.99,5134.5599999999995,1,Promo modérée
19,2022-09-24,867.15,1428.13,1867.54,1723.79,2410.61,8297.22,1,Promo modérée
19,2022-10-01,4076.75,691.61,193.69,2461.32,4399.93,11823.3,1,Promo modérée
19,2022-10-08,1639.6,1271.62,2621.63,956.07,229.4,6718.32,1,Promo modérée
19,2022-10-15,2518.11,827.7,773.26,2430.84,2413.72,8963.630000000001,1,Promo modérée
19,2022-10-22,4012.86,1598.11,1566.83,1881.32,2756.03,11815.150000000001,1,Promo modérée
19,2022-10-29,456.67,479.53,647.33,1306.29,4025.21,6915.030000000001,1,Promo modérée
19,2022-11-05,250.63,589.63,842.57,3475.37,2568.49,7726.69,1,Promo modérée
19,2022-11-12,3985.91,1487.26,2524.84,1159.38,2491.63,11649.02,1,Promo modérée
19,2022-11-19,3086.11,2556.7,481.69,3141.11,357.51,9623.119999999999,1,Promo modérée
19,2022-11-26,8788.04,6422.81,1594.81,6892.51,5512.41,29210.580000000005,1,Promo forte
19,2022-12-03,4415.98,2022.48,1481.02,666.63,3674.4,12260.509999999998,1,Promo modérée
19,2022-12-10,1694.64,268.9,3645.13,1355.7,1567.74,8532.11,1,Promo modérée
19,2022-12-17,4403.83,104.74,3315.17,1437.1,2960.89,12221.73,1,Promo modérée
19,2022-12-24,10425.66,108.03,7252.07,1302.36,3882.98,22971.100000000002,1,Promo forte
19,2022-12-31,4027.69,4372.09,3004.23,2674.12,7261.91,21340.04,1,Promo forte
19,2023-01-07,5473.44,3475.93,6125.47,3921.41,4128.7,23124.95,1,Promo forte
19,2023-01-14,3436.08,2642.77,1345.34,951.98,3830.73,12206.9,1,Promo modérée
19,2023-01-21,2744.91,805.83,1978.02,2439.3,53.49,8021.55,1,Promo modérée
19,2023-01-28,1517.3,830.58,1884.87,2366.52,4179.81,10779.080000000002,1,Promo modérée
19,2023-02-04,2238.66,2120.79,1288.78,2955.11,2406.73,11010.07,1,Promo modérée
19,2023-02-11,3000.76,69.58,3889.35,1043.92,1121.75,9125.36,1,Promo modérée
19,2023-02-18,2199.8,1604.88,1577.55,3200.92,3830.63,12413.780000000002,1,Promo modérée
19,2023-02-25,1222.56,457.08,719.26,2810.07,2607.76,7816.73,1,Promo modérée
19,2023-03-04,4132.22,2185.85,755.9,2692.92,1564.04,11330.93,1,Promo modérée
19,2023-03-11,3308.51,205.11,1829.39,2324.08,1331.97,8999.06,1,Promo modérée
19,2023-03-18,1426.6,1594.31,2972.95,47.24,4051.98,10093.08,1,Promo modérée
19,2023-03-25,1612.65,1036.39,3391.18,39.2,2885.0,8964.419999999998,1,Promo modérée
19,2023-04-01,1063.44,1903.49,625.03,665.08,2820.1,7077.139999999999,1,Promo modérée
19,2023-04-08,4991.92,1642.19,1680.47,3183.44,1053.83,12551.85,1,Promo modérée
19,2023-04-15,2117.89,1642.61,3966.64,773.44,1690.9,10191.48,1,Promo modérée
19,2023-04-22,1229.16,1862.66,2156.63,599.15,1825.57,7673.17,1,Promo modérée
19,2023-04-29,4443.89,2206.45,3613.61,190.94,2052.3,12507.190000000002,1,Promo modérée
19,2023-05-06,1588.87,784.04,1372.54,1801.99,3846.91,9394.349999999999,1,Promo modérée
19,2023-05-13,1730.13,172.87,3721.97,230.38,3335.11,9190.46,1,Promo modérée
19,2023-05-20,1413.27,897.27,2382.08,3492.94,2329.08,10514.64,1,Promo modérée
19,2023-05-27,1932.71,575.77,3855.77,3357.88,3361.8,13083.93,1,Promo modérée
19,2023-06-03,4217.82,1066.37,1675.48,2911.92,407.71,10279.3,1,Promo modérée
19,2023-06-10,3787.53,181.71,812.83,1719.42,1656.68,8158.170000000001,1,Promo modérée
19,2023-06-17,0.55,189.18,1633.14,2943.32,652.48,5418.67,1,Promo modérée
19,2023-06-24,4557.04,1536.69,629.29,2197.35,2664.9,11585.269999999999,1,Promo modérée
19,2023-07-01,2854.12,2997.1,3271.1,6858.0,6059.88,22040.2,1,Promo forte
19,2023-07-08,4110.16,582.31,364.86,1153.02,1750.04,7960.3899999999985,1,Promo modérée
19,2023-07-15,1929.64,1897.65,2145.22,1921.69,1118.47,9012.67,1,Promo modérée
19,2023-07-22,909.98,769.68,878.12,246.95,1565.36,4370.089999999999,1,Promo faible
19,2023-07-29,3242.49,2849.68,3430.26,2778.83,4282.32,16583.58,1,Promo modérée
19,2023-08-05,4887.1,301.06,1757.32,3420.77,1708.06,12074.31,1,Promo modérée
19,2023-08-12,1913.53,63.9,111.64,3122.08,3251.32,8462.47,1,Promo modérée
19,2023-08-19,602.61,904.56,3120.1,1838.94,4304.63,10770.84,1,Promo modérée
19,2023-08-26,1993.3,689.39,1306.54,2984.71,2240.72,9214.66,1,Promo modérée
19,2023-09-02,3086.43,3993.04,6262.79,6364.9,9173.97,28881.129999999997,1,Promo forte
19,2023-09-09,623.99,1345.71,845.13,1004.24,2915.46,6734.53,1,Promo modérée
19,2023-09-16,370.1,708.69,230.8,2165.14,3580.73,7055.459999999999,1,Promo modérée
19,2023-09-23,595.8,1503.35,2584.76,2098.79,3212.43,9995.13,1,Promo modérée
19,2023-09-30,4363.65,844.01,380.87,887.0,468.04,6943.57,1,Promo modérée
19,2023-10-07,1100.2,500.41,692.16,674.09,3430.2,6397.0599999999995,1,Promo modérée
19,2023-10-14,1787.82,2070.77,1885.83,1151.71,1193.12,8089.25,1,Promo modérée
19,2023-10-21,430.89,557.8,758.01,2427.77,1829.63,6004.099999999999,1,Promo modérée
19,2023-10-28,3714.54,1899.13,2400.07,2588.64,255.51,10857.89,1,Promo modérée
19,2023-11-04,4194.09,1441.68,2571.76,2779.29,4028.92,15015.74,1,Promo modérée
19,2023-11-11,3047.25,2764.02,995.33,838.56,2309.37,9954.529999999999,1,Promo modérée
19,2023-11-18,3051.94,2466.79,721.91,2433.82,3543.42,12217.88,1,Promo modérée
19,2023-11-25,3607.33,2358.24,2956.85,3840.29,6954.75,19717.46,1,Promo modérée
19,2023-12-02,1484.59,289.86,3578.66,2369.91,2916.5,10639.52,1,Promo modérée
19,2023-12-09,4872.81,2871.3,3424.36,38.32,3985.77,15192.560000000001,1,Promo modérée
19,2023-12-16,190.34,2313.55,446.82,1437.41,3678.51,8066.630000000001,1,Promo modérée
19,2023-12-23,7408.5,6395.06,5766.3,1727.67,3516.81,24814.34,1,Promo forte
19,2023-12-30,8451.47,5724.77,2999.37,5085.05,5435.57,27696.23,1,Promo forte
19,2024-01-06,8918.91,455.43,832.26,2635.14,1169.11,14010.85,1,Promo modérée
19,2024-01-13,3767.79,538.35,3742.09,1372.47,2133.85,11554.550000000001,1,Promo modérée
19,2024-01-20,2892.98,720.1,3189.5,2709.7,1333.4,10845.679999999998,1,Promo modérée
19,2024-01-27,2872.27,245.59,2681.06,1644.21,1973.06,9416.19,1,Promo modérée
19,2024-02-03,176.71,827.03,3953.91,945.8,2986.68,8890.13,1,Promo modérée
19,2024-02-10,4240.38,2992.71,2354.22,1082.9,3030.89,13701.099999999999,1,Promo modérée
19,2024-02-17,1416.79,2582.46,1686.62,1186.77,2715.8,9588.439999999999,1,Promo modérée
19,2024-02-24,1474.91,161.85,2083.1,2858.13,3831.2,10409.189999999999,1,Promo modérée
19,2024-03-02,4660.68,2708.94,832.54,906.38,811.99,9920.529999999999,1,Promo modérée
19,2024-03-09,2968.02,1692.69,1562.19,2210.94,4263.16,12697.0,1,Promo modérée
19,2024-03-16,1688.14,1292.46,2013.24,2652.38,1764.51,9410.73,1,Promo modérée
19,2024-03-23,1573.36,2475.35,317.63,1140.46,2017.58,7524.38,1,Promo modérée
19,2024-03-30,4201.16,2937.71,295.94,758.39,3404.83,11598.029999999999,1,Promo modérée
19,2024-04-06,2146.44,531.45,3856.9,376.56,4435.1,11346.45,1,Promo modérée
19,2024-04-13,1066.43,1017.21,2052.49,2232.45,2443.03,8811.61,1,Promo modérée
19,2024-04-20,2706.65,2663.96,2531.32,2529.17,2688.67,13119.77,1,Promo modérée
19,2024-04-27,168.05,1185.44,420.46,339.25,3570.87,5684.07,1,Promo modérée
19,2024-05-04,1256.16,1848.44,3260.0,1582.91,1706.62,9654.130000000001,1,Promo modérée
19,2024-05-11,490.63,804.6,113.76,3069.34,2735.32,7213.65,1,Promo modérée
19,2024-05-18,4540.06,275.26,1323.79,2481.59,4312.58,12933.28,1,Promo modérée
19,2024-05-25,4730.22,1301.78,779.26,3268.62,470.36,10550.240000000002,1,Promo modérée
19,2024-06-01,749.65,1813.5,1908.45,14.96,4390.7,8877.26,1,Promo modérée
19,2024-06-08,4995.69,885.33,1622.05,3049.75,2888.49,13441.31,1,Promo modérée
19,2024-06-15,3218.69,2767.2,1985.84,2567.64,4369.97,14909.34,1,Promo modérée
19,2024-06-22,1377.78,2872.63,1621.41,1600.31,3157.21,10629.34,1,Promo modérée
19,2024-06-29,4337.9,2057.29,1525.98,447.04,3673.52,12041.730000000001,1,Promo modérée
19,2024-07-06,5524.94,5520.74,734.13,4083.58,2124.74,17988.129999999997,1,Promo modérée
19,2024-07-13,1417.21,2008.45,566.33,2575.34,2905.38,9472.71,1,Promo modérée
19,2024-07-20,3276.84,1808.66,109.72,429.37,2631.16,8255.75,1,Promo modérée
19,2024-07-27,216.01,1407.82,3012.33,2764.9,2245.45,9646.509999999998,1,Promo modérée
19,2024-08-03,1598.77,2240.48,2934.32,3192.71,1746.53,11712.81,1,Promo modérée
19,2024-08-10,4157.21,399.29,3167.39,1515.43,105.02,9344.34,1,Promo modérée
19,2024-08-17,3671.37,65.04,2747.55,673.23,1901.62,9058.810000000001,1,Promo modérée
19,2024-08-24,3914.83,1243.62,2003.92,2451.7,140.17,9754.24,1,Promo modérée
19,2024-08-31,896.95,2742.26,1297.89,2671.01,2053.69,9661.800000000001,1,Promo modérée
19,2024-09-07,9516.58,1955.53,6111.39,6315.7,8924.04,32823.240000000005,1,Promo forte
19,2024-09-14,3644.25,25.51,882.5,1721.68,1890.16,8164.1,1,Promo modérée
19,2024-09-21,4821.76,2212.06,3317.34,367.07,2637.64,13355.869999999999,1,Promo modérée
19,2024-09-28,195.92,1592.83,2261.26,275.9,2253.1,6579.01,1,Promo modérée
19,2024-10-05,4166.14,654.19,3333.09,330.96,1817.23,10301.609999999999,1,Promo modérée
19,2024-10-12,47.62,873.75,573.13,2206.07,2987.09,6687.66,1,Promo modérée
19,2024-10-19,1794.99,1539.42,1996.72,2111.69,4322.48,11765.3,1,Promo modérée
19,2024-10-26,4121.53,826.11,2922.35,2352.13,2130.86,12352.98,1,Promo modérée
19,2024-11-02,3524.01,2224.3,3547.52,779.94,4449.39,14525.16,1,Promo modérée
19,2024-11-09,2375.19,2672.73,2581.1,1739.5,577.57,9946.09,1,Promo modérée
19,2024-11-16,4835.58,107.13,2720.88,155.03,3519.25,11337.869999999999,1,Promo modérée
19,2024-11-23,7255.31,4343.95,6204.07,7641.98,3828.31,29273.620000000003,1,Promo forte
19,2024-11-30,9273.86,339.89,1503.22,786.02,771.48,12674.47,1,Promo modérée
19,2024-12-07,632.68,1976.12,904.45,66.32,1882.89,5462.46,1,Promo modérée
19,2024-12-14,3082.4,2811.78,2070.87,1653.99,960.36,10579.400000000001,1,Promo modérée
19,2024-12-21,7241.31,6056.3,8330.04,1292.05,2591.99,25511.690000000002,1,Promo forte
20,2022-01-01,6621.17,6406.71,5138.98,3588.0,5373.89,27128.75,1,Promo forte
20,2022-01-08,3091.98,1140.86,2765.3,2308.11,62.31,9368.56,1,Promo modérée
20,2022-01-15,2254.42,2949.96,1171.57,322.43,1935.05,8633.43,1,Promo modérée
20,2022-01-22,1885.63,1894.11,3116.29,2663.51,1688.89,11248.43,1,Promo modérée
20,2022-01-29,1718.71,275.21,670.33,1284.51,2539.12,6487.88,1,Promo modérée
20,2022-02-05,3260.07,475.7,2318.68,1896.63,3918.15,11869.23,1,Promo modérée
20,2022-02-12,3595.08,121.17,2254.06,425.85,1418.44,7814.6,1,Promo modérée
20,2022-02-19,3254.03,273.12,2309.07,515.39,1135.22,7486.830000000001,1,Promo modérée
20,2022-02-26,3906.56,2489.52,3977.86,1500.29,3933.43,15807.66,1,Promo modérée
20,2022-03-05,3103.62,1744.22,816.51,2792.66,167.71,8624.72,1,Promo modérée
20,2022-03-12,1256.13,2165.74,1121.62,1789.11,4118.62,10451.22,1,Promo modérée
20,2022-03-19,596.6,2982.31,720.75,3138.67,4459.19,11897.52,1,Promo modérée
20,2022-03-26,809.07,1301.29,3087.55,2732.67,1037.42,8968.0,1,Promo modérée
20,2022-04-02,232.11,2513.7,3621.66,1040.97,332.71,7741.15,1,Promo modérée
20,2022-04-09,1049.13,1070.85,3130.25,2253.17,1468.24,8971.64,1,Promo modérée
20,2022-04-16,1.23,2408.55,3290.53,2441.62,344.61,8486.54,1,Promo modérée
20,2022-04-23,2938.14,2478.92,195.48,2089.33,2894.28,10596.15,1,Promo modérée
20,2022-04-30,1174.68,1856.98,70.77,2221.61,2994.24,8318.279999999999,1,Promo modérée
20,2022-05-07,2314.87,2728.87,1706.41,2204.45,159.08,9113.679999999998,1,Promo modérée
20,2022-05-14,1138.06,2241.97,679.84,862.72,1939.19,6861.780000000001,1,Promo modérée
20,2022-05-21,4314.43,2653.59,3310.84,3026.91,2563.78,15869.550000000001,1,Promo modérée
20,2022-05-28,555.38,2428.74,3042.34,2871.05,856.93,9754.44,1,Promo modérée
20,2022-06-04,1926.91,546.47,1059.05,2472.36,3846.65,9851.44,1,Promo modérée
20,2022-06-11,3525.42,2206.82,3255.92,1659.85,3869.13,14517.14,1,Promo modérée
20,2022-06-18,1143.38,466.53,2492.44,269.79,202.05,4574.1900000000005,1,Promo faible
20,2022-06-25,1049.38,699.01,3243.87,1756.37,3143.38,9892.01,1,Promo modérée
20,2022-07-02,1440.8,2680.19,2898.17,1648.47,9241.06,17908.69,1,Promo modérée
20,2022-07-09,1042.53,1774.69,2799.18,2288.9,3178.84,11084.14,1,Promo modérée
20,2022-07-16,109.04,864.61,194.62,2279.21,453.56,3901.04,1,Promo faible
20,2022-07-23,4310.17,1983.36,122.1,3002.72,3296.09,12714.44,1,Promo modérée
20,2022-07-30,1260.3,302.89,3458.55,92.01,4099.49,9213.24,1,Promo modérée
20,2022-08-06,3749.18,2772.47,2732.92,646.43,1387.2,11288.2,1,Promo modérée
20,2022-08-13,3515.36,2883.03,609.5,3019.48,1893.18,11920.550000000001,1,Promo modérée
20,2022-08-20,4857.02,2440.36,375.67,3498.28,2722.61,13893.940000000002,1,Promo modérée
20,2022-08-27,532.17,1466.71,1770.71,756.14,1351.21,5876.9400000000005,1,Promo modérée
20,2022-09-03,7380.54,4785.61,6637.38,283.61,3898.23,22985.37,1,Promo forte
20,2022-09-10,1983.23,222.68,2994.15,222.27,835.79,6258.12,1,Promo modérée
20,2022-09-17,3566.2,1107.81,2191.0,1061.79,1591.32,9518.12,1,Promo modérée
20,2022-09-24,4017.87,1330.22,1964.13,2344.9,995.6,10652.720000000001,1,Promo modérée
20,2022-10-01,2994.25,2902.13,3508.07,982.6,2282.45,12669.5,1,Promo modérée
20,2022-10-08,1288.45,2832.13,3295.42,2736.4,3890.51,14042.91,1,Promo modérée
20,2022-10-15,1555.76,2502.12,1856.56,211.04,1237.35,7362.83,1,Promo modérée
20,2022-10-22,2533.25,1950.34,3019.5,1940.35,4222.28,13665.720000000001,1,Promo modérée
20,2022-10-29,2022.4,2578.78,3636.7,3164.49,3738.81,15141.18,1,Promo modérée
20,2022-11-05,1164.43,1434.82,2261.6,2113.5,4210.76,11185.11,1,Promo modérée
20,2022-11-12,1318.32,629.63,3705.28,2427.18,3021.87,11102.279999999999,1,Promo modérée
20,2022-11-19,2273.56,1366.1,2153.35,2221.4,4307.93,12322.34,1,Promo modérée
20,2022-11-26,768.21,879.54,5101.1,3046.99,7908.22,17704.06,1,Promo modérée
20,2022-12-03,1974.14,1994.94,1221.96,934.61,3661.82,9787.47,1,Promo modérée
20,2022-12-10,2698.24,1388.52,2011.55,712.09,4066.84,10877.24,1,Promo modérée
20,2022-12-17,405.8,2478.42,3993.67,2024.51,264.64,9167.039999999999,1,Promo modérée
20,2022-12-24,10065.29,2978.79,7906.48,2302.92,3834.89,27088.370000000003,1,Promo forte
20,2022-12-31,8515.84,853.36,3847.49,5381.78,4029.46,22627.93,1,Promo forte
20,2023-01-07,6739.21,6071.21,977.03,4548.17,7213.82,25549.440000000002,1,Promo forte
20,2023-01-14,803.6,2509.91,2626.31,1162.61,2321.22,9423.65,1,Promo modérée
20,2023-01-21,690.07,130.57,53.84,1136.42,332.76,2343.66,1,Promo faible
20,2023-01-28,128.66,401.97,1291.69,1377.94,4229.02,7429.280000000001,1,Promo modérée
20,2023-02-04,4496.67,245.14,3857.0,457.95,2721.95,11778.710000000003,1,Promo modérée
20,2023-02-11,160.95,2069.35,321.49,827.82,720.34,4099.95,1,Promo faible
20,2023-02-18,1730.9,1217.12,476.25,2618.82,2706.99,8750.08,1,Promo modérée
20,2023-02-25,1561.99,77.58,857.38,2388.39,4450.93,9336.27,1,Promo modérée
20,2023-03-04,2029.57,2762.59,322.24,2719.97,1779.9,9614.269999999999,1,Promo modérée
20,2023-03-11,413.67,1793.05,3510.67,279.19,2492.52,8489.099999999999,1,Promo modérée
20,2023-03-18,3497.85,2117.3,2799.86,2989.91,393.21,11798.13,1,Promo modérée
20,2023-03-25,4802.81,2814.26,3611.64,3184.48,4042.43,18455.62,1,Promo modérée
20,2023-04-01,671.16,70.62,466.81,3219.11,2987.12,7414.82,1,Promo modérée
20,2023-04-08,4422.51,1015.99,2795.44,1017.08,2250.32,11501.34,1,Promo modérée
20,2023-04-15,2670.04,2748.08,3782.78,812.38,647.93,10661.21,1,Promo modérée
20,2023-04-22,2801.27,564.04,1948.18,3224.46,2777.46,11315.41,1,Promo modérée
20,2023-04-29,2665.89,840.66,2167.86,2477.27,3304.78,11456.460000000001,1,Promo modérée
20,2023-05-06,294.36,1938.75,1534.82,511.36,199.78,4479.07,1,Promo faible
20,2023-05-13,4707.7,1857.33,2902.58,989.28,2650.42,13107.310000000001,1,Promo modérée
20,2023-05-20,374.34,1163.34,3372.14,1322.77,3742.38,9974.970000000001,1,Promo modérée
20,2023-05-27,271.0,2066.74,2484.96,1543.65,1081.44,7447.790000000001,1,Promo modérée
20,2023-06-03,1538.97,1161.31,74.9,3300.32,1482.26,7557.76,1,Promo modérée
20,2023-06-10,881.16,1495.98,3672.83,1955.51,1148.02,9153.5,1,Promo modérée
20,2023-06-17,3048.96,1570.24,3133.74,101.11,3513.81,11367.859999999999,1,Promo modérée
20,2023-06-24,2706.63,962.94,2109.95,1932.96,402.52,8115.0,1,Promo modérée
20,2023-07-01,3269.84,4290.73,1203.23,5217.51,584.36,14565.67,1,Promo modérée
20,2023-07-08,4352.29,2127.81,2077.5,3429.01,3126.85,15113.460000000001,1,Promo modérée
20,2023-07-15,46.1,590.22,438.07,1116.48,3716.45,5907.32,1,Promo modérée
20,2023-07-22,2563.57,1086.34,3458.47,1114.15,423.63,8646.159999999998,1,Promo modérée
20,2023-07-29,558.92,1982.6,2705.51,1281.52,3792.61,10321.160000000002,1,Promo modérée
20,2023-08-05,3565.27,1242.85,773.08,2632.78,3647.92,11861.9,1,Promo modérée
20,2023-08-12,3967.1,1638.19,2323.0,2799.5,2379.8,13107.59,1,Promo modérée
20,2023-08-19,1319.97,383.88,3277.87,1441.22,1565.52,7988.459999999999,1,Promo modérée
20,2023-08-26,4456.26,986.13,50.63,1369.54,2291.38,9153.94,1,Promo modérée
20,2023-09-02,3879.09,2236.15,8123.23,375.44,4406.25,19020.16,1,Promo modérée
20,2023-09-09,2034.08,2665.18,861.97,2257.13,604.83,8423.19,1,Promo modérée
20,2023-09-16,1711.41,638.03,2415.95,3340.97,1619.06,9725.419999999998,1,Promo modérée
20,2023-09-23,1898.64,1388.53,2872.98,2518.79,2158.15,10837.089999999998,1,Promo modérée
20,2023-09-30,2793.64,1674.9,2839.6,2509.6,1058.45,10876.19,1,Promo modérée
20,2023-10-07,3648.24,1581.35,1749.02,2417.33,163.67,9559.61,1,Promo modérée
20,2023-10-14,1293.81,1556.21,2489.26,1470.36,3945.2,10754.84,1,Promo modérée
20,2023-10-21,3488.63,659.26,3905.03,1114.95,2396.16,11564.03,1,Promo modérée
20,2023-10-28,4666.18,947.52,2768.75,2866.42,3334.12,14582.990000000002,1,Promo modérée
20,2023-11-04,1523.81,1908.68,2932.19,1871.12,332.68,8568.48,1,Promo modérée
20,2023-11-11,96.57,711.9,2799.68,3190.56,420.81,7219.5199999999995,1,Promo modérée
20,2023-11-18,3576.24,2513.16,1810.0,2617.5,1358.02,11874.92,1,Promo modérée
20,2023-11-25,3112.91,4304.67,5701.69,566.36,2845.41,16531.04,1,Promo modérée
20,2023-12-02,46.33,829.18,569.49,446.63,4315.68,6207.31,1,Promo modérée
20,2023-12-09,1205.11,2496.44,3447.96,1305.33,1686.88,10141.720000000001,1,Promo modérée
20,2023-12-16,1936.72,156.61,1914.72,2590.03,2311.85,8909.93,1,Promo modérée
20,2023-12-23,658.32,2445.97,1715.68,7197.81,5755.3,17773.08,1,Promo modérée
20,2023-12-30,2609.55,4242.13,456.51,2099.71,2062.28,11470.180000000002,1,Promo modérée
20,2024-01-06,7103.01,6048.58,513.85,1289.62,4102.63,19057.690000000002,1,Promo modérée
20,2024-01-13,2545.97,2784.16,1567.88,151.74,3177.75,10227.5,1,Promo modérée
20,2024-01-20,4094.1,1764.17,1289.92,1086.67,559.39,8794.25,1,Promo modérée
20,2024-01-27,2235.77,2917.67,3276.28,599.61,3240.5,12269.830000000002,1,Promo modérée
20,2024-02-03,151.87,1939.76,2539.95,504.3,1570.44,6706.32,1,Promo modérée
20,2024-02-10,514.19,348.32,2112.43,2170.4,1816.83,6962.17,1,Promo modérée
20,2024-02-17,195.58,41.67,1413.52,681.88,1207.65,3540.3,1,Promo faible
20,2024-02-24,1632.23,1639.67,1777.74,449.38,4082.33,9581.35,1,Promo modérée
20,2024-03-02,1036.35,435.78,3323.12,3018.56,2375.87,10189.68,1,Promo modérée
20,2024-03-09,997.38,33.41,1323.81,106.75,3725.89,6187.24,1,Promo modérée
20,2024-03-16,1111.0,2311.6,2782.19,1262.55,1445.02,8912.36,1,Promo modérée
20,2024-03-23,2174.02,2482.51,2015.59,1345.73,725.65,8743.5,1,Promo modérée
20,2024-03-30,2125.35,2434.16,3675.66,2101.63,3292.26,13629.06,1,Promo modérée
20,2024-04-06,2967.75,2696.84,792.4,343.86,3107.9,9908.75,1,Promo modérée
20,2024-04-13,3503.32,262.13,3048.17,627.76,1064.74,8506.12,1,Promo modérée
20,2024-04-20,1469.36,58.99,1891.64,2690.07,3880.11,9990.17,1,Promo modérée
20,2024-04-27,277.81,2027.91,2595.18,2805.7,2772.48,10479.08,1,Promo modérée
20,2024-05-04,3870.54,893.59,298.21,617.77,417.88,6097.990000000001,1,Promo modérée
20,2024-05-11,3593.0,72.34,1365.56,2388.22,580.63,7999.749999999999,1,Promo modérée
20,2024-05-18,741.02,2072.45,85.82,527.7,3194.47,6621.459999999999,1,Promo modérée
20,2024-05-25,3869.0,2899.44,3554.56,2780.87,3126.41,16230.279999999999,1,Promo modérée
20,2024-06-01,4016.56,1843.38,1755.36,91.11,1472.3,9178.71,1,Promo modérée
20,2024-06-08,2594.33,1103.77,3960.39,3016.52,1974.54,12649.55,1,Promo modérée
20,2024-06-15,1131.03,1908.94,3749.76,2751.7,1229.24,10770.67,1,Promo modérée
20,2024-06-22,2497.24,2125.04,3004.72,208.35,1529.8,9365.15,1,Promo modérée
20,2024-06-29,3172.5,2649.91,1819.37,2613.33,657.05,10912.16,1,Promo modérée
20,2024-07-06,3406.47,3645.91,8694.35,6108.93,3766.31,25621.97,1,Promo forte
20,2024-07-13,2846.46,2007.55,2983.67,466.0,902.05,9205.73,1,Promo modérée
20,2024-07-20,1080.36,1250.1,1514.09,3256.04,1284.2,8384.79,1,Promo modérée
20,2024-07-27,1520.2,2432.38,3645.25,255.35,3403.91,11257.09,1,Promo modérée
20,2024-08-03,1973.8,117.52,3634.82,2557.61,1222.5,9506.25,1,Promo modérée
20,2024-08-10,2586.12,624.55,3106.99,1046.02,2611.85,9975.53,1,Promo modérée
20,2024-08-17,2127.92,48.35,112.66,1648.97,824.52,4762.42,1,Promo faible
20,2024-08-24,2643.68,2362.14,3012.16,3226.27,963.08,12207.33,1,Promo modérée
20,2024-08-31,4760.18,1882.9,1522.71,2771.4,1370.13,12307.32,1,Promo modérée
20,2024-09-07,5027.3,5376.27,2739.64,4430.34,2063.88,19637.43,1,Promo modérée
20,2024-09-14,1414.36,103.47,439.74,2610.58,1179.32,5747.469999999999,1,Promo modérée
20,2024-09-21,2018.84,2842.05,1279.8,641.63,1645.17,8427.490000000002,1,Promo modérée
20,2024-09-28,1441.6,1365.49,2989.08,3207.88,1517.24,10521.289999999999,1,Promo modérée
20,2024-10-05,4522.52,2406.73,973.72,1136.78,1588.31,10628.06,1,Promo modérée
20,2024-10-12,50.87,2092.46,1557.44,2215.45,2730.12,8646.34,1,Promo modérée
20,2024-10-19,2049.2,2141.37,2700.88,35.83,1284.02,8211.3,1,Promo modérée
20,2024-10-26,2373.69,740.97,2320.94,2522.01,1489.84,9447.45,1,Promo modérée
20,2024-11-02,1615.72,367.95,2182.62,791.92,3696.13,8654.34,1,Promo modérée
20,2024-11-09,3649.43,777.78,3367.04,3336.0,2245.68,13375.93,1,Promo modérée
20,2024-11-16,437.43,2966.64,916.1,2225.65,1279.55,7825.37,1,Promo modérée
20,2024-11-23,9846.65,5546.78,5973.5,519.09,2064.83,23950.85,1,Promo forte
20,2024-11-30,3015.95,1465.7,5067.16,2868.84,1391.54,13809.189999999999,1,Promo modérée
20,2024-12-07,3103.07,1309.48,1624.25,813.01,136.92,6986.7300000000005,1,Promo modérée
20,2024-12-14,2824.95,1191.44,1073.09,3269.15,3069.35,11427.98,1,Promo modérée
20,2024-12-21,3115.02,3957.22,3785.71,50.74,7995.47,18904.16,1,Promo modérée
21,2022-01-01,5251.01,6580.35,3593.74,1403.94,6074.7,22903.74,1,Promo forte
21,2022-01-08,2155.82,1280.18,742.18,2744.07,581.72,7503.97,1,Promo modérée
21,2022-01-15,1539.71,1349.92,1137.07,2549.47,2185.56,8761.73,1,Promo modérée
21,2022-01-22,688.97,1498.28,3211.06,975.74,1243.94,7617.99,1,Promo modérée
21,2022-01-29,4206.52,185.45,1279.64,498.31,4271.58,10441.5,1,Promo modérée
21,2022-02-05,1168.4,563.04,44.84,1441.87,4047.47,7265.619999999999,1,Promo modérée
21,2022-02-12,3903.12,1835.55,2055.4,2071.76,432.9,10298.73,1,Promo modérée
21,2022-02-19,1478.25,1619.74,2295.28,2021.16,3834.94,11249.37,1,Promo modérée
21,2022-02-26,1297.44,2449.67,1062.55,37.76,696.74,5544.16,1,Promo modérée
21,2022-03-05,1551.71,112.94,2045.95,748.09,2336.9,6795.59,1,Promo modérée
21,2022-03-12,1993.75,907.57,961.44,2115.87,2648.44,8627.07,1,Promo modérée
21,2022-03-19,2702.52,1383.2,1321.17,2751.05,422.88,8580.82,1,Promo modérée
21,2022-03-26,4326.31,222.51,1498.89,1174.05,4469.21,11690.970000000001,1,Promo modérée
21,2022-04-02,771.87,503.34,3957.01,1584.55,566.11,7382.88,1,Promo modérée
21,2022-04-09,2275.06,499.5,1306.91,246.11,4003.7,8331.279999999999,1,Promo modérée
21,2022-04-16,1456.31,2089.32,3378.19,1001.95,1089.98,9015.75,1,Promo modérée
21,2022-04-23,3100.69,1540.22,455.62,2271.86,2009.51,9377.9,1,Promo modérée
21,2022-04-30,4788.05,1996.69,410.14,2880.02,1451.5,11526.4,1,Promo modérée
21,2022-05-07,2760.22,722.78,1014.82,1340.02,652.55,6490.39,1,Promo modérée
21,2022-05-14,1167.95,2497.93,3562.82,1435.08,121.07,8784.85,1,Promo modérée
21,2022-05-21,2941.84,1136.12,2999.07,1498.63,3045.49,11621.15,1,Promo modérée
21,2022-05-28,4869.53,1140.33,257.89,3457.9,2807.13,12532.779999999999,1,Promo modérée
21,2022-06-04,4177.55,2641.03,2005.25,653.12,572.04,10048.990000000002,1,Promo modérée
21,2022-06-11,2011.84,64.08,2440.57,1481.0,4138.94,10136.43,1,Promo modérée
21,2022-06-18,81.33,980.74,3774.02,2289.12,2397.24,9522.45,1,Promo modérée
21,2022-06-25,959.26,474.45,3813.25,2107.11,2870.27,10224.34,1,Promo modérée
21,2022-07-02,5586.29,3152.49,544.55,3499.15,2846.84,15629.319999999998,1,Promo modérée
21,2022-07-09,1543.88,2936.26,3730.92,2010.79,4414.75,14636.600000000002,1,Promo modérée
21,2022-07-16,3043.13,638.79,2757.52,720.11,1527.11,8686.66,1,Promo modérée
21,2022-07-23,1479.95,259.12,347.95,1946.06,4468.14,8501.220000000001,1,Promo modérée
21,2022-07-30,1471.9,907.57,1697.91,1099.51,4118.99,9295.880000000001,1,Promo modérée
21,2022-08-06,557.78,2921.29,2773.42,954.08,2052.17,9258.74,1,Promo modérée
21,2022-08-13,4129.85,1090.59,1391.61,1638.0,2900.5,11150.55,1,Promo modérée
21,2022-08-20,3582.0,494.02,1027.7,1491.21,4002.37,10597.3,1,Promo modérée
21,2022-08-27,2095.39,1800.62,3247.86,2945.07,3015.88,13104.82,1,Promo modérée
21,2022-09-03,10136.54,3244.16,6416.1,2903.05,1572.9,24272.750000000004,1,Promo forte
21,2022-09-10,430.09,91.29,2425.91,1158.71,1880.72,5986.72,1,Promo modérée
21,2022-09-17,1088.99,1278.24,3887.7,2893.67,485.69,9634.29,1,Promo modérée
21,2022-09-24,2287.27,527.77,1859.49,2267.61,2738.66,9680.8,1,Promo modérée
21,2022-10-01,1472.31,2302.9,1638.71,635.13,2102.55,8151.6,1,Promo modérée
21,2022-10-08,3306.66,336.88,1569.14,2593.48,1011.68,8817.84,1,Promo modérée
21,2022-10-15,3375.05,340.1,3671.11,790.2,539.89,8716.35,1,Promo modérée
21,2022-10-22,2477.69,1165.56,3802.51,1298.53,751.38,9495.67,1,Promo modérée
21,2022-10-29,2580.31,2007.88,3109.2,2485.55,925.16,11108.1,1,Promo modérée
21,2022-11-05,2635.47,980.38,3024.6,1099.67,4404.23,12144.349999999999,1,Promo modérée
21,2022-11-12,3476.51,1493.39,1933.77,1287.79,1221.58,9413.04,1,Promo modérée
21,2022-11-19,4286.38,1759.9,3115.12,2830.74,3704.56,15696.7,1,Promo modérée
21,2022-11-26,4031.66,3683.12,4386.61,4636.93,317.91,17056.23,1,Promo modérée
21,2022-12-03,2732.88,2945.38,3341.62,1445.97,2773.86,13239.710000000001,1,Promo modérée
21,2022-12-10,2422.36,529.59,3212.58,956.08,3692.16,10812.77,1,Promo modérée
21,2022-12-17,4445.35,2453.92,2299.41,1632.13,2912.14,13742.95,1,Promo modérée
21,2022-12-24,7721.1,2177.84,7309.86,3752.54,1728.92,22690.260000000002,1,Promo forte
21,2022-12-31,7212.16,933.08,827.59,2656.73,8463.62,20093.18,1,Promo forte
21,2023-01-07,349.88,3583.25,7092.28,2126.15,8883.88,22035.44,1,Promo forte
21,2023-01-14,2086.53,2390.84,2124.93,1681.96,3631.11,11915.370000000003,1,Promo modérée
21,2023-01-21,3512.94,2697.29,897.3,2114.77,1949.65,11171.949999999999,1,Promo modérée
21,2023-01-28,3748.77,1147.02,3313.95,282.68,2811.48,11303.9,1,Promo modérée
21,2023-02-04,2137.34,2520.41,2123.05,2677.0,353.57,9811.369999999999,1,Promo modérée
21,2023-02-11,4590.54,2357.05,878.55,2890.64,549.36,11266.140000000001,1,Promo modérée
21,2023-02-18,3993.1,1511.33,1235.59,1419.03,4358.96,12518.01,1,Promo modérée
21,2023-02-25,3816.58,907.8,3943.06,1752.86,2324.43,12744.730000000001,1,Promo modérée
21,2023-03-04,1978.37,1246.75,2573.2,2317.31,694.3,8809.929999999998,1,Promo modérée
21,2023-03-11,1566.08,637.14,503.27,1321.53,2434.21,6462.23,1,Promo modérée
21,2023-03-18,4145.87,799.02,89.63,2917.4,250.74,8202.66,1,Promo modérée
21,2023-03-25,3885.8,2267.31,3264.51,768.96,3280.02,13466.600000000002,1,Promo modérée
21,2023-04-01,4860.54,130.8,375.32,432.73,1937.54,7736.929999999999,1,Promo modérée
21,2023-04-08,3585.19,1085.91,1412.83,2649.24,3510.19,12243.36,1,Promo modérée
21,2023-04-15,1457.24,2005.56,3312.54,672.3,2533.41,9981.05,1,Promo modérée
21,2023-04-22,961.46,261.02,2508.85,1379.46,733.06,5843.85,1,Promo modérée
21,2023-04-29,2029.5,636.86,2515.4,854.89,2223.39,8260.04,1,Promo modérée
21,2023-05-06,4521.54,2374.02,1332.49,632.11,1257.91,10118.07,1,Promo modérée
21,2023-05-13,493.37,837.82,437.15,898.35,3769.53,6436.22,1,Promo modérée
21,2023-05-20,3768.25,2542.9,2478.6,1755.03,1682.71,12227.490000000002,1,Promo modérée
21,2023-05-27,4598.03,1070.75,2780.55,2270.33,3016.95,13736.61,1,Promo modérée
21,2023-06-03,226.48,1403.21,1700.32,1260.07,3518.93,8109.01,1,Promo modérée
21,2023-06-10,4461.54,2981.54,3877.18,2512.45,644.52,14477.23,1,Promo modérée
21,2023-06-17,1399.62,1919.45,1264.99,1577.27,1720.96,7882.29,1,Promo modérée
21,2023-06-24,3315.36,1693.69,3695.91,355.64,992.88,10053.479999999998,1,Promo modérée
21,2023-07-01,7173.56,295.86,2566.27,6232.55,5150.42,21418.660000000003,1,Promo forte
21,2023-07-08,4136.96,2029.73,1885.52,3204.68,1763.1,13019.990000000002,1,Promo modérée
21,2023-07-15,1718.32,1194.63,1164.55,2485.84,2931.11,9494.45,1,Promo modérée
21,2023-07-22,428.48,804.61,1284.81,1916.89,3482.05,7916.84,1,Promo modérée
21,2023-07-29,4381.02,1850.18,2393.92,453.34,3250.8,12329.260000000002,1,Promo modérée
21,2023-08-05,2619.3,1195.06,2869.48,3068.14,3783.8,13535.779999999999,1,Promo modérée
21,2023-08-12,4439.87,590.9,1758.58,2622.9,2881.26,12293.51,1,Promo modérée
21,2023-08-19,3231.65,612.74,2775.95,10.89,2469.48,9100.710000000001,1,Promo modérée
21,2023-08-26,4826.56,2499.19,2868.6,1676.38,1764.65,13635.38,1,Promo modérée
21,2023-09-02,5077.43,1794.11,2412.37,476.41,6076.66,15836.98,1,Promo modérée
21,2023-09-09,3755.06,2314.36,1996.96,1238.58,4200.46,13505.419999999998,1,Promo modérée
21,2023-09-16,41.0,2157.97,2234.91,1696.46,1905.73,8036.07,1,Promo modérée
21,2023-09-23,3547.52,1764.86,1920.49,2000.32,2516.66,11749.85,1,Promo modérée
21,2023-09-30,3488.74,1391.99,3025.92,2045.74,242.11,10194.5,1,Promo modérée
21,2023-10-07,3602.2,2111.91,2800.65,3205.13,1570.24,13290.13,1,Promo modérée
21,2023-10-14,4781.66,446.2,3056.01,2215.1,3676.03,14175.0,1,Promo modérée
21,2023-10-21,3014.68,2718.31,1870.41,238.17,942.88,8784.449999999999,1,Promo modérée
21,2023-10-28,2060.97,57.9,938.92,2057.19,4328.74,9443.72,1,Promo modérée
21,2023-11-04,1252.53,2439.43,515.12,3240.1,904.64,8351.82,1,Promo modérée
21,2023-11-11,3434.23,1472.76,2642.43,1277.22,125.65,8952.289999999999,1,Promo modérée
21,2023-11-18,3175.1,571.78,2311.95,1867.77,937.19,8863.79,1,Promo modérée
21,2023-11-25,8116.66,4858.05,2432.33,6718.78,6813.68,28939.5,1,Promo forte
21,2023-12-02,2343.8,1960.68,2157.99,2129.15,2457.96,11049.580000000002,1,Promo modérée
21,2023-12-09,3269.52,1279.77,3897.6,377.28,930.62,9754.79,1,Promo modérée
21,2023-12-16,887.18,880.04,2733.38,3065.53,3593.21,11159.34,1,Promo modérée
21,2023-12-23,8865.82,3013.99,1319.48,3376.86,1960.53,18536.679999999997,1,Promo modérée
21,2023-12-30,6187.83,5563.09,6694.41,5090.98,4919.2,28455.510000000002,1,Promo forte
21,2024-01-06,4890.89,4854.65,8462.76,2880.61,5372.96,26461.870000000003,1,Promo forte
21,2024-01-13,4495.61,478.18,1316.88,1626.24,3812.01,11728.92,1,Promo modérée
21,2024-01-20,784.26,2847.75,2038.72,650.68,2195.96,8517.37,1,Promo modérée
21,2024-01-27,4334.73,1530.09,2428.24,2655.52,1914.46,12863.04,1,Promo modérée
21,2024-02-03,741.93,879.24,128.45,2601.98,1164.22,5515.820000000001,1,Promo modérée
21,2024-02-10,1168.0,2835.7,1541.02,3285.07,1233.96,10063.75,1,Promo modérée
21,2024-02-17,4899.18,2863.53,3408.11,2964.11,2974.88,17109.81,1,Promo modérée
21,2024-02-24,4373.86,1981.41,3356.09,1658.82,3227.87,14598.05,1,Promo modérée
21,2024-03-02,3216.09,2633.61,1638.62,1465.42,2372.32,11326.060000000001,1,Promo modérée
21,2024-03-09,438.68,1377.96,3789.87,3153.62,3156.07,11916.2,1,Promo modérée
21,2024-03-16,3930.54,971.61,2671.13,1251.58,2089.49,10914.35,1,Promo modérée
21,2024-03-23,650.41,227.28,2418.7,661.82,269.1,4227.31,1,Promo faible
21,2024-03-30,599.3,1414.01,2673.86,2244.48,649.9,7581.549999999999,1,Promo modérée
21,2024-04-06,1662.5,441.0,3493.81,742.46,1323.13,7662.9,1,Promo modérée
21,2024-04-13,1761.4,377.65,2164.16,1024.0,3100.21,8427.42,1,Promo modérée
21,2024-04-20,4454.26,2982.03,1667.32,162.99,1376.8,10643.4,1,Promo modérée
21,2024-04-27,2374.84,626.76,364.99,1439.26,1580.51,6386.360000000001,1,Promo modérée
21,2024-05-04,131.45,1329.31,2349.72,3349.5,2582.65,9742.63,1,Promo modérée
21,2024-05-11,985.49,1502.48,600.16,2604.15,2672.58,8364.86,1,Promo modérée
21,2024-05-18,228.21,1896.68,1493.76,3176.66,156.95,6952.259999999999,1,Promo modérée
21,2024-05-25,3580.17,664.48,2805.57,3040.56,453.74,10544.519999999999,1,Promo modérée
21,2024-06-01,4003.41,894.88,1972.85,2757.45,2227.25,11855.84,1,Promo modérée
21,2024-06-08,3823.24,773.21,2696.75,2261.78,2775.04,12330.02,1,Promo modérée
21,2024-06-15,907.61,1830.51,3268.19,1254.21,2940.5,10201.02,1,Promo modérée
21,2024-06-22,4962.24,88.92,2640.23,1450.92,44.05,9186.359999999999,1,Promo modérée
21,2024-06-29,1805.82,1478.09,1436.84,1934.56,1073.92,7729.23,1,Promo modérée
21,2024-07-06,7135.59,3726.53,3217.72,4944.94,279.64,19304.42,1,Promo modérée
21,2024-07-13,3271.27,2277.62,453.5,3466.98,2727.75,12197.119999999999,1,Promo modérée
21,2024-07-20,2602.83,1984.42,1430.79,1358.53,1287.79,8664.36,1,Promo modérée
21,2024-07-27,4269.14,2214.76,1338.56,3173.83,336.75,11333.04,1,Promo modérée
21,2024-08-03,3306.71,1802.53,2590.42,2409.28,3405.96,13514.900000000001,1,Promo modérée
21,2024-08-10,1161.84,176.17,2613.98,2590.6,1274.38,7816.97,1,Promo modérée
21,2024-08-17,337.85,132.33,1709.09,340.06,3350.92,5870.25,1,Promo modérée
21,2024-08-24,1932.82,878.83,914.48,2256.53,586.03,6568.69,1,Promo modérée
21,2024-08-31,4711.86,1654.96,1981.52,1173.84,3220.07,12742.25,1,Promo modérée
21,2024-09-07,3476.99,5319.59,871.55,3508.5,4233.05,17409.68,1,Promo modérée
21,2024-09-14,2549.31,2877.71,3915.66,1860.88,2317.94,13521.500000000002,1,Promo modérée
21,2024-09-21,14.67,1047.7,285.76,2603.39,2524.57,6476.09,1,Promo modérée
21,2024-09-28,1668.01,1978.49,3631.69,821.16,2434.95,10534.3,1,Promo modérée
21,2024-10-05,912.33,64.6,588.12,3417.65,966.82,5949.52,1,Promo modérée
21,2024-10-12,566.09,1745.75,1274.06,1341.04,1980.77,6907.710000000001,1,Promo modérée
21,2024-10-19,4621.82,2815.4,162.76,52.18,1912.8,9564.96,1,Promo modérée
21,2024-10-26,3008.52,501.44,3538.0,2379.92,1631.59,11059.470000000001,1,Promo modérée
21,2024-11-02,207.16,1014.98,602.94,2217.31,3033.31,7075.700000000001,1,Promo modérée
21,2024-11-09,1719.57,1483.75,3274.57,2934.96,3262.23,12675.079999999998,1,Promo modérée
21,2024-11-16,2735.64,2036.56,212.21,210.08,3528.77,8723.26,1,Promo modérée
21,2024-11-23,8016.99,3825.32,2813.86,1524.56,4144.86,20325.59,1,Promo forte
21,2024-11-30,8867.94,960.49,4232.74,5743.98,4801.71,24606.86,1,Promo forte
21,2024-12-07,3155.72,2380.33,57.95,3081.28,4293.22,12968.5,1,Promo modérée
21,2024-12-14,4261.24,1790.51,2317.53,2306.96,3852.01,14528.250000000002,1,Promo modérée
21,2024-12-21,6100.17,6192.42,7157.65,5128.38,3458.72,28037.34,1,Promo forte
22,2022-01-01,8365.02,2060.06,6184.01,3808.04,3200.59,23617.72,1,Promo forte
22,2022-01-08,1759.04,643.86,2178.54,516.03,3678.5,8775.970000000001,1,Promo modérée
22,2022-01-15,2272.88,2466.51,3074.59,2497.93,3723.14,14035.05,1,Promo modérée
22,2022-01-22,4784.34,2704.47,459.81,1293.43,1639.45,10881.5,1,Promo modérée
22,2022-01-29,2844.71,1865.34,1884.08,2318.16,4304.98,13217.27,1,Promo modérée
22,2022-02-05,1937.01,1781.64,426.55,494.13,3936.07,8575.4,1,Promo modérée
22,2022-02-12,421.95,2456.29,1366.23,2973.14,4462.9,11680.509999999998,1,Promo modérée
22,2022-02-19,724.61,781.26,817.59,1244.87,334.65,3902.98,1,Promo faible
22,2022-02-26,3209.76,2247.77,2082.76,1786.18,2840.87,12167.34,1,Promo modérée
22,2022-03-05,2744.23,1080.47,2161.25,1420.95,3765.3,11172.2,1,Promo modérée
22,2022-03-12,2105.1,2400.39,1122.69,3049.91,4033.54,12711.630000000001,1,Promo modérée
22,2022-03-19,4833.39,847.96,616.6,1006.2,2765.82,10069.970000000001,1,Promo modérée
22,2022-03-26,1246.18,939.51,236.89,902.19,2206.41,5531.18,1,Promo modérée
22,2022-04-02,233.96,1510.6,263.65,3092.95,3388.67,8489.83,1,Promo modérée
22,2022-04-09,4113.66,2465.24,1137.11,923.11,2346.29,10985.41,1,Promo modérée
22,2022-04-16,4606.59,782.78,3321.18,937.63,1544.77,11192.949999999999,1,Promo modérée
22,2022-04-23,617.2,755.33,2251.45,2041.16,2596.08,8261.220000000001,1,Promo modérée
22,2022-04-30,3594.15,2742.05,2570.49,2360.14,3246.32,14513.15,1,Promo modérée
22,2022-05-07,4485.85,1861.15,1692.7,2181.14,1808.37,12029.21,1,Promo modérée
22,2022-05-14,3301.84,2993.23,587.86,2578.55,624.93,10086.41,1,Promo modérée
22,2022-05-21,374.36,411.91,2404.68,1814.1,758.54,5763.589999999999,1,Promo modérée
22,2022-05-28,4035.41,2356.11,63.99,166.74,2474.28,9096.53,1,Promo modérée
22,2022-06-04,3371.68,1940.03,405.29,1635.94,3001.84,10354.78,1,Promo modérée
22,2022-06-11,3080.57,2560.77,3602.35,1361.1,779.62,11384.410000000002,1,Promo modérée
22,2022-06-18,4606.36,1767.55,3098.97,1394.72,4462.72,15330.32,1,Promo modérée
22,2022-06-25,2280.15,2024.56,2749.76,3060.76,2992.16,13107.39,1,Promo modérée
22,2022-07-02,1206.34,494.0,3291.67,3834.6,6094.93,14921.54,1,Promo modérée
22,2022-07-09,1100.45,1845.92,3868.7,435.08,2282.76,9532.91,1,Promo modérée
22,2022-07-16,3651.64,1388.57,3636.89,1059.5,3392.93,13129.53,1,Promo modérée
22,2022-07-23,1071.24,2004.45,2953.85,2598.45,2268.0,10895.99,1,Promo modérée
22,2022-07-30,4204.43,314.04,3799.34,638.6,1864.62,10821.030000000002,1,Promo modérée
22,2022-08-06,3409.39,553.1,1529.19,1319.88,1070.72,7882.280000000001,1,Promo modérée
22,2022-08-13,89.77,1039.75,2107.09,971.99,3152.06,7360.66,1,Promo modérée
22,2022-08-20,1991.29,1146.87,964.79,761.17,1360.71,6224.83,1,Promo modérée
22,2022-08-27,2538.77,801.42,297.26,1158.64,2230.13,7026.22,1,Promo modérée
22,2022-09-03,4326.48,778.05,1987.23,2014.68,669.59,9776.03,1,Promo modérée
22,2022-09-10,1633.76,379.57,906.01,814.47,4433.42,8167.2300000000005,1,Promo modérée
22,2022-09-17,521.88,2116.8,526.42,1553.09,2844.74,7562.93,1,Promo modérée
22,2022-09-24,1777.98,25.19,2937.64,3499.06,1826.46,10066.329999999998,1,Promo modérée
22,2022-10-01,2375.88,2390.94,1362.65,3171.8,2451.74,11753.01,1,Promo modérée
22,2022-10-08,1214.76,842.44,2397.82,3156.77,2602.83,10214.62,1,Promo modérée
22,2022-10-15,2089.8,526.97,1400.47,861.46,1029.21,5907.910000000001,1,Promo modérée
22,2022-10-22,3242.21,1031.17,3078.93,453.63,2570.12,10376.06,1,Promo modérée
22,2022-10-29,4456.36,2227.74,702.33,962.03,4137.11,12485.57,1,Promo modérée
22,2022-11-05,4628.69,1981.58,35.31,1401.17,4100.56,12147.310000000001,1,Promo modérée
22,2022-11-12,2889.39,2541.9,3306.27,3176.19,527.49,12441.24,1,Promo modérée
22,2022-11-19,321.63,964.59,1405.65,2833.46,3309.65,8834.98,1,Promo modérée
22,2022-11-26,6919.68,408.01,717.43,73.75,5602.68,13721.550000000001,1,Promo modérée
22,2022-12-03,506.54,649.64,1697.56,2947.96,1146.82,6948.5199999999995,1,Promo modérée
22,2022-12-10,3400.99,730.4,2515.47,781.05,1745.43,9173.339999999998,1,Promo modérée
22,2022-12-17,3143.2,271.71,1863.22,912.34,2102.09,8292.560000000001,1,Promo modérée
22,2022-12-24,10475.03,4935.64,171.21,3087.74,2548.24,21217.86,1,Promo forte
22,2022-12-31,6466.42,4621.39,7264.97,3133.68,6800.53,28286.99,1,Promo forte
22,2023-01-07,7906.99,2470.72,7216.51,199.18,1017.18,18810.58,1,Promo modérée
22,2023-01-14,2146.82,2034.24,3070.27,1664.46,963.0,9878.79,1,Promo modérée
22,2023-01-21,452.27,2914.06,2529.59,3450.63,1525.02,10871.57,1,Promo modérée
22,2023-01-28,2324.35,249.01,2048.67,1146.25,1510.33,7278.61,1,Promo modérée
22,2023-02-04,4574.72,1094.52,3930.86,2015.4,4380.31,15995.810000000001,1,Promo modérée
22,2023-02-11,2894.85,2405.83,2244.15,223.35,3120.51,10888.69,1,Promo modérée
22,2023-02-18,1375.54,1900.09,3905.44,412.38,642.18,8235.63,1,Promo modérée
22,2023-02-25,2806.02,781.57,1604.64,1164.12,3618.63,9974.98,1,Promo modérée
22,2023-03-04,625.37,2240.59,2385.9,3158.54,902.75,9313.150000000001,1,Promo modérée
22,2023-03-11,4621.87,2755.31,2878.51,168.26,3925.19,14349.140000000001,1,Promo modérée
22,2023-03-18,251.18,2262.31,943.37,84.89,1787.72,5329.469999999999,1,Promo modérée
22,2023-03-25,3395.51,246.73,2220.15,512.44,880.6,7255.43,1,Promo modérée
22,2023-04-01,1648.35,2247.81,299.13,3011.58,3673.04,10879.91,1,Promo modérée
22,2023-04-08,622.05,134.87,3757.24,1078.04,4129.28,9721.48,1,Promo modérée
22,2023-04-15,2480.77,2597.84,3803.06,1136.16,1884.93,11902.76,1,Promo modérée
22,2023-04-22,2617.49,366.94,1173.29,905.19,3775.19,8838.1,1,Promo modérée
22,2023-04-29,1169.22,680.69,1859.7,30.83,2391.08,6131.52,1,Promo modérée
22,2023-05-06,4302.61,2551.14,3287.4,1081.58,4007.78,15230.51,1,Promo modérée
22,2023-05-13,1671.03,637.26,2473.79,1969.09,2081.63,8832.8,1,Promo modérée
22,2023-05-20,3115.36,1195.93,239.23,1244.49,3473.01,9268.02,1,Promo modérée
22,2023-05-27,4437.78,1938.82,3251.62,1825.35,3230.87,14684.439999999999,1,Promo modérée
22,2023-06-03,4521.1,1864.7,3480.2,137.82,2960.34,12964.16,1,Promo modérée
22,2023-06-10,1439.75,1215.74,2278.07,1817.09,176.35,6927.0,1,Promo modérée
22,2023-06-17,3711.11,1718.23,3055.9,244.64,2183.46,10913.34,1,Promo modérée
22,2023-06-24,232.14,2162.47,2160.03,2887.5,2282.22,9724.359999999999,1,Promo modérée
22,2023-07-01,216.63,438.49,8424.11,2664.8,8593.95,20337.980000000003,1,Promo forte
22,2023-07-08,1445.04,454.41,2557.05,1708.37,444.36,6609.23,1,Promo modérée
22,2023-07-15,2869.73,1322.26,1851.15,3340.33,623.01,10006.48,1,Promo modérée
22,2023-07-22,1436.79,700.97,1375.61,3050.86,2273.51,8837.74,1,Promo modérée
22,2023-07-29,2040.99,2941.17,1390.16,2927.25,1153.73,10453.3,1,Promo modérée
22,2023-08-05,2217.6,2455.94,992.43,1080.28,3804.01,10550.26,1,Promo modérée
22,2023-08-12,835.69,2749.04,3587.13,3444.76,1811.01,12427.630000000001,1,Promo modérée
22,2023-08-19,886.83,660.93,1258.91,2758.63,1676.93,7242.2300000000005,1,Promo modérée
22,2023-08-26,3116.07,2405.64,278.43,2166.12,160.81,8127.070000000001,1,Promo modérée
22,2023-09-02,10198.18,4690.4,8244.24,5081.78,70.37,28284.969999999998,1,Promo forte
22,2023-09-09,779.82,890.24,1449.47,1142.95,1133.96,5396.44,1,Promo modérée
22,2023-09-16,3542.66,1377.05,2225.93,1593.9,4006.61,12746.15,1,Promo modérée
22,2023-09-23,1777.21,1566.39,2119.96,2405.68,1010.23,8879.47,1,Promo modérée
22,2023-09-30,4958.4,1214.44,426.36,2875.26,954.91,10429.369999999999,1,Promo modérée
22,2023-10-07,1884.94,319.85,790.72,2676.19,3464.48,9136.18,1,Promo modérée
22,2023-10-14,2629.68,1411.79,2874.15,748.36,3552.74,11216.72,1,Promo modérée
22,2023-10-21,4452.86,2972.81,1427.9,1022.5,984.47,10860.539999999999,1,Promo modérée
22,2023-10-28,4485.64,1662.03,2762.72,2168.1,3740.38,14818.869999999999,1,Promo modérée
22,2023-11-04,4649.33,1992.75,31.02,365.44,3860.74,10899.279999999999,1,Promo modérée
22,2023-11-11,2883.16,868.25,830.45,2675.86,4209.55,11467.27,1,Promo modérée
22,2023-11-18,3955.94,2159.05,3549.71,760.72,482.81,10908.23,1,Promo modérée
22,2023-11-25,8751.21,4625.23,530.26,829.62,7769.89,22506.21,1,Promo forte
22,2023-12-02,1092.42,2340.62,191.92,997.7,2806.5,7429.16,1,Promo modérée
22,2023-12-09,4993.9,2012.95,1622.69,264.78,2694.02,11588.34,1,Promo modérée
22,2023-12-16,2197.33,887.83,1393.8,1818.55,4215.16,10512.67,1,Promo modérée
22,2023-12-23,5524.17,4809.48,6608.91,1739.54,990.99,19673.09,1,Promo modérée
22,2023-12-30,3560.01,871.77,4164.37,6093.49,9588.73,24278.370000000003,1,Promo forte
22,2024-01-06,788.7,5610.92,7298.04,3638.57,5548.18,22884.41,1,Promo forte
22,2024-01-13,812.95,2267.03,1760.33,1909.26,3477.09,10226.66,1,Promo modérée
22,2024-01-20,1665.19,2894.83,3087.89,70.69,4308.37,12026.97,1,Promo modérée
22,2024-01-27,3120.91,1849.64,1103.4,1559.86,953.51,8587.32,1,Promo modérée
22,2024-02-03,4732.54,430.11,7.85,269.07,2082.19,7521.76,1,Promo modérée
22,2024-02-10,1549.87,1128.86,2446.54,587.14,3471.13,9183.54,1,Promo modérée
22,2024-02-17,102.46,598.57,1793.52,2234.54,955.03,5684.12,1,Promo modérée
22,2024-02-24,4144.77,1134.66,1011.01,3190.79,414.98,9896.21,1,Promo modérée
22,2024-03-02,3787.44,21.21,1986.67,2581.09,3522.72,11899.13,1,Promo modérée
22,2024-03-09,2215.23,2421.28,1200.72,1514.01,4324.31,11675.550000000001,1,Promo modérée
22,2024-03-16,3579.69,2179.35,236.05,1869.48,3523.36,11387.93,1,Promo modérée
22,2024-03-23,2061.03,2821.19,3066.39,3387.51,4181.92,15518.04,1,Promo modérée
22,2024-03-30,3938.44,459.7,934.94,930.06,3683.24,9946.38,1,Promo modérée
22,2024-04-06,1562.97,150.54,1930.39,3198.01,3557.11,10399.02,1,Promo modérée
22,2024-04-13,3324.74,1275.22,493.41,3187.71,1241.81,9522.89,1,Promo modérée
22,2024-04-20,3124.05,958.29,81.65,671.29,2629.94,7465.219999999999,1,Promo modérée
22,2024-04-27,2560.07,1811.84,1309.74,3057.37,1999.36,10738.380000000001,1,Promo modérée
22,2024-05-04,2753.51,2695.81,3523.51,528.34,367.58,9868.75,1,Promo modérée
22,2024-05-11,3042.57,1939.73,873.14,793.51,1937.89,8586.84,1,Promo modérée
22,2024-05-18,1988.71,880.85,1263.28,725.49,1851.77,6710.1,1,Promo modérée
22,2024-05-25,449.09,2830.38,3333.18,2382.49,4105.36,13100.5,1,Promo modérée
22,2024-06-01,1554.24,1726.89,112.69,1337.95,1108.73,5840.5,1,Promo modérée
22,2024-06-08,1841.22,2354.85,287.92,3359.2,1880.63,9723.82,1,Promo modérée
22,2024-06-15,92.54,2245.6,1342.23,1358.98,714.34,5753.6900000000005,1,Promo modérée
22,2024-06-22,973.68,198.79,2577.46,2972.62,4289.1,11011.650000000001,1,Promo modérée
22,2024-06-29,815.84,1676.36,2222.07,1548.87,4429.27,10692.41,1,Promo modérée
22,2024-07-06,8577.15,1628.4,3461.56,7320.91,7538.66,28526.679999999997,1,Promo forte
22,2024-07-13,4102.72,733.82,2648.24,332.51,104.46,7921.75,1,Promo modérée
22,2024-07-20,2489.87,2388.83,2655.78,2554.32,1383.12,11471.919999999998,1,Promo modérée
22,2024-07-27,2614.6,680.97,2500.67,3307.63,369.43,9473.3,1,Promo modérée
22,2024-08-03,1739.65,1400.12,2277.78,1775.55,4109.33,11302.43,1,Promo modérée
22,2024-08-10,4777.65,12.34,3104.38,109.49,3425.46,11429.32,1,Promo modérée
22,2024-08-17,2458.59,512.66,2691.69,1289.23,1453.99,8406.16,1,Promo modérée
22,2024-08-24,4414.74,833.96,721.56,2661.77,825.94,9457.970000000001,1,Promo modérée
22,2024-08-31,4908.01,875.59,3613.77,623.77,3685.4,13706.54,1,Promo modérée
22,2024-09-07,1793.19,4788.9,3916.46,5804.8,7067.89,23371.239999999998,1,Promo forte
22,2024-09-14,1710.37,1886.62,48.33,2488.94,2713.81,8848.07,1,Promo modérée
22,2024-09-21,4978.9,468.85,2882.51,2537.77,3073.47,13941.5,1,Promo modérée
22,2024-09-28,3307.82,1477.58,1546.52,1050.81,4264.1,11646.83,1,Promo modérée
22,2024-10-05,4789.26,319.1,3386.56,1173.95,3647.19,13316.060000000001,1,Promo modérée
22,2024-10-12,495.28,2266.6,441.89,3200.6,1243.53,7647.9,1,Promo modérée
22,2024-10-19,2435.24,0.2,3554.62,26.86,3481.58,9498.5,1,Promo modérée
22,2024-10-26,2686.16,492.71,952.48,234.16,298.28,4663.79,1,Promo faible
22,2024-11-02,1713.67,395.72,2301.88,1197.5,3043.43,8652.2,1,Promo modérée
22,2024-11-09,1259.65,2708.74,3065.54,1725.52,4344.56,13104.010000000002,1,Promo modérée
22,2024-11-16,4302.08,2600.16,2418.27,1377.03,2926.33,13623.87,1,Promo modérée
22,2024-11-23,9643.18,5220.67,197.04,957.67,8442.5,24461.06,1,Promo forte
22,2024-11-30,10027.15,5168.41,1844.38,5623.18,1000.87,23663.989999999998,1,Promo forte
22,2024-12-07,3884.5,1654.73,238.27,2470.46,1724.2,9972.16,1,Promo modérée
22,2024-12-14,2631.63,2309.92,3008.29,2300.01,4489.84,14739.69,1,Promo modérée
22,2024-12-21,5028.93,6396.5,284.16,2581.78,4813.51,19104.88,1,Promo modérée
23,2022-01-01,9023.59,1834.69,5787.08,6325.57,7845.52,30816.45,1,Promo forte
23,2022-01-08,179.74,1501.29,1579.13,1949.59,1344.55,6554.3,1,Promo modérée
23,2022-01-15,3367.18,2487.7,3499.01,2465.62,3093.74,14913.249999999998,1,Promo modérée
23,2022-01-22,1777.83,435.89,780.61,2713.96,1178.37,6886.66,1,Promo modérée
23,2022-01-29,1808.46,2354.24,959.63,2421.66,3284.84,10828.83,1,Promo modérée
23,2022-02-05,614.31,509.08,1336.46,1448.97,4066.76,7975.58,1,Promo modérée
23,2022-02-12,4647.22,2259.72,3155.12,1532.36,2297.03,13891.450000000003,1,Promo modérée
23,2022-02-19,2865.79,2444.63,302.21,2174.31,1114.68,8901.62,1,Promo modérée
23,2022-02-26,125.49,705.18,1332.18,2192.85,592.76,4948.46,1,Promo faible
23,2022-03-05,1779.69,1894.12,3652.35,3037.98,4028.36,14392.5,1,Promo modérée
23,2022-03-12,1557.88,2735.3,1610.56,2219.35,1908.81,10031.9,1,Promo modérée
23,2022-03-19,3168.19,2069.27,924.14,3393.51,2970.79,12525.900000000001,1,Promo modérée
23,2022-03-26,2637.77,1660.57,755.86,1219.33,4255.96,10529.49,1,Promo modérée
23,2022-04-02,3401.27,694.68,2200.48,1351.99,4327.11,11975.529999999999,1,Promo modérée
23,2022-04-09,508.29,2502.96,1528.47,2081.9,1687.72,8309.34,1,Promo modérée
23,2022-04-16,946.78,1625.19,3892.41,2500.43,2164.42,11129.23,1,Promo modérée
23,2022-04-23,904.87,2302.51,3868.7,1262.87,1957.13,10296.080000000002,1,Promo modérée
23,2022-04-30,320.26,2516.42,748.35,3427.03,1694.98,8707.04,1,Promo modérée
23,2022-05-07,2386.04,2713.81,2300.55,3250.0,4421.74,15072.140000000001,1,Promo modérée
23,2022-05-14,4308.15,1775.76,2902.0,279.49,3447.84,12713.24,1,Promo modérée
23,2022-05-21,4763.8,2295.19,3942.74,1275.64,2921.49,15198.859999999999,1,Promo modérée
23,2022-05-28,4546.69,1271.46,3842.57,747.26,4488.41,14896.39,1,Promo modérée
23,2022-06-04,2727.31,2042.82,379.23,2210.88,3955.86,11316.1,1,Promo modérée
23,2022-06-11,4914.59,1062.54,428.3,2305.02,134.26,8844.710000000001,1,Promo modérée
23,2022-06-18,258.06,47.93,2476.53,1960.33,1049.21,5792.06,1,Promo modérée
23,2022-06-25,3312.55,101.46,1500.6,1777.15,3292.65,9984.41,1,Promo modérée
23,2022-07-02,1067.28,1197.03,4290.95,3809.15,7600.42,17964.83,1,Promo modérée
23,2022-07-09,1992.74,2292.32,1598.03,2924.59,4392.7,13200.380000000001,1,Promo modérée
23,2022-07-16,3013.63,2464.71,2519.76,2751.3,3599.57,14348.970000000001,1,Promo modérée
23,2022-07-23,1448.63,2961.88,3800.73,2010.54,3794.44,14016.22,1,Promo modérée
23,2022-07-30,2480.01,638.44,2691.21,412.27,277.61,6499.54,1,Promo modérée
23,2022-08-06,1693.88,490.13,1613.81,3166.11,1009.92,7973.85,1,Promo modérée
23,2022-08-13,4685.15,1283.95,2761.86,2108.62,634.64,11474.219999999998,1,Promo modérée
23,2022-08-20,1678.17,278.24,2479.91,1213.67,2831.11,8481.1,1,Promo modérée
23,2022-08-27,3578.92,514.83,446.85,534.02,1110.68,6185.300000000001,1,Promo modérée
23,2022-09-03,520.7,5684.24,1501.03,2773.17,711.83,11190.97,1,Promo modérée
23,2022-09-10,2760.68,2857.56,2028.71,1572.94,1113.96,10333.849999999999,1,Promo modérée
23,2022-09-17,1030.6,2514.52,3998.79,1128.41,3790.47,12462.789999999999,1,Promo modérée
23,2022-09-24,1144.05,1874.39,2819.37,2593.92,932.27,9364.0,1,Promo modérée
23,2022-10-01,4316.79,2901.26,2992.83,19.68,606.15,10836.710000000001,1,Promo modérée
23,2022-10-08,568.42,2646.71,2461.71,2787.62,1671.97,10136.429999999998,1,Promo modérée
23,2022-10-15,2464.92,2513.75,3600.56,1643.89,1078.87,11301.989999999998,1,Promo modérée
23,2022-10-22,379.91,202.88,612.48,516.08,1893.02,3604.37,1,Promo faible
23,2022-10-29,348.11,1773.08,466.13,2601.27,3612.41,8801.0,1,Promo modérée
23,2022-11-05,1113.27,1411.67,3690.58,1040.81,4075.1,11331.43,1,Promo modérée
23,2022-11-12,1583.1,409.12,1328.99,981.61,3313.52,7616.34,1,Promo modérée
23,2022-11-19,3471.02,2648.9,1184.95,1050.32,3335.46,11690.650000000001,1,Promo modérée
23,2022-11-26,8537.1,2061.32,8476.85,7569.02,6601.28,33245.57,1,Promo forte
23,2022-12-03,924.43,313.21,297.91,1774.39,3981.15,7291.09,1,Promo modérée
23,2022-12-10,4037.0,2355.2,519.2,1390.33,4431.35,12733.08,1,Promo modérée
23,2022-12-17,2249.64,410.6,2675.8,3360.36,3137.43,11833.83,1,Promo modérée
23,2022-12-24,10809.2,3255.02,105.78,7356.33,4928.02,26454.350000000002,1,Promo forte
23,2022-12-31,10971.4,229.27,7407.79,1813.2,3899.28,24320.94,1,Promo forte
23,2023-01-07,8998.28,322.79,760.82,167.0,6811.03,17059.920000000002,1,Promo modérée
23,2023-01-14,4025.74,882.97,3742.76,876.48,754.74,10282.69,1,Promo modérée
23,2023-01-21,1075.53,28.06,1184.23,1670.79,1774.3,5732.91,1,Promo modérée
23,2023-01-28,1968.81,412.79,1997.95,3116.51,2109.25,9605.310000000001,1,Promo modérée
23,2023-02-04,1564.83,886.06,3580.87,621.49,2407.67,9060.92,1,Promo modérée
23,2023-02-11,4509.04,1569.36,3261.76,1944.9,4246.21,15531.27,1,Promo modérée
23,2023-02-18,3374.44,1495.07,3289.13,641.65,1504.85,10305.140000000001,1,Promo modérée
23,2023-02-25,3129.38,2847.17,2889.77,2536.33,2663.36,14066.01,1,Promo modérée
23,2023-03-04,1334.81,692.06,2495.53,1788.32,96.09,6406.8099999999995,1,Promo modérée
23,2023-03-11,2326.21,759.45,894.37,3352.04,1629.11,8961.18,1,Promo modérée
23,2023-03-18,2044.46,2586.87,1429.65,1985.91,2406.86,10453.75,1,Promo modérée
23,2023-03-25,4071.92,339.47,1856.36,2029.65,3174.78,11472.18,1,Promo modérée
23,2023-04-01,4131.69,2668.33,2318.27,1095.13,735.1,10948.519999999999,1,Promo modérée
23,2023-04-08,4485.68,98.87,2247.85,2762.58,1104.26,10699.24,1,Promo modérée
23,2023-04-15,4968.46,1095.86,2209.52,1147.49,3946.27,13367.6,1,Promo modérée
23,2023-04-22,477.2,1958.8,1543.62,1857.59,2936.57,8773.78,1,Promo modérée
23,2023-04-29,244.86,260.03,3206.99,3189.85,685.05,7586.78,1,Promo modérée
23,2023-05-06,4276.07,1518.07,3826.23,476.91,4381.53,14478.809999999998,1,Promo modérée
23,2023-05-13,4023.88,2167.89,2478.41,1459.43,3565.97,13695.58,1,Promo modérée
23,2023-05-20,3265.56,2402.49,3580.24,2628.33,3226.58,15103.199999999999,1,Promo modérée
23,2023-05-27,1195.15,1670.27,2838.24,1061.25,419.98,7184.889999999999,1,Promo modérée
23,2023-06-03,1894.33,1117.62,1626.83,1315.33,2997.88,8951.99,1,Promo modérée
23,2023-06-10,144.04,1412.53,823.82,1584.6,1249.87,5214.86,1,Promo modérée
23,2023-06-17,4596.38,1122.0,666.19,989.79,1812.58,9186.939999999999,1,Promo modérée
23,2023-06-24,4503.28,2848.3,3960.41,2833.29,638.35,14783.63,1,Promo modérée
23,2023-07-01,3594.76,6056.51,116.43,1493.54,4177.13,15438.370000000003,1,Promo modérée
23,2023-07-08,605.15,1566.49,2901.91,2226.41,2017.41,9317.369999999999,1,Promo modérée
23,2023-07-15,588.27,1278.25,714.57,2727.08,3921.69,9229.86,1,Promo modérée
23,2023-07-22,4975.37,426.39,3448.91,1740.21,102.21,10693.09,1,Promo modérée
23,2023-07-29,705.05,2040.33,767.72,863.27,3507.02,7883.390000000001,1,Promo modérée
23,2023-08-05,3416.65,583.35,3369.01,934.83,1768.63,10072.470000000001,1,Promo modérée
23,2023-08-12,1672.27,2652.41,293.65,2903.93,754.56,8276.82,1,Promo modérée
23,2023-08-19,4941.07,102.98,1844.51,1351.25,1528.23,9768.039999999999,1,Promo modérée
23,2023-08-26,1264.67,1149.89,1680.6,1066.56,421.01,5582.7300000000005,1,Promo modérée
23,2023-09-02,8169.04,1906.54,7774.49,3298.13,1700.06,22848.260000000002,1,Promo forte
23,2023-09-09,1864.07,2854.47,3375.5,2904.37,4383.68,15382.09,1,Promo modérée
23,2023-09-16,951.73,1449.74,3702.88,599.75,3819.14,10523.24,1,Promo modérée
23,2023-09-23,1456.35,910.61,1562.18,2849.46,46.88,6825.4800000000005,1,Promo modérée
23,2023-09-30,4361.41,2752.0,3791.94,953.93,4106.31,15965.59,1,Promo modérée
23,2023-10-07,3541.89,2200.7,3157.35,603.84,2827.12,12330.900000000001,1,Promo modérée
23,2023-10-14,935.16,1990.38,1906.68,2577.04,1263.55,8672.81,1,Promo modérée
23,2023-10-21,3141.11,149.98,3955.05,549.03,3231.31,11026.48,1,Promo modérée
23,2023-10-28,4292.0,2618.74,1860.58,362.68,3978.74,13112.74,1,Promo modérée
23,2023-11-04,2630.03,1813.62,1865.73,3138.27,1429.48,10877.13,1,Promo modérée
23,2023-11-11,943.49,2403.6,732.79,2190.11,4366.1,10636.09,1,Promo modérée
23,2023-11-18,1758.3,2170.53,3109.4,1754.14,3524.46,12316.829999999998,1,Promo modérée
23,2023-11-25,3009.84,4303.44,5767.17,3798.43,7876.3,24755.18,1,Promo forte
23,2023-12-02,1976.27,2003.06,3577.81,625.48,2315.99,10498.609999999999,1,Promo modérée
23,2023-12-09,3311.79,2702.43,3877.48,758.21,3370.04,14019.95,1,Promo modérée
23,2023-12-16,1013.94,2801.28,2108.77,349.63,2024.45,8298.07,1,Promo modérée
23,2023-12-23,5301.64,581.74,7060.4,3707.08,8126.97,24777.83,1,Promo forte
23,2023-12-30,8367.64,707.86,6175.2,154.18,274.81,15679.69,1,Promo modérée
23,2024-01-06,7147.93,420.48,2858.55,2862.27,4760.71,18049.94,1,Promo modérée
23,2024-01-13,4680.98,1696.42,2577.4,482.29,1004.95,10442.04,1,Promo modérée
23,2024-01-20,4673.81,1035.51,743.28,3297.09,2075.69,11825.380000000001,1,Promo modérée
23,2024-01-27,2014.95,91.84,1786.61,633.0,642.3,5168.7,1,Promo modérée
23,2024-02-03,2006.85,488.11,2755.25,275.84,2460.63,7986.68,1,Promo modérée
23,2024-02-10,442.6,2194.79,861.32,1565.34,4394.79,9458.84,1,Promo modérée
23,2024-02-17,3719.67,1076.88,3993.78,978.68,2655.03,12424.04,1,Promo modérée
23,2024-02-24,2916.1,1676.04,2169.03,431.55,1980.81,9173.53,1,Promo modérée
23,2024-03-02,4313.66,1966.8,400.81,3028.1,3744.3,13453.670000000002,1,Promo modérée
23,2024-03-09,3683.12,2640.33,3562.17,1591.03,3867.04,15343.689999999999,1,Promo modérée
23,2024-03-16,764.97,1416.54,377.45,2107.35,3847.92,8514.23,1,Promo modérée
23,2024-03-23,4076.24,2009.09,3957.67,2874.76,2337.4,15255.16,1,Promo modérée
23,2024-03-30,1715.06,1286.19,2232.39,2937.49,3433.09,11604.22,1,Promo modérée
23,2024-04-06,1121.88,2397.96,3618.99,1371.19,2534.39,11044.41,1,Promo modérée
23,2024-04-13,1240.83,147.43,2466.17,2486.73,1387.28,7728.44,1,Promo modérée
23,2024-04-20,547.45,905.38,102.03,2738.19,237.47,4530.52,1,Promo faible
23,2024-04-27,4755.48,1243.58,3879.76,2194.08,1871.26,13944.16,1,Promo modérée
23,2024-05-04,1952.44,407.75,267.86,2757.45,3041.6,8427.1,1,Promo modérée
23,2024-05-11,4545.58,2522.15,2044.42,2382.23,1861.5,13355.88,1,Promo modérée
23,2024-05-18,190.92,1765.62,3457.72,89.52,882.13,6385.910000000001,1,Promo modérée
23,2024-05-25,2595.24,2456.13,140.94,1222.79,2985.82,9400.92,1,Promo modérée
23,2024-06-01,1436.71,1462.58,1599.72,3140.89,323.5,7963.4,1,Promo modérée
23,2024-06-08,1899.68,1235.47,1406.73,2112.65,3327.33,9981.86,1,Promo modérée
23,2024-06-15,4604.12,2112.09,2547.61,1860.34,824.39,11948.55,1,Promo modérée
23,2024-06-22,3228.51,1576.85,145.71,202.05,510.04,5663.160000000001,1,Promo modérée
23,2024-06-29,261.33,1905.96,2608.76,614.07,4136.59,9526.71,1,Promo modérée
23,2024-07-06,3833.72,5396.39,961.53,3197.92,4237.51,17627.07,1,Promo modérée
23,2024-07-13,3089.04,521.5,299.73,1493.27,988.41,6391.95,1,Promo modérée
23,2024-07-20,135.09,2899.13,1365.32,2433.05,3646.63,10479.220000000001,1,Promo modérée
23,2024-07-27,4962.47,62.07,868.0,2730.07,873.59,9496.2,1,Promo modérée
23,2024-08-03,4855.55,1234.87,872.51,1798.73,2924.2,11685.86,1,Promo modérée
23,2024-08-10,4762.98,1499.49,1012.72,2655.61,1519.13,11449.93,1,Promo modérée
23,2024-08-17,426.59,1975.17,1541.34,3050.18,2323.82,9317.1,1,Promo modérée
23,2024-08-24,3217.94,501.04,2681.24,1370.42,2084.14,9854.779999999999,1,Promo modérée
23,2024-08-31,473.64,1360.58,2388.25,1426.26,1758.0,7406.73,1,Promo modérée
23,2024-09-07,10125.83,2721.18,7821.39,1531.76,2192.13,24392.29,1,Promo forte
23,2024-09-14,451.62,784.14,3045.8,1784.97,2050.15,8116.68,1,Promo modérée
23,2024-09-21,4633.95,640.05,3351.09,2443.09,65.11,11133.29,1,Promo modérée
23,2024-09-28,1159.65,2025.01,1065.67,1363.02,1660.12,7273.47,1,Promo modérée
23,2024-10-05,542.12,622.78,2428.24,2562.59,2971.37,9127.099999999999,1,Promo modérée
23,2024-10-12,3342.11,2738.67,2791.11,763.17,1421.08,11056.140000000001,1,Promo modérée
23,2024-10-19,54.98,2453.52,2954.84,493.1,1564.32,7520.76,1,Promo modérée
23,2024-10-26,3907.28,467.9,688.37,2908.23,2754.63,10726.41,1,Promo modérée
23,2024-11-02,4839.13,668.92,858.25,200.26,2961.89,9528.45,1,Promo modérée
23,2024-11-09,1657.41,2853.79,2733.28,26.49,1136.29,8407.259999999998,1,Promo modérée
23,2024-11-16,3667.92,1553.74,3218.82,2466.81,1096.99,12004.279999999999,1,Promo modérée
23,2024-11-23,2457.06,1854.91,90.25,7060.47,6792.35,18255.04,1,Promo modérée
23,2024-11-30,4236.76,4702.67,3163.86,6578.02,8494.48,27175.79,1,Promo forte
23,2024-12-07,2269.93,1486.35,1023.62,2532.06,1213.96,8525.919999999998,1,Promo modérée
23,2024-12-14,3026.68,234.09,3385.03,2093.23,3914.37,12653.400000000001,1,Promo modérée
23,2024-12-21,10539.35,5613.29,7226.59,3614.08,2099.11,29092.42,1,Promo forte
24,2022-01-01,7546.86,3153.59,717.05,1089.15,7381.92,19888.57,1,Promo modérée
24,2022-01-08,835.08,295.18,2364.61,2595.72,670.68,6761.27,1,Promo modérée
24,2022-01-15,397.58,773.09,931.88,836.37,2222.47,5161.389999999999,1,Promo modérée
24,2022-01-22,2986.26,2961.84,2512.58,3251.36,1288.16,13000.2,1,Promo modérée
24,2022-01-29,3498.28,88.9,2762.52,1600.12,3100.53,11050.35,1,Promo modérée
24,2022-02-05,324.87,2051.28,1816.88,2877.48,3553.27,10623.78,1,Promo modérée
24,2022-02-12,128.4,653.22,1917.14,2597.39,983.85,6280.0,1,Promo modérée
24,2022-02-19,3455.29,1683.5,3129.39,3415.32,2448.58,14132.08,1,Promo modérée
24,2022-02-26,2890.85,2377.38,2133.36,1432.19,2948.53,11782.310000000001,1,Promo modérée
24,2022-03-05,4364.64,2423.31,2609.09,2942.55,1292.21,13631.8,1,Promo modérée
24,2022-03-12,1386.22,859.97,2407.78,3403.91,4293.3,12351.18,1,Promo modérée
24,2022-03-19,4173.37,2747.26,945.99,930.28,993.82,9790.72,1,Promo modérée
24,2022-03-26,2915.16,773.2,911.98,31.5,3514.42,8146.26,1,Promo modérée
24,2022-04-02,228.84,316.78,1761.9,1666.51,3672.53,7646.5599999999995,1,Promo modérée
24,2022-04-09,618.36,862.93,2914.39,844.91,3759.12,8999.71,1,Promo modérée
24,2022-04-16,2583.96,21.84,3689.3,230.99,4223.8,10749.89,1,Promo modérée
24,2022-04-23,363.89,716.24,3110.19,3119.41,2381.03,9690.76,1,Promo modérée
24,2022-04-30,275.07,1997.56,1942.88,41.87,499.16,4756.54,1,Promo faible
24,2022-05-07,443.33,2279.27,2097.71,1073.24,1827.44,7720.99,1,Promo modérée
24,2022-05-14,3140.86,1953.76,3171.57,2209.05,1884.27,12359.510000000002,1,Promo modérée
24,2022-05-21,1231.49,2588.05,2356.01,1675.4,78.73,7929.68,1,Promo modérée
24,2022-05-28,4967.18,2149.62,2187.48,1865.62,196.94,11366.840000000002,1,Promo modérée
24,2022-06-04,1039.17,551.73,2078.31,727.31,3131.1,7527.620000000001,1,Promo modérée
24,2022-06-11,4124.43,1065.14,1354.48,41.36,4444.78,11030.19,1,Promo modérée
24,2022-06-18,1413.65,2964.84,3802.19,2573.54,4369.82,15124.04,1,Promo modérée
24,2022-06-25,4861.13,179.92,3426.76,2688.56,1691.4,12847.77,1,Promo modérée
24,2022-07-02,5037.01,3862.93,6793.24,2905.63,1587.6,20186.41,1,Promo forte
24,2022-07-09,4670.7,2744.88,549.77,1761.05,417.92,10144.32,1,Promo modérée
24,2022-07-16,4839.25,2092.9,484.02,1700.49,3674.72,12791.38,1,Promo modérée
24,2022-07-23,2635.15,2117.51,1492.25,1863.7,4396.96,12505.57,1,Promo modérée
24,2022-07-30,3918.2,2532.32,2673.25,553.69,1082.65,10760.11,1,Promo modérée
24,2022-08-06,4697.31,2743.36,173.05,2696.45,762.58,11072.75,1,Promo modérée
24,2022-08-13,2876.92,511.98,89.35,1999.29,2328.37,7805.91,1,Promo modérée
24,2022-08-20,41.85,1891.96,2700.53,1825.23,3101.87,9561.439999999999,1,Promo modérée
24,2022-08-27,2281.58,1474.87,1908.8,2094.57,132.54,7892.36,1,Promo modérée
24,2022-09-03,881.95,4436.46,2789.21,1766.98,3761.55,13636.150000000001,1,Promo modérée
24,2022-09-10,1093.79,1910.24,404.46,1917.77,2627.81,7954.07,1,Promo modérée
24,2022-09-17,2172.53,2798.2,2016.44,2537.97,3720.9,13246.039999999999,1,Promo modérée
24,2022-09-24,300.92,967.49,1594.13,2901.64,1898.38,7662.56,1,Promo modérée
24,2022-10-01,1959.49,201.12,2292.56,1265.97,1579.04,7298.18,1,Promo modérée
24,2022-10-08,754.32,1384.04,3804.05,2805.34,925.87,9673.62,1,Promo modérée
24,2022-10-15,1311.11,1712.8,1642.93,279.55,2831.32,7777.710000000001,1,Promo modérée
24,2022-10-22,337.48,1917.66,1725.28,1438.87,2684.03,8103.32,1,Promo modérée
24,2022-10-29,3389.89,1730.22,3030.52,2592.13,3839.32,14582.079999999998,1,Promo modérée
24,2022-11-05,2305.86,582.98,3655.36,1427.31,956.19,8927.7,1,Promo modérée
24,2022-11-12,3323.2,1035.73,3228.98,3139.23,3545.63,14272.77,1,Promo modérée
24,2022-11-19,4346.09,2053.31,807.39,2133.44,409.26,9749.49,1,Promo modérée
24,2022-11-26,9911.93,5897.39,6941.62,5328.25,6485.29,34564.479999999996,1,Promo forte
24,2022-12-03,4636.57,1659.25,1790.57,3387.82,2088.59,13562.8,1,Promo modérée
24,2022-12-10,3123.28,1543.69,1200.44,2253.46,4087.93,12208.8,1,Promo modérée
24,2022-12-17,3313.74,2855.36,2331.25,1616.07,3565.54,13681.96,1,Promo modérée
24,2022-12-24,4084.14,515.49,1742.26,2583.32,7879.32,16804.53,1,Promo modérée
24,2022-12-31,6723.76,5712.41,7208.22,2197.41,1355.84,23197.64,1,Promo forte
24,2023-01-07,1504.57,3206.28,1828.89,6188.17,5674.85,18402.760000000002,1,Promo modérée
24,2023-01-14,3584.85,1112.84,2019.77,2938.89,669.07,10325.419999999998,1,Promo modérée
24,2023-01-21,3352.37,308.69,259.07,2536.18,2881.54,9337.849999999999,1,Promo modérée
24,2023-01-28,1616.99,110.74,920.18,833.05,1510.46,4991.42,1,Promo faible
24,2023-02-04,2168.9,681.22,2240.02,3083.97,2095.79,10269.899999999998,1,Promo modérée
24,2023-02-11,1758.44,2661.9,237.21,3402.52,37.11,8097.179999999999,1,Promo modérée
24,2023-02-18,3271.06,2645.87,557.92,444.79,1367.9,8287.54,1,Promo modérée
24,2023-02-25,3335.07,2585.79,2608.1,417.78,2581.1,11527.840000000002,1,Promo modérée
24,2023-03-04,3712.54,401.55,1904.02,1113.78,4400.72,11532.61,1,Promo modérée
24,2023-03-11,2396.54,639.3,2641.65,1169.45,2941.72,9788.66,1,Promo modérée
24,2023-03-18,3523.7,1382.9,464.55,637.37,1106.97,7115.490000000001,1,Promo modérée
24,2023-03-25,4099.79,2050.96,1808.9,865.99,682.86,9508.5,1,Promo modérée
24,2023-04-01,4808.43,1911.35,1759.86,2507.31,3710.6,14697.550000000001,1,Promo modérée
24,2023-04-08,4760.1,1503.73,2420.01,2133.14,3516.46,14333.439999999999,1,Promo modérée
24,2023-04-15,3502.15,2141.09,165.61,1547.14,3681.81,11037.8,1,Promo modérée
24,2023-04-22,3762.04,1856.67,74.76,2533.6,3479.59,11706.66,1,Promo modérée
24,2023-04-29,3853.93,1736.04,3736.77,3178.69,3665.55,16170.98,1,Promo modérée
24,2023-05-06,2561.8,1733.35,978.11,3229.1,2507.73,11010.089999999998,1,Promo modérée
24,2023-05-13,1584.97,1927.38,2429.73,2045.7,2365.7,10353.48,1,Promo modérée
24,2023-05-20,2159.94,611.77,351.78,2320.54,1905.03,7349.0599999999995,1,Promo modérée
24,2023-05-27,1530.94,2795.07,913.15,1469.71,4317.72,11026.59,1,Promo modérée
24,2023-06-03,3137.74,2748.09,1810.26,2191.62,2740.04,12627.75,1,Promo modérée
24,2023-06-10,2211.59,2592.03,1393.33,2222.98,960.32,9380.25,1,Promo modérée
24,2023-06-17,1675.5,2730.81,543.23,2522.5,3105.77,10577.81,1,Promo modérée
24,2023-06-24,1767.05,1173.33,123.23,3197.29,330.99,6591.889999999999,1,Promo modérée
24,2023-07-01,7977.91,1997.97,6561.14,2644.3,8938.1,28119.42,1,Promo forte
24,2023-07-08,3744.0,632.15,576.94,1063.89,2176.89,8193.87,1,Promo modérée
24,2023-07-15,4731.65,782.91,2509.49,2139.82,1267.09,11430.96,1,Promo modérée
24,2023-07-22,1933.31,534.95,1799.52,1476.45,591.15,6335.38,1,Promo modérée
24,2023-07-29,435.02,353.58,207.27,1862.8,2802.36,5661.030000000001,1,Promo modérée
24,2023-08-05,689.47,174.95,1099.21,66.68,4196.75,6227.06,1,Promo modérée
24,2023-08-12,761.82,961.1,2461.68,3400.67,2511.41,10096.68,1,Promo modérée
24,2023-08-19,4531.16,1616.02,673.87,1580.98,4477.43,12879.460000000001,1,Promo modérée
24,2023-08-26,446.13,2298.02,3676.89,3261.55,485.62,10168.210000000001,1,Promo modérée
24,2023-09-02,5915.69,5755.56,7054.73,2129.42,6238.01,27093.410000000003,1,Promo forte
24,2023-09-09,2026.95,1962.19,2927.93,2706.24,3310.99,12934.3,1,Promo modérée
24,2023-09-16,4.07,774.77,3722.73,1015.27,1971.07,7487.91,1,Promo modérée
24,2023-09-23,4595.14,978.6,1293.63,1974.49,1605.34,10447.2,1,Promo modérée
24,2023-09-30,3910.34,1691.72,956.62,433.96,4219.99,11212.630000000001,1,Promo modérée
24,2023-10-07,2594.47,36.69,3123.46,693.23,3275.92,9723.77,1,Promo modérée
24,2023-10-14,1341.39,472.53,1924.23,992.91,4469.8,9200.86,1,Promo modérée
24,2023-10-21,619.89,2287.59,1324.64,2631.88,1672.63,8536.630000000001,1,Promo modérée
24,2023-10-28,4764.77,1941.16,342.89,1891.68,4092.69,13033.19,1,Promo modérée
24,2023-11-04,3535.8,2974.68,360.86,1909.87,3082.48,11863.689999999999,1,Promo modérée
24,2023-11-11,214.82,1087.33,2686.46,747.1,3644.88,8380.59,1,Promo modérée
24,2023-11-18,1748.28,2246.69,1753.62,601.0,407.51,6757.1,1,Promo modérée
24,2023-11-25,3832.76,2303.34,1156.65,4572.18,5763.45,17628.38,1,Promo modérée
24,2023-12-02,1476.71,1284.31,3856.11,2285.73,3522.93,12425.79,1,Promo modérée
24,2023-12-09,2915.58,1024.41,3429.6,3459.91,1544.84,12374.34,1,Promo modérée
24,2023-12-16,997.21,2210.87,1390.44,1284.79,2049.52,7932.83,1,Promo modérée
24,2023-12-23,611.44,4538.17,6690.86,6581.29,7364.04,25785.800000000003,1,Promo forte
24,2023-12-30,5498.49,6559.94,5997.89,6765.54,300.9,25122.760000000002,1,Promo forte
24,2024-01-06,2859.19,6044.1,5879.57,7079.91,4416.89,26279.66,1,Promo forte
24,2024-01-13,4969.06,1001.59,640.21,29.43,1285.06,7925.35,1,Promo modérée
24,2024-01-20,2564.2,2514.84,1295.33,3419.86,354.66,10148.89,1,Promo modérée
24,2024-01-27,1564.15,283.48,2339.15,3477.84,2518.15,10182.77,1,Promo modérée
24,2024-02-03,4925.89,2629.82,1360.84,1900.51,2487.16,13304.220000000001,1,Promo modérée
24,2024-02-10,4718.4,210.19,1904.64,3218.53,2194.51,12246.27,1,Promo modérée
24,2024-02-17,2118.39,987.28,3260.83,385.46,3072.59,9824.55,1,Promo modérée
24,2024-02-24,3369.89,210.69,3297.38,3014.39,285.99,10178.34,1,Promo modérée
24,2024-03-02,4844.63,1666.35,3732.85,2364.76,127.76,12736.35,1,Promo modérée
24,2024-03-09,3070.31,2430.86,3011.93,861.57,1161.88,10536.55,1,Promo modérée
24,2024-03-16,808.69,590.52,724.78,307.02,3846.05,6277.0599999999995,1,Promo modérée
24,2024-03-23,504.76,1932.42,2887.33,2505.4,3254.14,11084.05,1,Promo modérée
24,2024-03-30,1395.94,69.06,3439.07,1319.82,1482.59,7706.48,1,Promo modérée
24,2024-04-06,394.7,2914.62,3745.8,3270.42,3956.75,14282.29,1,Promo modérée
24,2024-04-13,1619.96,1511.65,3973.01,1524.05,2360.91,10989.58,1,Promo modérée
24,2024-04-20,1381.28,2805.33,2501.8,1692.91,2610.7,10992.02,1,Promo modérée
24,2024-04-27,2835.0,2046.81,3439.33,1311.84,4467.74,14100.72,1,Promo modérée
24,2024-05-04,558.21,2387.6,2257.5,2785.46,697.1,8685.869999999999,1,Promo modérée
24,2024-05-11,4321.75,742.38,3351.94,592.48,891.48,9900.029999999999,1,Promo modérée
24,2024-05-18,1229.44,1717.99,3520.72,1463.8,2458.29,10390.24,1,Promo modérée
24,2024-05-25,2951.68,852.06,3383.98,3434.33,540.7,11162.75,1,Promo modérée
24,2024-06-01,1971.16,2749.8,2635.35,142.13,66.65,7565.089999999999,1,Promo modérée
24,2024-06-08,1574.09,1129.61,1317.35,31.38,4298.41,8350.84,1,Promo modérée
24,2024-06-15,4660.83,302.1,1763.59,78.31,3469.04,10273.87,1,Promo modérée
24,2024-06-22,2047.79,1542.26,2781.16,1821.96,852.01,9045.18,1,Promo modérée
24,2024-06-29,592.65,1891.76,3571.49,1182.03,999.15,8237.08,1,Promo modérée
24,2024-07-06,7414.99,3790.93,5443.21,4366.94,7900.81,28916.88,1,Promo forte
24,2024-07-13,3955.24,738.33,1127.59,3272.02,116.72,9209.9,1,Promo modérée
24,2024-07-20,963.61,211.64,1477.33,1835.24,2529.01,7016.83,1,Promo modérée
24,2024-07-27,438.9,595.06,2957.51,979.04,2220.63,7191.14,1,Promo modérée
24,2024-08-03,1787.39,1881.15,3553.37,2232.77,2546.36,12001.04,1,Promo modérée
24,2024-08-10,4425.65,1758.88,3395.49,36.37,3911.74,13528.130000000001,1,Promo modérée
24,2024-08-17,3140.95,490.19,2058.46,970.31,2521.97,9181.88,1,Promo modérée
24,2024-08-24,1476.84,2859.01,2081.21,638.81,485.05,7540.920000000001,1,Promo modérée
24,2024-08-31,2833.0,1795.8,567.21,2106.08,4283.88,11585.970000000001,1,Promo modérée
24,2024-09-07,1720.79,2936.65,5452.76,6550.23,2296.43,18956.86,1,Promo modérée
24,2024-09-14,1125.59,2959.98,1900.77,1864.6,983.52,8834.460000000001,1,Promo modérée
24,2024-09-21,13.8,1710.45,1549.92,3145.41,183.18,6602.76,1,Promo modérée
24,2024-09-28,894.57,2471.63,3210.86,1190.46,3006.14,10773.66,1,Promo modérée
24,2024-10-05,852.99,1174.86,767.83,2459.15,3052.47,8307.3,1,Promo modérée
24,2024-10-12,1197.03,1286.74,606.51,1503.58,3157.61,7751.469999999999,1,Promo modérée
24,2024-10-19,1837.33,2833.48,1373.47,2110.56,3375.66,11530.5,1,Promo modérée
24,2024-10-26,1618.48,1961.77,3730.87,441.25,2524.15,10276.52,1,Promo modérée
24,2024-11-02,4502.26,1543.06,99.81,369.74,2640.23,9155.1,1,Promo modérée
24,2024-11-09,4213.86,317.21,792.58,2915.37,3244.89,11483.91,1,Promo modérée
24,2024-11-16,1553.84,1709.03,2554.35,1173.59,3469.22,10460.029999999999,1,Promo modérée
24,2024-11-23,9475.8,570.87,4556.1,1227.31,8858.68,24688.760000000002,1,Promo forte
24,2024-11-30,2033.78,1996.52,4372.33,4534.51,7743.62,20680.760000000002,1,Promo forte
24,2024-12-07,3468.68,1726.89,2964.43,222.03,4341.14,12723.170000000002,1,Promo modérée
24,2024-12-14,416.75,230.04,2326.04,3135.74,2499.47,8608.039999999999,1,Promo modérée
24,2024-12-21,9771.41,676.98,8798.15,1266.05,6678.88,27191.47,1,Promo forte
25,2022-01-01,3354.35,1331.91,7224.23,1981.88,2803.27,16695.64,1,Promo modérée
25,2022-01-08,1846.5,1098.46,3310.86,1091.76,1052.04,8399.619999999999,1,Promo modérée
25,2022-01-15,1731.22,734.46,2617.15,1014.97,2730.29,8828.09,1,Promo modérée
25,2022-01-22,283.15,1857.57,2691.15,581.0,2769.27,8182.139999999999,1,Promo modérée
25,2022-01-29,230.05,2334.82,3918.04,309.71,3700.03,10492.65,1,Promo modérée
25,2022-02-05,2610.51,58.07,2914.45,1707.89,2065.23,9356.150000000001,1,Promo modérée
25,2022-02-12,995.13,1850.26,1118.43,2299.44,2432.05,8695.310000000001,1,Promo modérée
25,2022-02-19,3647.99,1621.92,3508.24,2901.02,2393.28,14072.45,1,Promo modérée
25,2022-02-26,3235.65,1934.52,2694.1,2377.44,491.77,10733.480000000001,1,Promo modérée
25,2022-03-05,624.55,574.57,2233.86,1752.62,1198.79,6384.39,1,Promo modérée
25,2022-03-12,2883.96,2591.15,1040.89,118.79,3188.82,9823.61,1,Promo modérée
25,2022-03-19,531.79,1944.51,3870.15,2373.58,4431.67,13151.7,1,Promo modérée
25,2022-03-26,3512.6,1114.22,1270.75,2349.48,1500.68,9747.73,1,Promo modérée
25,2022-04-02,2674.97,69.53,3166.92,2171.18,865.07,8947.67,1,Promo modérée
25,2022-04-09,1369.32,2082.19,3556.16,152.3,1877.38,9037.35,1,Promo modérée
25,2022-04-16,309.15,1706.9,2581.56,559.1,1498.55,6655.260000000001,1,Promo modérée
25,2022-04-23,3914.68,2488.73,2666.26,1048.35,3703.71,13821.73,1,Promo modérée
25,2022-04-30,3476.83,2834.38,3094.9,2910.16,2452.42,14768.69,1,Promo modérée
25,2022-05-07,4733.55,1101.54,158.63,3179.56,722.25,9895.53,1,Promo modérée
25,2022-05-14,1660.29,2382.77,279.32,2293.35,3047.12,9662.849999999999,1,Promo modérée
25,2022-05-21,4806.48,1345.84,2113.16,923.09,4435.21,13623.779999999999,1,Promo modérée
25,2022-05-28,4588.59,1104.11,3667.91,1481.69,3846.46,14688.760000000002,1,Promo modérée
25,2022-06-04,1299.57,868.92,745.82,1176.0,2809.83,6900.139999999999,1,Promo modérée
25,2022-06-11,2313.2,492.33,1568.86,2543.91,978.32,7896.619999999999,1,Promo modérée
25,2022-06-18,4787.9,2713.62,604.55,148.93,1795.93,10050.93,1,Promo modérée
25,2022-06-25,234.3,2552.58,3790.98,404.9,959.05,7941.81,1,Promo modérée
25,2022-07-02,3339.42,2393.62,4421.68,5254.95,4993.47,20403.140000000003,1,Promo forte
25,2022-07-09,1887.74,2126.49,3717.51,2506.7,3491.37,13729.809999999998,1,Promo modérée
25,2022-07-16,2667.0,1610.27,3038.88,2859.61,1517.38,11693.14,1,Promo modérée
25,2022-07-23,932.67,279.15,2298.17,3180.28,159.57,6849.84,1,Promo modérée
25,2022-07-30,4376.43,2306.62,3371.97,616.09,1367.34,12038.45,1,Promo modérée
25,2022-08-06,4394.82,2117.65,3501.52,487.74,1795.41,12297.14,1,Promo modérée
25,2022-08-13,461.1,1699.46,1532.69,162.62,3167.9,7023.77,1,Promo modérée
25,2022-08-20,4570.32,1654.05,1779.81,10.62,3199.48,11214.28,1,Promo modérée
25,2022-08-27,4269.1,2860.79,1310.65,522.68,3585.92,12549.140000000001,1,Promo modérée
25,2022-09-03,1204.78,3311.77,8194.01,3899.72,7808.12,24418.4,1,Promo forte
25,2022-09-10,1688.55,1939.95,3665.04,618.69,1816.62,9728.849999999999,1,Promo modérée
25,2022-09-17,2062.58,1700.87,3541.05,1124.92,3033.74,11463.16,1,Promo modérée
25,2022-09-24,1784.01,799.39,3893.69,1757.54,3854.15,12088.78,1,Promo modérée
25,2022-10-01,1948.82,1456.91,2373.42,2764.18,3820.76,12364.09,1,Promo modérée
25,2022-10-08,933.75,2455.24,2194.35,2860.19,3666.64,12110.17,1,Promo modérée
25,2022-10-15,1483.21,618.0,3588.35,520.5,3089.34,9299.4,1,Promo modérée
25,2022-10-22,4874.82,395.5,1565.6,1506.38,2839.71,11182.009999999998,1,Promo modérée
25,2022-10-29,1713.37,1340.17,866.38,350.78,668.6,4939.3,1,Promo faible
25,2022-11-05,3144.44,0.29,3683.83,2879.97,4337.72,14046.25,1,Promo modérée
25,2022-11-12,806.84,977.96,1963.34,2080.86,2518.35,8347.35,1,Promo modérée
25,2022-11-19,2953.92,1716.97,446.7,700.91,1136.88,6955.38,1,Promo modérée
25,2022-11-26,4832.84,1073.38,6610.1,1282.06,4777.09,18575.47,1,Promo modérée
25,2022-12-03,271.01,1763.31,3013.99,1152.61,2197.57,8398.49,1,Promo modérée
25,2022-12-10,3544.67,1957.86,3489.22,323.55,1260.93,10576.23,1,Promo modérée
25,2022-12-17,1472.03,379.1,1186.15,2090.11,3803.55,8930.94,1,Promo modérée
25,2022-12-24,8092.85,1808.16,237.33,2812.33,447.44,13398.11,1,Promo modérée
25,2022-12-31,2649.82,487.91,7058.52,4305.55,6748.11,21249.91,1,Promo forte
25,2023-01-07,4991.42,5457.7,3851.75,1671.03,1692.95,17664.85,1,Promo modérée
25,2023-01-14,2748.19,718.25,1512.66,1023.44,1747.91,7750.450000000001,1,Promo modérée
25,2023-01-21,1430.02,2995.49,294.51,2250.33,784.97,7755.320000000001,1,Promo modérée
25,2023-01-28,1249.55,420.21,1263.51,1195.86,1788.11,5917.24,1,Promo modérée
25,2023-02-04,92.88,1469.04,1793.16,210.23,602.11,4167.42,1,Promo faible
25,2023-02-11,100.61,1342.69,3944.65,2218.55,1593.13,9199.630000000001,1,Promo modérée
25,2023-02-18,2915.04,795.64,275.53,2642.57,2634.59,9263.37,1,Promo modérée
25,2023-02-25,1459.05,1969.62,3302.33,1123.24,3594.84,11449.08,1,Promo modérée
25,2023-03-04,3241.23,1486.89,1810.88,2967.92,1326.17,10833.09,1,Promo modérée
25,2023-03-11,927.26,2026.6,315.04,1483.14,386.38,5138.42,1,Promo modérée
25,2023-03-18,2435.72,525.02,405.58,1096.52,2093.43,6556.27,1,Promo modérée
25,2023-03-25,2222.69,1030.22,3369.23,2746.06,4424.74,13792.939999999999,1,Promo modérée
25,2023-04-01,2326.87,1322.62,2500.39,595.73,3899.03,10644.64,1,Promo modérée
25,2023-04-08,2062.29,1515.3,2975.22,795.03,922.05,8269.89,1,Promo modérée
25,2023-04-15,2297.79,2074.33,10.64,2053.66,2725.55,9161.970000000001,1,Promo modérée
25,2023-04-22,511.6,1010.51,273.94,2809.87,3631.53,8237.45,1,Promo modérée
25,2023-04-29,4387.48,798.87,2487.04,905.29,1013.07,9591.75,1,Promo modérée
25,2023-05-06,524.26,941.31,2676.65,709.18,3994.16,8845.560000000001,1,Promo modérée
25,2023-05-13,370.68,884.31,3438.47,2409.49,3938.71,11041.66,1,Promo modérée
25,2023-05-20,4851.19,2446.08,141.11,1108.31,128.61,8675.3,1,Promo modérée
25,2023-05-27,2002.27,1214.79,3085.64,494.91,709.83,7507.44,1,Promo modérée
25,2023-06-03,1645.3,1100.9,1681.84,1129.46,2508.55,8066.05,1,Promo modérée
25,2023-06-10,3492.44,1041.68,1740.88,825.8,3385.48,10486.28,1,Promo modérée
25,2023-06-17,4444.13,1518.26,1973.43,2843.48,623.03,11402.330000000002,1,Promo modérée
25,2023-06-24,2963.63,1670.18,3363.39,2368.93,3960.72,14326.85,1,Promo modérée
25,2023-07-01,9611.21,494.69,4909.72,885.5,267.26,16168.38,1,Promo modérée
25,2023-07-08,404.38,315.78,3458.14,1761.47,1228.74,7168.51,1,Promo modérée
25,2023-07-15,1412.49,866.33,3456.5,2152.02,1053.73,8941.07,1,Promo modérée
25,2023-07-22,210.72,911.07,2695.89,522.72,999.9,5340.299999999999,1,Promo modérée
25,2023-07-29,1707.05,1722.99,621.25,1686.1,1840.38,7577.7699999999995,1,Promo modérée
25,2023-08-05,4896.84,1278.49,3155.98,2295.27,526.13,12152.71,1,Promo modérée
25,2023-08-12,4617.54,2370.11,3427.39,3119.3,3605.75,17140.09,1,Promo modérée
25,2023-08-19,1932.84,2545.02,3842.27,1992.89,2054.66,12367.679999999998,1,Promo modérée
25,2023-08-26,3660.14,1248.41,3555.41,1230.1,2852.3,12546.36,1,Promo modérée
25,2023-09-02,2017.56,1145.59,4220.62,709.92,8856.8,16950.489999999998,1,Promo modérée
25,2023-09-09,2949.05,1164.92,3935.49,231.81,2600.04,10881.310000000001,1,Promo modérée
25,2023-09-16,106.82,108.33,3966.9,3428.32,1505.29,9115.66,1,Promo modérée
25,2023-09-23,3741.41,2598.88,2986.94,2262.66,3446.55,15036.439999999999,1,Promo modérée
25,2023-09-30,3396.78,2877.91,2324.22,3193.84,64.03,11856.78,1,Promo modérée
25,2023-10-07,2949.56,721.61,862.87,1945.43,4079.18,10558.65,1,Promo modérée
25,2023-10-14,583.85,1098.38,1095.52,694.1,894.12,4365.97,1,Promo faible
25,2023-10-21,2661.77,2858.72,3522.13,3351.71,1749.58,14143.909999999998,1,Promo modérée
25,2023-10-28,3413.11,409.36,1175.1,1751.28,3059.47,9808.32,1,Promo modérée
25,2023-11-04,3436.46,1313.37,3427.72,1373.58,2107.22,11658.349999999999,1,Promo modérée
25,2023-11-11,2375.14,2117.78,3581.53,1727.95,490.02,10292.420000000002,1,Promo modérée
25,2023-11-18,184.95,2062.23,3970.95,3217.22,3074.72,12510.069999999998,1,Promo modérée
25,2023-11-25,7779.02,6401.16,7575.02,4115.19,7808.53,33678.92,1,Promo forte
25,2023-12-02,4384.74,295.06,712.87,2522.16,786.5,8701.33,1,Promo modérée
25,2023-12-09,4205.69,2423.86,2316.42,2262.97,181.99,11390.929999999998,1,Promo modérée
25,2023-12-16,1774.52,2186.68,2392.39,3195.85,654.33,10203.77,1,Promo modérée
25,2023-12-23,5565.7,3221.23,3189.96,2887.3,4268.22,19132.41,1,Promo modérée
25,2023-12-30,8566.39,1811.6,861.52,1811.12,3535.27,16585.9,1,Promo modérée
25,2024-01-06,8804.25,5565.49,1702.08,954.34,6278.21,23304.37,1,Promo forte
25,2024-01-13,3669.94,2485.68,249.14,2382.15,1300.22,10087.13,1,Promo modérée
25,2024-01-20,3706.31,2526.2,1510.27,46.58,1168.81,8958.17,1,Promo modérée
25,2024-01-27,2621.32,494.95,2492.2,1537.38,3635.63,10781.48,1,Promo modérée
25,2024-02-03,435.06,2377.49,888.02,1760.8,4232.53,9693.9,1,Promo modérée
25,2024-02-10,2893.32,1481.48,1455.32,3231.26,1496.17,10557.550000000001,1,Promo modérée
25,2024-02-17,1685.32,2726.29,1803.21,1849.57,2954.15,11018.539999999999,1,Promo modérée
25,2024-02-24,3860.06,2622.3,1568.88,2840.0,1164.77,12056.010000000002,1,Promo modérée
25,2024-03-02,1596.91,93.28,2521.97,1107.91,3313.69,8633.76,1,Promo modérée
25,2024-03-09,654.99,2982.41,1137.76,2523.61,990.12,8288.890000000001,1,Promo modérée
25,2024-03-16,43.22,1551.06,2099.15,419.42,1057.34,5170.1900000000005,1,Promo modérée
25,2024-03-23,3443.56,112.37,2342.59,10.84,1193.3,7102.660000000001,1,Promo modérée
25,2024-03-30,3346.25,1124.59,2493.69,3491.09,4440.92,14896.54,1,Promo modérée
25,2024-04-06,2261.52,1132.73,1179.53,3479.71,3300.97,11354.46,1,Promo modérée
25,2024-04-13,1331.9,670.8,989.15,1884.68,1310.91,6187.44,1,Promo modérée
25,2024-04-20,4457.71,2806.39,2704.43,1815.38,3969.01,15752.92,1,Promo modérée
25,2024-04-27,4676.85,1977.56,3501.11,2651.57,1394.37,14201.46,1,Promo modérée
25,2024-05-04,3059.65,2476.24,1018.81,2624.12,910.46,10089.279999999999,1,Promo modérée
25,2024-05-11,1806.14,2000.71,2234.12,1921.39,2298.74,10261.1,1,Promo modérée
25,2024-05-18,2774.49,286.82,1212.03,808.04,1005.25,6086.63,1,Promo modérée
25,2024-05-25,4370.74,2587.39,1562.98,199.44,480.34,9200.89,1,Promo modérée
25,2024-06-01,4083.37,2189.55,2354.5,2694.68,4261.65,15583.75,1,Promo modérée
25,2024-06-08,1667.34,2730.74,2446.57,2367.72,26.19,9238.56,1,Promo modérée
25,2024-06-15,4882.88,2010.61,2639.67,3217.69,4478.42,17229.27,1,Promo modérée
25,2024-06-22,500.93,1870.11,1874.07,2200.45,3050.82,9496.38,1,Promo modérée
25,2024-06-29,2449.26,2961.19,1134.03,1848.11,3070.46,11463.05,1,Promo modérée
25,2024-07-06,5426.19,4162.16,5906.23,5607.99,8573.18,29675.75,1,Promo forte
25,2024-07-13,4840.79,2595.66,1159.45,2362.74,3230.1,14188.74,1,Promo modérée
25,2024-07-20,1104.2,1223.53,1735.69,2567.81,2782.78,9414.01,1,Promo modérée
25,2024-07-27,3717.85,1471.63,467.73,1025.16,1146.12,7828.489999999999,1,Promo modérée
25,2024-08-03,4823.93,2997.72,3811.69,2513.85,3358.98,17506.170000000002,1,Promo modérée
25,2024-08-10,2082.55,1381.39,2639.27,2714.06,3917.45,12734.720000000001,1,Promo modérée
25,2024-08-17,1110.02,2146.22,718.63,1397.93,1315.74,6688.54,1,Promo modérée
25,2024-08-24,979.32,2303.6,1258.85,1199.51,1134.69,6875.970000000001,1,Promo modérée
25,2024-08-31,4523.46,1828.18,155.61,2142.91,403.51,9053.67,1,Promo modérée
25,2024-09-07,4588.21,3039.66,5193.3,1517.92,9180.6,23519.690000000002,1,Promo forte
25,2024-09-14,717.65,1688.62,2685.98,1993.47,2954.3,10040.02,1,Promo modérée
25,2024-09-21,248.12,894.88,3767.45,3442.24,3712.06,12064.749999999998,1,Promo modérée
25,2024-09-28,275.12,591.39,1956.78,551.77,3117.22,6492.28,1,Promo modérée
25,2024-10-05,688.43,781.02,1958.16,214.69,430.59,4072.89,1,Promo faible
25,2024-10-12,710.79,534.32,1510.18,735.26,373.39,3863.94,1,Promo faible
25,2024-10-19,3879.74,1473.01,386.13,3214.64,3008.97,11962.49,1,Promo modérée
25,2024-10-26,2369.35,1456.42,2943.53,2148.04,359.79,9277.130000000001,1,Promo modérée
25,2024-11-02,3257.3,585.32,2816.56,2706.03,559.44,9924.650000000001,1,Promo modérée
25,2024-11-09,3030.24,1772.83,207.69,2619.05,2152.23,9782.039999999999,1,Promo modérée
25,2024-11-16,707.86,481.51,3467.74,432.52,1731.12,6820.749999999999,1,Promo modérée
25,2024-11-23,8107.6,5616.1,868.32,1948.89,1340.92,17881.83,1,Promo modérée
25,2024-11-30,6760.7,1520.06,4218.06,393.61,6738.07,19630.5,1,Promo modérée
25,2024-12-07,4006.8,2155.69,2318.91,2198.5,423.2,11103.1,1,Promo modérée
25,2024-12-14,843.19,2059.97,3851.93,1085.03,68.82,7908.94,1,Promo modérée
25,2024-12-21,7180.41,2489.42,1789.4,6916.59,7387.83,25763.65,1,Promo forte
26,2022-01-01,7874.36,4223.93,2005.74,6566.59,7421.65,28092.270000000004,1,Promo forte
26,2022-01-08,3711.3,2568.73,2029.13,2186.27,3845.57,14341.0,1,Promo modérée
26,2022-01-15,79.18,637.72,937.8,1143.14,1268.04,4065.88,1,Promo faible
26,2022-01-22,4318.76,1896.14,875.85,1265.83,3554.84,11911.420000000002,1,Promo modérée
26,2022-01-29,1537.71,2314.79,2590.27,924.6,955.66,8323.03,1,Promo modérée
26,2022-02-05,2993.92,1758.52,2567.56,2851.75,4110.99,14282.74,1,Promo modérée
26,2022-02-12,3271.7,1459.74,3033.33,1489.87,574.19,9828.83,1,Promo modérée
26,2022-02-19,4976.4,1250.58,2006.83,2693.94,2863.87,13791.619999999999,1,Promo modérée
26,2022-02-26,2006.83,1143.82,3717.96,2395.45,2796.45,12060.509999999998,1,Promo modérée
26,2022-03-05,2789.72,54.5,1749.4,2645.31,739.05,7977.9800000000005,1,Promo modérée
26,2022-03-12,4031.52,1974.39,1336.48,1316.69,701.5,9360.58,1,Promo modérée
26,2022-03-19,79.15,200.77,646.32,105.13,2961.7,3993.0699999999997,1,Promo faible
26,2022-03-26,4766.21,2080.51,2341.72,1128.7,1948.69,12265.830000000002,1,Promo modérée
26,2022-04-02,2938.84,1512.94,1029.71,792.37,2472.9,8746.76,1,Promo modérée
26,2022-04-09,4571.36,32.48,429.58,2040.77,3818.14,10892.329999999998,1,Promo modérée
26,2022-04-16,363.11,142.55,2448.31,126.66,3326.58,6407.209999999999,1,Promo modérée
26,2022-04-23,4522.19,2704.83,788.14,1332.02,605.82,9953.0,1,Promo modérée
26,2022-04-30,3441.84,2967.71,2661.53,240.71,2647.91,11959.699999999999,1,Promo modérée
26,2022-05-07,3943.85,1121.04,2931.84,56.84,66.65,8120.219999999999,1,Promo modérée
26,2022-05-14,4929.57,1063.23,222.64,682.15,4040.33,10937.919999999998,1,Promo modérée
26,2022-05-21,561.23,2571.51,839.87,2251.03,2322.75,8546.39,1,Promo modérée
26,2022-05-28,4967.36,80.28,200.63,1136.27,3742.31,10126.849999999999,1,Promo modérée
26,2022-06-04,3039.83,583.08,2777.02,2748.87,3826.5,12975.3,1,Promo modérée
26,2022-06-11,584.8,1507.5,3689.52,1540.14,3768.38,11090.34,1,Promo modérée
26,2022-06-18,976.57,2680.84,2600.79,2586.0,2797.48,11641.68,1,Promo modérée
26,2022-06-25,2405.5,2988.31,1535.72,2989.44,3880.55,13799.52,1,Promo modérée
26,2022-07-02,24.42,3293.52,5449.84,5975.88,9335.13,24078.79,1,Promo forte
26,2022-07-09,1129.29,562.66,3201.27,1459.95,4124.7,10477.869999999999,1,Promo modérée
26,2022-07-16,2386.76,1186.77,1944.69,3290.09,2958.25,11766.560000000001,1,Promo modérée
26,2022-07-23,3006.47,798.01,3070.04,344.61,2522.04,9741.169999999998,1,Promo modérée
26,2022-07-30,3228.61,1493.23,3638.38,2428.75,1718.26,12507.230000000001,1,Promo modérée
26,2022-08-06,2033.83,2696.06,682.28,1488.76,4322.33,11223.259999999998,1,Promo modérée
26,2022-08-13,4230.04,2567.8,2608.73,771.48,3288.05,13466.099999999999,1,Promo modérée
26,2022-08-20,3453.05,624.84,2876.76,2056.02,2755.57,11766.24,1,Promo modérée
26,2022-08-27,1690.06,887.68,1388.98,1714.59,4386.69,10068.0,1,Promo modérée
26,2022-09-03,2247.57,4758.9,3709.94,5716.84,4049.65,20482.9,1,Promo forte
26,2022-09-10,1321.77,2788.1,2630.54,400.08,646.13,7786.62,1,Promo modérée
26,2022-09-17,4353.21,327.54,830.4,3396.63,606.35,9514.13,1,Promo modérée
26,2022-09-24,2594.9,2796.42,1684.42,1563.67,506.18,9145.59,1,Promo modérée
26,2022-10-01,1348.15,423.16,2797.96,2875.89,288.35,7733.51,1,Promo modérée
26,2022-10-08,2941.57,1988.42,2022.67,2861.28,2460.01,12273.95,1,Promo modérée
26,2022-10-15,2176.12,2546.98,430.64,1977.21,3268.51,10399.460000000001,1,Promo modérée
26,2022-10-22,4547.13,1109.36,3195.97,110.83,1044.76,10008.05,1,Promo modérée
26,2022-10-29,869.34,777.5,704.19,713.04,3460.31,6524.38,1,Promo modérée
26,2022-11-05,4638.29,897.19,1602.51,1386.99,2457.35,10982.33,1,Promo modérée
26,2022-11-12,35.22,1774.02,3192.24,876.63,170.42,6048.53,1,Promo modérée
26,2022-11-19,1796.37,2824.32,2595.36,3115.86,3536.25,13868.160000000002,1,Promo modérée
26,2022-11-26,5071.38,6300.56,2593.86,3764.63,3804.17,21534.6,1,Promo forte
26,2022-12-03,4056.68,2367.57,3083.68,1608.03,3280.01,14395.970000000001,1,Promo modérée
26,2022-12-10,1954.26,892.28,2396.64,1265.39,3175.15,9683.720000000001,1,Promo modérée
26,2022-12-17,3361.98,2851.88,1486.21,1069.03,775.77,9544.87,1,Promo modérée
26,2022-12-24,1735.16,1796.05,888.16,7135.55,8638.98,20193.9,1,Promo forte
26,2022-12-31,6606.35,6045.62,4475.31,22.85,2166.83,19316.96,1,Promo modérée
26,2023-01-07,9219.0,3152.21,2045.86,4617.73,2611.4,21646.2,1,Promo forte
26,2023-01-14,1683.88,1472.92,2820.32,2733.9,2985.84,11696.86,1,Promo modérée
26,2023-01-21,3082.18,196.71,1181.3,1422.47,2400.48,8283.14,1,Promo modérée
26,2023-01-28,1901.59,1576.12,12.84,1086.67,3899.58,8476.8,1,Promo modérée
26,2023-02-04,2658.03,911.0,1532.41,2769.78,2978.84,10850.060000000001,1,Promo modérée
26,2023-02-11,926.61,902.76,1392.95,656.4,54.73,3933.45,1,Promo faible
26,2023-02-18,3041.72,2219.5,1417.71,1631.26,288.96,8599.149999999998,1,Promo modérée
26,2023-02-25,3162.05,1717.4,1688.42,59.34,2794.33,9421.54,1,Promo modérée
26,2023-03-04,1112.6,1617.8,943.53,120.92,1810.3,5605.15,1,Promo modérée
26,2023-03-11,647.16,375.96,3225.3,2501.97,582.69,7333.08,1,Promo modérée
26,2023-03-18,2702.85,576.02,3435.23,1118.16,1299.63,9131.89,1,Promo modérée
26,2023-03-25,154.16,2479.88,1362.88,868.61,2609.52,7475.049999999999,1,Promo modérée
26,2023-04-01,2324.41,303.43,3385.23,1916.72,2711.11,10640.9,1,Promo modérée
26,2023-04-08,1423.76,1505.3,819.55,1039.44,3089.92,7877.969999999999,1,Promo modérée
26,2023-04-15,2841.7,2332.76,2860.49,1889.45,1725.23,11649.63,1,Promo modérée
26,2023-04-22,627.08,2902.36,3115.94,1043.57,191.46,7880.41,1,Promo modérée
26,2023-04-29,413.63,2745.4,1034.6,2525.36,272.97,6991.96,1,Promo modérée
26,2023-05-06,4777.44,110.75,1168.19,243.28,3956.39,10256.05,1,Promo modérée
26,2023-05-13,1993.52,947.26,3088.76,214.47,2910.09,9154.1,1,Promo modérée
26,2023-05-20,3002.54,424.21,468.24,2235.18,3829.98,9960.15,1,Promo modérée
26,2023-05-27,3059.09,643.63,465.93,1909.51,3879.88,9958.04,1,Promo modérée
26,2023-06-03,1885.2,2557.34,1884.7,937.5,1171.16,8435.9,1,Promo modérée
26,2023-06-10,1678.12,699.9,12.03,2423.93,2657.49,7471.469999999999,1,Promo modérée
26,2023-06-17,4565.35,321.39,2975.68,2027.75,1611.86,11502.03,1,Promo modérée
26,2023-06-24,3021.04,2197.57,3965.34,910.33,1450.75,11545.03,1,Promo modérée
26,2023-07-01,10403.93,5803.93,8720.6,2894.78,9388.38,37211.619999999995,1,Promo forte
26,2023-07-08,3893.76,1895.09,897.43,2596.73,635.95,9918.960000000001,1,Promo modérée
26,2023-07-15,4533.06,1023.31,1664.24,1639.56,2821.07,11681.24,1,Promo modérée
26,2023-07-22,1992.06,1513.5,1291.61,3419.03,3265.58,11481.78,1,Promo modérée
26,2023-07-29,2715.97,1875.56,3924.83,142.77,2304.44,10963.570000000002,1,Promo modérée
26,2023-08-05,3745.87,1542.6,872.85,1728.27,3.97,7893.56,1,Promo modérée
26,2023-08-12,4867.6,2567.8,1008.08,688.33,2817.5,11949.310000000001,1,Promo modérée
26,2023-08-19,764.13,1705.05,410.62,707.16,1056.05,4643.009999999999,1,Promo faible
26,2023-08-26,122.32,1892.95,3343.37,1093.61,591.83,7044.079999999999,1,Promo modérée
26,2023-09-02,9147.79,4854.34,2432.57,5800.9,2425.44,24661.039999999997,1,Promo forte
26,2023-09-09,2862.35,517.39,2903.87,213.08,744.38,7241.07,1,Promo modérée
26,2023-09-16,3891.99,2581.9,24.03,412.54,2515.59,9426.05,1,Promo modérée
26,2023-09-23,764.18,1088.26,2855.24,111.37,3834.8,8653.85,1,Promo modérée
26,2023-09-30,4888.96,1099.07,3477.12,653.83,2009.37,12128.349999999999,1,Promo modérée
26,2023-10-07,2649.13,1576.37,2995.02,1195.84,3428.41,11844.77,1,Promo modérée
26,2023-10-14,2092.02,2717.25,3610.32,3473.47,2478.88,14371.939999999999,1,Promo modérée
26,2023-10-21,1167.38,1819.92,3666.37,3325.75,19.85,9999.27,1,Promo modérée
26,2023-10-28,4266.62,1327.88,1435.93,1594.02,2937.58,11562.03,1,Promo modérée
26,2023-11-04,4824.95,1868.18,3512.68,363.71,1131.75,11701.269999999999,1,Promo modérée
26,2023-11-11,2093.06,2889.39,2333.89,484.38,2456.57,10257.29,1,Promo modérée
26,2023-11-18,1174.47,2065.59,2060.32,1139.02,1271.88,7711.280000000002,1,Promo modérée
26,2023-11-25,1125.76,1033.4,4595.82,2370.29,416.47,9541.74,1,Promo modérée
26,2023-12-02,3616.46,1092.21,1984.95,2553.69,3274.46,12521.77,1,Promo modérée
26,2023-12-09,3212.87,2353.86,460.89,1830.1,4317.44,12175.16,1,Promo modérée
26,2023-12-16,2779.73,466.96,2319.17,2108.33,1882.8,9556.99,1,Promo modérée
26,2023-12-23,2724.25,5166.71,6239.51,2073.66,964.61,17168.74,1,Promo modérée
26,2023-12-30,3949.94,6349.19,6071.5,6604.78,1432.92,24408.33,1,Promo forte
26,2024-01-06,5054.55,2603.86,6428.02,2386.73,5300.98,21774.14,1,Promo forte
26,2024-01-13,4015.93,800.52,681.75,2639.33,1870.28,10007.81,1,Promo modérée
26,2024-01-20,3652.06,2058.12,2560.29,937.68,4260.33,13468.480000000001,1,Promo modérée
26,2024-01-27,2073.93,2807.75,364.47,306.81,3071.03,8623.990000000002,1,Promo modérée
26,2024-02-03,4444.2,128.66,2194.55,3274.47,3849.22,13891.099999999999,1,Promo modérée
26,2024-02-10,2983.86,98.44,1654.21,2906.35,1999.48,9642.34,1,Promo modérée
26,2024-02-17,968.97,1269.52,1961.69,1752.22,2324.13,8276.53,1,Promo modérée
26,2024-02-24,4940.96,2596.69,3550.31,2399.5,719.54,14207.0,1,Promo modérée
26,2024-03-02,1980.61,636.37,1513.0,3442.24,3254.59,10826.81,1,Promo modérée
26,2024-03-09,4480.83,1670.63,2933.36,1586.69,2358.56,13030.07,1,Promo modérée
26,2024-03-16,4099.11,2331.48,3380.41,984.24,1944.21,12739.45,1,Promo modérée
26,2024-03-23,1045.88,2645.12,236.4,794.46,1580.63,6302.490000000001,1,Promo modérée
26,2024-03-30,4360.6,848.74,981.99,1744.31,320.42,8256.06,1,Promo modérée
26,2024-04-06,1929.45,2945.76,3598.83,681.84,2273.05,11428.93,1,Promo modérée
26,2024-04-13,175.67,1443.83,3539.21,2499.31,3915.64,11573.66,1,Promo modérée
26,2024-04-20,632.9,338.07,2156.31,2649.68,1719.78,7496.739999999999,1,Promo modérée
26,2024-04-27,3224.93,2656.82,2234.37,2406.61,2969.76,13492.49,1,Promo modérée
26,2024-05-04,4587.49,2479.86,2317.39,3192.85,3988.84,16566.43,1,Promo modérée
26,2024-05-11,3669.15,790.14,2779.24,1434.4,3753.41,12426.34,1,Promo modérée
26,2024-05-18,2752.37,1671.62,3010.06,2992.4,1075.34,11501.789999999999,1,Promo modérée
26,2024-05-25,520.77,698.47,3782.0,1618.68,1883.58,8503.5,1,Promo modérée
26,2024-06-01,2877.64,330.97,1408.24,2843.25,787.1,8247.199999999999,1,Promo modérée
26,2024-06-08,4726.5,988.64,2632.87,2060.35,673.3,11081.66,1,Promo modérée
26,2024-06-15,4823.47,358.52,1596.73,783.76,997.03,8559.51,1,Promo modérée
26,2024-06-22,4623.28,437.04,1279.38,1206.0,1044.37,8590.07,1,Promo modérée
26,2024-06-29,646.7,2469.47,3298.32,1361.42,495.13,8271.039999999999,1,Promo modérée
26,2024-07-06,4347.12,1631.42,8655.43,1950.08,235.25,16819.300000000003,1,Promo modérée
26,2024-07-13,1821.34,1206.75,92.18,2061.75,549.32,5731.34,1,Promo modérée
26,2024-07-20,2887.12,644.71,1083.91,2174.69,3329.38,10119.810000000001,1,Promo modérée
26,2024-07-27,965.17,456.61,2658.78,1433.27,3194.99,8708.82,1,Promo modérée
26,2024-08-03,2954.77,320.05,715.32,125.61,1909.67,6025.42,1,Promo modérée
26,2024-08-10,2970.85,1106.31,694.19,2285.67,868.73,7925.75,1,Promo modérée
26,2024-08-17,1122.01,1655.75,1006.89,1761.19,1358.92,6904.76,1,Promo modérée
26,2024-08-24,3718.22,2101.64,1962.24,836.02,2298.23,10916.349999999999,1,Promo modérée
26,2024-08-31,1639.38,450.67,3624.76,615.41,1774.27,8104.49,1,Promo modérée
26,2024-09-07,2979.85,2765.19,3208.43,2684.78,1305.35,12943.6,1,Promo modérée
26,2024-09-14,3298.62,1066.23,584.39,3373.55,62.94,8385.730000000001,1,Promo modérée
26,2024-09-21,4994.19,1918.93,1658.72,3060.4,2493.81,14126.05,1,Promo modérée
26,2024-09-28,393.82,320.06,61.62,1474.08,803.93,3053.5099999999998,1,Promo faible
26,2024-10-05,1279.34,1424.85,2564.92,2737.8,367.57,8374.48,1,Promo modérée
26,2024-10-12,2695.92,1508.11,1902.84,1612.24,498.72,8217.83,1,Promo modérée
26,2024-10-19,1225.38,632.79,2941.69,2864.98,1471.99,9136.83,1,Promo modérée
26,2024-10-26,3568.06,1033.78,2346.22,3474.22,1357.17,11779.449999999999,1,Promo modérée
26,2024-11-02,3915.8,183.28,2508.49,2662.33,2124.65,11394.55,1,Promo modérée
26,2024-11-09,2108.04,1681.24,913.54,1442.75,1515.55,7661.12,1,Promo modérée
26,2024-11-16,2888.39,199.24,987.66,602.76,1509.95,6188.0,1,Promo modérée
26,2024-11-23,4006.3,2177.03,2076.48,7647.41,3833.53,19740.75,1,Promo modérée
26,2024-11-30,9411.2,211.84,8486.67,3220.07,2449.01,23778.79,1,Promo forte
26,2024-12-07,2123.35,1554.76,706.78,214.98,1654.99,6254.859999999999,1,Promo modérée
26,2024-12-14,577.16,191.89,635.44,2702.04,3416.99,7523.5199999999995,1,Promo modérée
26,2024-12-21,8295.18,1338.47,5137.16,5831.72,2532.7,23135.23,1,Promo forte
27,2022-01-01,10038.4,2941.41,1203.65,5604.89,2531.44,22319.789999999997,1,Promo forte
27,2022-01-08,2858.73,46.05,3567.48,3222.6,3298.82,12993.68,1,Promo modérée
27,2022-01-15,792.67,1397.47,1261.05,1248.6,1825.91,6525.699999999999,1,Promo modérée
27,2022-01-22,2380.28,2590.8,235.06,3335.61,843.89,9385.64,1,Promo modérée
27,2022-01-29,2166.16,751.57,3861.27,1070.04,2939.74,10788.779999999999,1,Promo modérée
27,2022-02-05,2117.01,586.34,1384.08,2579.38,2965.98,9632.79,1,Promo modérée
27,2022-02-12,539.51,283.01,2866.42,1103.14,2963.61,7755.6900000000005,1,Promo modérée
27,2022-02-19,1308.37,785.72,3528.98,2048.69,3551.77,11223.53,1,Promo modérée
27,2022-02-26,3909.16,2101.54,353.65,2174.85,3933.61,12472.81,1,Promo modérée
27,2022-03-05,2114.02,2566.18,3132.0,2856.79,4454.09,15123.08,1,Promo modérée
27,2022-03-12,949.57,184.32,2006.47,98.72,2126.61,5365.6900000000005,1,Promo modérée
27,2022-03-19,2655.43,955.74,1975.28,1949.77,162.84,7699.0599999999995,1,Promo modérée
27,2022-03-26,1354.15,1215.25,384.15,3336.13,3909.05,10198.73,1,Promo modérée
27,2022-04-02,4672.0,2266.77,1093.17,21.35,3597.51,11650.800000000001,1,Promo modérée
27,2022-04-09,3376.56,1350.97,940.68,481.7,2612.16,8762.07,1,Promo modérée
27,2022-04-16,1692.08,2234.65,2640.57,946.83,549.61,8063.74,1,Promo modérée
27,2022-04-23,1188.55,1337.01,3159.15,866.18,2445.79,8996.68,1,Promo modérée
27,2022-04-30,1834.14,2284.04,2975.95,1452.41,534.02,9080.560000000001,1,Promo modérée
27,2022-05-07,3187.35,1052.06,2773.81,1176.81,2814.63,11004.66,1,Promo modérée
27,2022-05-14,3090.87,2366.38,3241.39,3473.56,394.9,12567.099999999999,1,Promo modérée
27,2022-05-21,346.86,941.28,3935.71,3148.04,1778.61,10150.5,1,Promo modérée
27,2022-05-28,1107.26,595.17,3447.23,2155.84,4450.6,11756.1,1,Promo modérée
27,2022-06-04,1276.48,1060.38,571.34,2713.9,1069.66,6691.76,1,Promo modérée
27,2022-06-11,667.99,2689.67,271.38,347.59,1102.71,5079.34,1,Promo modérée
27,2022-06-18,1889.34,881.68,2709.51,2459.22,3509.9,11449.65,1,Promo modérée
27,2022-06-25,2553.66,1838.66,646.93,267.77,876.36,6183.38,1,Promo modérée
27,2022-07-02,1915.59,699.46,2108.63,2416.88,5426.21,12566.77,1,Promo modérée
27,2022-07-09,166.56,251.31,2795.98,1701.67,868.33,5783.85,1,Promo modérée
27,2022-07-16,3835.77,859.66,2749.96,699.02,3405.28,11549.69,1,Promo modérée
27,2022-07-23,1250.39,3.72,2601.83,148.84,946.76,4951.54,1,Promo faible
27,2022-07-30,4652.87,223.51,1662.75,2553.02,3004.75,12096.9,1,Promo modérée
27,2022-08-06,3837.92,2889.61,2419.98,3251.85,3106.96,15506.32,1,Promo modérée
27,2022-08-13,137.15,1552.76,1273.01,152.36,4411.37,7526.65,1,Promo modérée
27,2022-08-20,1273.69,551.65,2060.75,2121.28,2125.9,8133.27,1,Promo modérée
27,2022-08-27,4325.24,140.71,1522.58,350.48,3487.41,9826.42,1,Promo modérée
27,2022-09-03,9995.09,1647.7,6333.01,233.19,1305.33,19514.32,1,Promo modérée
27,2022-09-10,21.67,698.75,1758.21,1970.78,4121.56,8570.970000000001,1,Promo modérée
27,2022-09-17,1013.26,2895.52,23.36,1994.2,397.79,6324.13,1,Promo modérée
27,2022-09-24,2966.64,753.96,3557.01,2838.88,720.24,10836.730000000001,1,Promo modérée
27,2022-10-01,3032.97,1027.61,2703.79,1906.8,4182.71,12853.880000000001,1,Promo modérée
27,2022-10-08,1361.95,1175.33,47.99,3391.99,2395.49,8372.75,1,Promo modérée
27,2022-10-15,2120.72,2912.01,1975.37,2301.11,69.04,9378.25,1,Promo modérée
27,2022-10-22,4500.8,1458.66,2266.03,1337.53,2790.18,12353.2,1,Promo modérée
27,2022-10-29,526.28,129.95,1280.18,1393.8,425.32,3755.53,1,Promo faible
27,2022-11-05,3096.76,334.95,354.1,2721.41,2926.5,9433.72,1,Promo modérée
27,2022-11-12,2925.0,630.03,2516.23,2697.2,3983.64,12752.099999999999,1,Promo modérée
27,2022-11-19,1134.49,2646.62,2130.49,2080.11,4455.49,12447.199999999999,1,Promo modérée
27,2022-11-26,10310.23,1902.82,8793.56,649.24,5624.33,27280.18,1,Promo forte
27,2022-12-03,1151.14,1152.14,2884.92,1041.94,3958.23,10188.37,1,Promo modérée
27,2022-12-10,1501.58,2997.54,377.32,745.51,1222.28,6844.23,1,Promo modérée
27,2022-12-17,3259.25,1892.21,2070.62,1327.23,3588.5,12137.81,1,Promo modérée
27,2022-12-24,2354.63,4009.97,7781.04,4585.04,4422.02,23152.7,1,Promo forte
27,2022-12-31,8028.27,1620.06,3223.21,814.48,9778.03,23464.050000000003,1,Promo forte
27,2023-01-07,3914.7,5072.73,5949.1,4917.71,8365.67,28219.910000000003,1,Promo forte
27,2023-01-14,3967.94,2635.77,812.31,1117.3,1418.49,9951.81,1,Promo modérée
27,2023-01-21,3877.23,2713.99,3056.49,2888.73,2680.3,15216.739999999998,1,Promo modérée
27,2023-01-28,4045.9,1924.17,2322.58,2540.34,3781.31,14614.3,1,Promo modérée
27,2023-02-04,659.21,791.65,2884.14,1665.19,3410.57,9410.76,1,Promo modérée
27,2023-02-11,3790.63,922.68,1314.31,768.89,3662.28,10458.79,1,Promo modérée
27,2023-02-18,251.34,136.83,748.54,351.86,2502.48,3991.05,1,Promo faible
27,2023-02-25,3241.01,782.57,3238.51,3211.98,1421.72,11895.789999999999,1,Promo modérée
27,2023-03-04,24.78,2449.21,1205.85,3201.04,975.35,7856.2300000000005,1,Promo modérée
27,2023-03-11,1155.98,399.04,3428.22,412.3,438.55,5834.09,1,Promo modérée
27,2023-03-18,2704.56,1180.25,1435.34,2964.16,3257.17,11541.48,1,Promo modérée
27,2023-03-25,3159.1,491.55,213.39,3037.17,2409.86,9311.07,1,Promo modérée
27,2023-04-01,3070.24,1408.44,3587.83,1818.67,4243.21,14128.39,1,Promo modérée
27,2023-04-08,1768.55,1127.77,3091.01,2032.21,1807.14,9826.68,1,Promo modérée
27,2023-04-15,472.43,695.8,1707.96,2812.77,1579.95,7268.91,1,Promo modérée
27,2023-04-22,4806.27,304.04,692.4,2534.43,2255.46,10592.599999999999,1,Promo modérée
27,2023-04-29,3038.01,2584.61,1720.42,181.55,2583.84,10108.43,1,Promo modérée
27,2023-05-06,3829.19,969.83,956.34,2269.95,208.82,8234.130000000001,1,Promo modérée
27,2023-05-13,542.78,1082.52,3191.97,1448.45,2637.77,8903.49,1,Promo modérée
27,2023-05-20,1751.69,2633.06,2831.09,2646.92,3069.02,12931.78,1,Promo modérée
27,2023-05-27,4019.97,1228.19,2735.07,579.61,2423.49,10986.33,1,Promo modérée
27,2023-06-03,3339.85,2631.22,661.16,3126.44,1755.17,11513.84,1,Promo modérée
27,2023-06-10,2543.58,937.62,3875.64,2803.14,1715.34,11875.32,1,Promo modérée
27,2023-06-17,4579.32,376.11,3808.83,2608.69,1559.68,12932.63,1,Promo modérée
27,2023-06-24,3831.22,1621.09,3710.26,2074.56,3823.58,15060.71,1,Promo modérée
27,2023-07-01,5152.32,3237.58,4047.21,6448.49,3152.49,22038.089999999997,1,Promo forte
27,2023-07-08,584.68,563.47,2112.14,153.21,571.17,3984.67,1,Promo faible
27,2023-07-15,4682.58,77.52,2321.18,2090.87,3545.49,12717.640000000001,1,Promo modérée
27,2023-07-22,4836.36,2672.38,2668.21,2998.53,383.42,13558.900000000001,1,Promo modérée
27,2023-07-29,4427.81,1898.34,2656.55,363.38,2991.87,12337.95,1,Promo modérée
27,2023-08-05,2120.35,1675.91,588.36,1385.39,1684.25,7454.26,1,Promo modérée
27,2023-08-12,1572.74,2349.67,1987.99,677.23,3363.35,9950.98,1,Promo modérée
27,2023-08-19,3953.91,879.98,3466.35,2529.34,3752.85,14582.43,1,Promo modérée
27,2023-08-26,3452.3,937.47,2943.28,1926.59,2517.33,11776.970000000001,1,Promo modérée
27,2023-09-02,2985.86,14.87,8773.75,1622.25,6488.29,19885.02,1,Promo modérée
27,2023-09-09,4301.82,1673.71,1454.81,1688.63,3788.22,12907.19,1,Promo modérée
27,2023-09-16,1556.69,10.08,3057.94,969.49,1483.55,7077.75,1,Promo modérée
27,2023-09-23,4695.85,1364.28,408.49,2359.56,4031.35,12859.53,1,Promo modérée
27,2023-09-30,4102.25,885.71,1705.35,986.18,2007.05,9686.539999999999,1,Promo modérée
27,2023-10-07,3186.81,1751.36,1172.13,3315.92,1763.86,11190.080000000002,1,Promo modérée
27,2023-10-14,1381.72,2474.93,2028.08,1429.71,4189.06,11503.5,1,Promo modérée
27,2023-10-21,1068.72,1883.8,113.11,2072.87,4305.83,9444.33,1,Promo modérée
27,2023-10-28,1964.75,2915.2,3959.47,1437.05,669.53,10946.0,1,Promo modérée
27,2023-11-04,2240.83,2705.64,738.57,2823.74,81.86,8590.64,1,Promo modérée
27,2023-11-11,2797.73,733.46,2525.06,984.09,396.11,7436.45,1,Promo modérée
27,2023-11-18,2948.25,1579.06,530.27,689.8,638.06,6385.4400000000005,1,Promo modérée
27,2023-11-25,3583.74,3749.5,654.79,5731.91,6882.41,20602.35,1,Promo forte
27,2023-12-02,1728.27,1030.01,3777.2,3201.01,2468.24,12204.73,1,Promo modérée
27,2023-12-09,3197.46,127.87,1516.41,2826.82,1328.47,8997.029999999999,1,Promo modérée
27,2023-12-16,2653.82,1707.6,3344.67,1724.82,1830.24,11261.15,1,Promo modérée
27,2023-12-23,8202.94,4452.09,4227.92,1039.0,7775.89,25697.84,1,Promo forte
27,2023-12-30,10632.67,4042.3,496.61,4307.24,2744.32,22223.14,1,Promo forte
27,2024-01-06,5221.48,1993.02,4750.88,1912.61,2583.84,16461.83,1,Promo modérée
27,2024-01-13,3192.86,2441.96,3847.75,2611.77,1929.83,14024.17,1,Promo modérée
27,2024-01-20,3388.51,711.4,1294.58,1022.33,3589.43,10006.25,1,Promo modérée
27,2024-01-27,319.57,527.63,452.1,1213.54,1546.79,4059.63,1,Promo faible
27,2024-02-03,3437.25,884.47,2411.26,2716.2,1563.99,11013.17,1,Promo modérée
27,2024-02-10,1498.65,836.71,3892.98,2548.82,2633.84,11411.0,1,Promo modérée
27,2024-02-17,2064.16,885.39,282.28,1444.1,2772.78,7448.710000000001,1,Promo modérée
27,2024-02-24,4343.93,2373.69,3862.44,2090.18,3143.1,15813.340000000002,1,Promo modérée
27,2024-03-02,1366.03,2631.65,3106.62,2932.67,633.55,10670.52,1,Promo modérée
27,2024-03-09,1424.46,2059.29,311.26,1433.51,2190.01,7418.530000000001,1,Promo modérée
27,2024-03-16,3237.24,986.06,3942.15,3065.21,1333.81,12564.47,1,Promo modérée
27,2024-03-23,427.61,2610.35,2374.98,3463.61,115.16,8991.710000000001,1,Promo modérée
27,2024-03-30,4423.98,1555.36,1605.13,3169.24,420.05,11173.759999999998,1,Promo modérée
27,2024-04-06,2816.56,2125.69,2339.54,2395.62,1152.35,10829.76,1,Promo modérée
27,2024-04-13,1901.58,541.43,2222.44,851.22,3318.65,8835.32,1,Promo modérée
27,2024-04-20,1806.36,1303.75,883.88,1488.6,1040.85,6523.4400000000005,1,Promo modérée
27,2024-04-27,2527.98,778.57,3737.9,1826.77,780.58,9651.800000000001,1,Promo modérée
27,2024-05-04,1685.61,2891.32,685.33,2778.69,1421.87,9462.82,1,Promo modérée
27,2024-05-11,3485.61,2974.14,2372.83,356.65,291.9,9481.13,1,Promo modérée
27,2024-05-18,4724.51,1653.48,2598.22,121.98,4324.38,13422.57,1,Promo modérée
27,2024-05-25,1101.49,2793.3,2946.49,66.15,1079.29,7986.719999999999,1,Promo modérée
27,2024-06-01,4183.5,2537.15,2540.0,3223.83,3658.42,16142.9,1,Promo modérée
27,2024-06-08,4893.49,74.98,2088.67,2708.63,3556.97,13322.74,1,Promo modérée
27,2024-06-15,2472.7,1787.05,3385.47,1095.08,2354.43,11094.73,1,Promo modérée
27,2024-06-22,1051.03,70.6,1932.88,1486.92,1913.17,6454.6,1,Promo modérée
27,2024-06-29,3684.51,516.22,1888.77,3460.98,2896.64,12447.119999999999,1,Promo modérée
27,2024-07-06,10077.79,542.79,2763.53,2297.97,9860.88,25542.96,1,Promo forte
27,2024-07-13,1432.93,2735.36,1820.58,2813.04,1151.18,9953.09,1,Promo modérée
27,2024-07-20,2750.11,455.28,735.65,1627.02,1542.28,7110.34,1,Promo modérée
27,2024-07-27,4240.83,488.16,2663.66,1464.85,4357.07,13214.57,1,Promo modérée
27,2024-08-03,1318.3,1223.09,1256.78,1268.57,4125.02,9191.76,1,Promo modérée
27,2024-08-10,420.45,2112.21,1930.29,468.49,1191.2,6122.639999999999,1,Promo modérée
27,2024-08-17,2901.7,2197.02,2421.41,2374.32,3895.38,13789.829999999998,1,Promo modérée
27,2024-08-24,2511.63,1076.22,526.68,1007.13,4389.43,9511.09,1,Promo modérée
27,2024-08-31,2067.75,309.42,3874.23,2721.02,3267.68,12240.1,1,Promo modérée
27,2024-09-07,7668.33,92.92,1111.49,3274.49,119.72,12266.949999999999,1,Promo modérée
27,2024-09-14,905.06,1839.85,2632.75,90.65,2431.65,7899.959999999999,1,Promo modérée
27,2024-09-21,4568.33,557.41,1273.44,3144.56,1487.94,11031.68,1,Promo modérée
27,2024-09-28,3172.0,182.27,299.48,1907.41,1282.79,6843.95,1,Promo modérée
27,2024-10-05,2889.32,2332.09,1963.09,2907.25,590.74,10682.49,1,Promo modérée
27,2024-10-12,417.75,1924.48,2209.8,141.21,3384.95,8078.1900000000005,1,Promo modérée
27,2024-10-19,4380.69,1196.09,2621.77,2153.77,1674.72,12027.039999999999,1,Promo modérée
27,2024-10-26,4113.39,1243.23,1124.64,1617.34,1070.96,9169.560000000001,1,Promo modérée
27,2024-11-02,1101.02,2362.57,938.47,387.55,4270.86,9060.470000000001,1,Promo modérée
27,2024-11-09,2700.64,205.12,897.26,3251.65,2574.05,9628.720000000001,1,Promo modérée
27,2024-11-16,4611.83,146.13,3963.92,727.34,1839.45,11288.670000000002,1,Promo modérée
27,2024-11-23,5969.46,2627.97,6492.26,192.66,5356.19,20638.54,1,Promo forte
27,2024-11-30,10293.91,5864.13,3651.16,46.01,7818.47,27673.68,1,Promo forte
27,2024-12-07,2356.45,2394.1,1779.79,1974.16,1439.28,9943.78,1,Promo modérée
27,2024-12-14,4323.43,663.83,1331.6,2056.2,1110.92,9485.980000000001,1,Promo modérée
27,2024-12-21,455.25,1146.42,406.55,3608.25,5807.71,11424.18,1,Promo modérée
28,2022-01-01,6908.1,691.09,7810.37,7064.37,3217.07,25691.0,1,Promo forte
28,2022-01-08,4799.83,598.03,1382.15,2734.71,3526.25,13040.970000000001,1,Promo modérée
28,2022-01-15,2294.63,1401.26,1624.65,2170.74,1829.99,9321.27,1,Promo modérée
28,2022-01-22,527.34,1335.91,1051.71,1420.47,528.51,4863.9400000000005,1,Promo faible
28,2022-01-29,3338.95,1827.93,2853.45,1660.57,1214.94,10895.84,1,Promo modérée
28,2022-02-05,3816.35,1427.38,1199.46,2911.54,3967.4,13322.13,1,Promo modérée
28,2022-02-12,3456.62,2346.86,1589.77,611.16,129.68,8134.09,1,Promo modérée
28,2022-02-19,874.42,1525.11,1838.37,2184.52,1133.48,7555.9,1,Promo modérée
28,2022-02-26,616.45,672.12,2302.13,3000.2,4014.52,10605.42,1,Promo modérée
28,2022-03-05,283.75,1248.84,2146.44,814.63,2325.09,6818.75,1,Promo modérée
28,2022-03-12,2052.83,1997.36,1667.04,146.81,3239.65,9103.69,1,Promo modérée
28,2022-03-19,1260.38,1343.7,3802.31,1636.31,353.74,8396.439999999999,1,Promo modérée
28,2022-03-26,1447.11,2036.01,2035.7,778.14,2330.19,8627.15,1,Promo modérée
28,2022-04-02,3300.94,155.44,1939.24,2502.49,1934.76,9832.869999999999,1,Promo modérée
28,2022-04-09,4693.95,1820.47,2980.72,3157.56,2480.39,15133.089999999998,1,Promo modérée
28,2022-04-16,728.19,1660.51,3909.79,2755.15,3363.74,12417.38,1,Promo modérée
28,2022-04-23,31.61,2020.44,3247.51,941.19,413.33,6654.08,1,Promo modérée
28,2022-04-30,1698.66,2722.66,1339.34,2749.31,2816.25,11326.22,1,Promo modérée
28,2022-05-07,343.64,2257.92,1786.11,1419.28,656.22,6463.17,1,Promo modérée
28,2022-05-14,1475.64,2798.1,2495.85,2788.25,14.77,9572.61,1,Promo modérée
28,2022-05-21,3288.37,456.66,3099.62,393.84,3275.61,10514.1,1,Promo modérée
28,2022-05-28,3374.12,2184.33,33.61,358.28,2686.77,8637.109999999999,1,Promo modérée
28,2022-06-04,1969.11,2552.33,3708.77,406.82,3500.82,12137.849999999999,1,Promo modérée
28,2022-06-11,2655.22,958.06,378.05,367.78,614.12,4973.23,1,Promo faible
28,2022-06-18,4519.48,1879.13,3942.35,108.47,3168.66,13618.089999999998,1,Promo modérée
28,2022-06-25,1547.69,477.32,2894.05,3166.17,826.12,8911.35,1,Promo modérée
28,2022-07-02,1621.08,2871.59,2969.63,2991.28,7456.08,17909.66,1,Promo modérée
28,2022-07-09,2245.63,2756.57,42.48,3462.1,2158.8,10665.580000000002,1,Promo modérée
28,2022-07-16,3314.05,1946.71,1455.93,265.97,3634.68,10617.34,1,Promo modérée
28,2022-07-23,2971.24,1936.48,2826.73,2878.18,718.9,11331.529999999999,1,Promo modérée
28,2022-07-30,145.14,1720.03,1298.67,3445.62,470.04,7079.5,1,Promo modérée
28,2022-08-06,2527.82,1050.23,355.17,818.08,828.66,5579.96,1,Promo modérée
28,2022-08-13,4421.19,1493.41,1659.74,3205.19,2750.51,13530.039999999999,1,Promo modérée
28,2022-08-20,1406.4,2858.86,3925.85,809.08,4030.16,13030.35,1,Promo modérée
28,2022-08-27,3373.06,2740.68,1995.12,1450.44,4146.89,13706.189999999999,1,Promo modérée
28,2022-09-03,3710.15,5032.99,6837.93,5588.83,387.21,21557.11,1,Promo forte
28,2022-09-10,4178.23,1923.8,1406.62,579.99,3978.77,12067.41,1,Promo modérée
28,2022-09-17,4161.93,1038.22,2858.52,1888.33,2436.86,12383.86,1,Promo modérée
28,2022-09-24,873.91,1366.43,1993.42,1674.34,3637.49,9545.59,1,Promo modérée
28,2022-10-01,647.48,2605.09,224.69,411.63,286.46,4175.35,1,Promo faible
28,2022-10-08,1968.8,2320.94,3319.83,2397.39,2130.73,12137.689999999999,1,Promo modérée
28,2022-10-15,4580.06,2926.79,3592.52,3493.82,3910.09,18503.28,1,Promo modérée
28,2022-10-22,1203.73,1467.49,280.22,3336.58,2577.46,8865.48,1,Promo modérée
28,2022-10-29,2103.42,1499.54,394.2,262.58,2667.18,6926.92,1,Promo modérée
28,2022-11-05,4719.96,881.14,287.12,593.26,429.63,6911.110000000001,1,Promo modérée
28,2022-11-12,2179.63,2786.27,1183.29,2781.52,710.18,9640.89,1,Promo modérée
28,2022-11-19,253.76,1791.82,2416.92,231.09,3296.54,7990.13,1,Promo modérée
28,2022-11-26,5329.34,1721.02,1773.32,4.58,9539.95,18368.21,1,Promo modérée
28,2022-12-03,69.69,1123.54,251.75,137.38,3012.22,4594.58,1,Promo faible
28,2022-12-10,3888.45,188.4,3353.76,3088.28,3536.88,14055.77,1,Promo modérée
28,2022-12-17,2197.71,16.01,1907.3,2279.16,62.48,6462.66,1,Promo modérée
28,2022-12-24,10607.66,5835.65,3615.23,2693.82,1228.4,23980.76,1,Promo forte
28,2022-12-31,8937.71,2315.44,1263.91,4585.61,6400.4,23503.07,1,Promo forte
28,2023-01-07,5525.28,5224.83,224.19,5239.11,2332.78,18546.19,1,Promo modérée
28,2023-01-14,2076.95,2783.3,651.6,714.21,2510.16,8736.220000000001,1,Promo modérée
28,2023-01-21,2157.8,1717.05,1284.29,2464.14,2946.3,10569.580000000002,1,Promo modérée
28,2023-01-28,663.22,2397.35,2171.97,1839.46,4327.58,11399.579999999998,1,Promo modérée
28,2023-02-04,3472.45,2769.53,3364.92,694.27,1426.0,11727.17,1,Promo modérée
28,2023-02-11,3794.16,2190.95,3356.84,3265.25,1387.18,13994.380000000001,1,Promo modérée
28,2023-02-18,1348.36,2112.88,3713.64,2885.95,3271.68,13332.509999999998,1,Promo modérée
28,2023-02-25,3384.05,141.39,2638.86,1674.03,4327.06,12165.39,1,Promo modérée
28,2023-03-04,1381.58,1968.24,1260.95,1211.53,4016.9,9839.199999999999,1,Promo modérée
28,2023-03-11,2780.65,519.8,3428.46,2020.6,267.19,9016.7,1,Promo modérée
28,2023-03-18,4546.81,1050.11,1343.49,2869.15,1434.4,11243.96,1,Promo modérée
28,2023-03-25,1124.06,1660.51,549.47,2361.37,833.88,6529.29,1,Promo modérée
28,2023-04-01,4169.52,2287.19,2735.03,3189.37,2201.52,14582.630000000001,1,Promo modérée
28,2023-04-08,2677.55,43.5,1775.05,624.61,1657.21,6777.92,1,Promo modérée
28,2023-04-15,3594.07,1541.59,2317.5,2170.64,110.59,9734.39,1,Promo modérée
28,2023-04-22,1487.57,390.85,3665.26,710.24,646.61,6900.53,1,Promo modérée
28,2023-04-29,2335.85,2336.39,879.69,1387.85,4310.21,11249.990000000002,1,Promo modérée
28,2023-05-06,1349.15,139.4,618.74,1269.39,93.25,3469.9300000000003,1,Promo faible
28,2023-05-13,3394.97,2231.17,769.2,2931.03,4252.71,13579.079999999998,1,Promo modérée
28,2023-05-20,2375.05,292.62,692.38,215.5,2520.74,6096.29,1,Promo modérée
28,2023-05-27,297.37,2654.86,1915.43,2580.63,65.92,7514.21,1,Promo modérée
28,2023-06-03,2564.51,999.54,3223.19,1564.23,15.74,8367.21,1,Promo modérée
28,2023-06-10,811.87,1422.01,160.8,1240.93,3289.4,6925.01,1,Promo modérée
28,2023-06-17,3379.14,2277.41,2783.24,2958.94,1003.08,12401.81,1,Promo modérée
28,2023-06-24,4798.57,2307.2,2873.86,1720.47,1995.2,13695.3,1,Promo modérée
28,2023-07-01,8815.35,2858.81,625.58,5259.7,3706.69,21266.129999999997,1,Promo forte
28,2023-07-08,3461.07,1704.41,2056.17,797.52,1061.58,9080.75,1,Promo modérée
28,2023-07-15,4681.11,2991.96,2653.94,1442.9,2137.89,13907.8,1,Promo modérée
28,2023-07-22,1308.83,1258.96,2219.09,3177.64,623.84,8588.36,1,Promo modérée
28,2023-07-29,3197.63,1149.76,1872.66,2992.21,742.42,9954.68,1,Promo modérée
28,2023-08-05,4604.2,2751.31,920.07,1057.51,729.31,10062.4,1,Promo modérée
28,2023-08-12,2564.87,359.27,1751.39,2206.83,3236.44,10118.8,1,Promo modérée
28,2023-08-19,4400.95,141.56,168.92,2251.92,2466.21,9429.560000000001,1,Promo modérée
28,2023-08-26,2245.71,2482.6,851.29,1450.14,2374.96,9404.7,1,Promo modérée
28,2023-09-02,10080.15,1432.65,3335.45,4087.87,9661.22,28597.339999999997,1,Promo forte
28,2023-09-09,4089.72,506.9,3213.04,2943.85,3108.12,13861.630000000001,1,Promo modérée
28,2023-09-16,614.1,771.99,776.33,2944.24,3060.01,8166.67,1,Promo modérée
28,2023-09-23,384.03,1527.47,2826.99,726.23,1472.07,6936.789999999999,1,Promo modérée
28,2023-09-30,2154.44,685.77,3692.29,1112.3,2553.6,10198.4,1,Promo modérée
28,2023-10-07,1808.76,461.97,1257.81,1145.35,2900.29,7574.179999999999,1,Promo modérée
28,2023-10-14,3921.28,2542.39,2393.56,3246.84,3523.27,15627.34,1,Promo modérée
28,2023-10-21,1781.29,2648.59,490.91,1657.26,2418.36,8996.41,1,Promo modérée
28,2023-10-28,4284.72,1972.58,3432.75,966.15,2866.76,13522.96,1,Promo modérée
28,2023-11-04,2974.6,1840.71,2135.37,2205.17,752.52,9908.369999999999,1,Promo modérée
28,2023-11-11,2369.68,1864.71,3353.37,1692.02,1454.51,10734.289999999999,1,Promo modérée
28,2023-11-18,2814.2,882.03,836.34,491.37,1586.74,6610.679999999999,1,Promo modérée
28,2023-11-25,2961.45,4160.57,7483.04,4876.42,5370.8,24852.28,1,Promo forte
28,2023-12-02,490.99,781.45,2128.21,401.39,4208.02,8010.06,1,Promo modérée
28,2023-12-09,4018.67,2706.32,2111.78,2757.61,230.79,11825.170000000002,1,Promo modérée
28,2023-12-16,500.75,2791.23,429.57,3044.15,3551.72,10317.42,1,Promo modérée
28,2023-12-23,9667.13,2046.17,3399.52,2986.88,7268.37,25368.07,1,Promo forte
28,2023-12-30,844.57,5214.34,5150.74,3768.14,6666.1,21643.89,1,Promo forte
28,2024-01-06,7255.61,4051.45,4674.38,1324.19,3323.21,20628.839999999997,1,Promo forte
28,2024-01-13,27.84,2036.98,1956.91,1318.67,1532.41,6872.81,1,Promo modérée
28,2024-01-20,3361.5,1360.71,3185.14,2239.08,853.19,10999.62,1,Promo modérée
28,2024-01-27,423.98,1722.23,3841.61,2615.0,2213.15,10815.97,1,Promo modérée
28,2024-02-03,2643.47,362.85,3735.47,2956.67,632.42,10330.88,1,Promo modérée
28,2024-02-10,436.11,2860.16,3320.67,398.42,3944.69,10960.050000000001,1,Promo modérée
28,2024-02-17,4243.35,1407.8,2002.6,1018.54,1744.62,10416.91,1,Promo modérée
28,2024-02-24,34.98,2552.96,1457.3,1102.38,3603.29,8750.91,1,Promo modérée
28,2024-03-02,3796.99,2720.78,3994.4,1790.46,3701.36,16003.990000000002,1,Promo modérée
28,2024-03-09,16.97,924.06,3721.65,1073.37,1012.8,6748.85,1,Promo modérée
28,2024-03-16,1013.54,2740.25,3022.03,1288.73,3631.09,11695.64,1,Promo modérée
28,2024-03-23,20.4,1167.09,415.4,3020.63,4152.12,8775.64,1,Promo modérée
28,2024-03-30,1489.83,302.93,1785.8,2140.92,4186.01,9905.49,1,Promo modérée
28,2024-04-06,4734.78,2796.79,155.21,2115.23,2894.51,12696.52,1,Promo modérée
28,2024-04-13,2420.73,969.44,3696.12,1540.27,1845.67,10472.23,1,Promo modérée
28,2024-04-20,2370.13,2867.09,2317.36,2433.33,4159.55,14147.46,1,Promo modérée
28,2024-04-27,4824.33,1410.71,1359.07,1817.41,3277.97,12689.49,1,Promo modérée
28,2024-05-04,611.89,2015.42,551.38,1776.42,421.33,5376.4400000000005,1,Promo modérée
28,2024-05-11,4992.37,772.51,247.2,1550.51,375.32,7937.91,1,Promo modérée
28,2024-05-18,2214.52,1590.66,1072.1,3052.15,724.94,8654.37,1,Promo modérée
28,2024-05-25,1389.3,2167.57,1711.93,2225.56,4176.79,11671.150000000001,1,Promo modérée
28,2024-06-01,1750.73,2017.16,3800.83,329.47,3456.35,11354.54,1,Promo modérée
28,2024-06-08,337.28,1524.15,3158.57,1851.08,751.0,7622.08,1,Promo modérée
28,2024-06-15,3929.68,272.08,2326.15,1315.7,626.22,8469.83,1,Promo modérée
28,2024-06-22,1424.37,145.89,1848.63,2680.75,99.69,6199.329999999999,1,Promo modérée
28,2024-06-29,1150.52,2411.31,1919.48,2136.06,414.69,8032.059999999999,1,Promo modérée
28,2024-07-06,6569.24,3616.38,5349.47,4760.95,4951.95,25247.99,1,Promo forte
28,2024-07-13,1334.85,2613.28,97.47,1950.29,1727.33,7723.219999999999,1,Promo modérée
28,2024-07-20,2029.45,2493.79,1000.8,184.63,2234.36,7943.030000000001,1,Promo modérée
28,2024-07-27,1250.34,1230.69,3322.03,695.97,3236.85,9735.88,1,Promo modérée
28,2024-08-03,2923.24,2237.53,1274.7,793.59,4341.08,11570.14,1,Promo modérée
28,2024-08-10,842.79,90.42,1165.93,3247.6,4200.71,9547.45,1,Promo modérée
28,2024-08-17,1672.22,1547.92,1175.12,213.9,627.2,5236.36,1,Promo modérée
28,2024-08-24,1162.53,1324.81,1759.13,1354.41,201.96,5802.84,1,Promo modérée
28,2024-08-31,1763.69,1941.41,932.15,928.38,1413.6,6979.23,1,Promo modérée
28,2024-09-07,3135.41,1554.18,5676.04,4055.81,7140.86,21562.3,1,Promo forte
28,2024-09-14,1231.53,917.06,2987.21,2190.62,829.19,8155.610000000001,1,Promo modérée
28,2024-09-21,3394.91,1832.67,311.65,2333.38,2198.33,10070.939999999999,1,Promo modérée
28,2024-09-28,2408.67,1159.1,2984.13,1976.63,3196.22,11724.749999999998,1,Promo modérée
28,2024-10-05,1172.46,77.27,1827.5,1140.58,4443.52,8661.33,1,Promo modérée
28,2024-10-12,1334.35,1681.95,1571.67,599.7,326.76,5514.43,1,Promo modérée
28,2024-10-19,810.53,1412.82,2955.1,1003.94,4143.44,10325.829999999998,1,Promo modérée
28,2024-10-26,4782.38,1266.86,202.25,2166.06,1320.35,9737.9,1,Promo modérée
28,2024-11-02,3506.34,867.5,150.52,1779.52,2199.08,8502.960000000001,1,Promo modérée
28,2024-11-09,2352.0,972.67,2973.55,1827.35,4112.8,12238.369999999999,1,Promo modérée
28,2024-11-16,1734.63,1221.4,734.36,3423.78,655.69,7769.860000000001,1,Promo modérée
28,2024-11-23,4202.27,3287.31,5283.3,4493.04,6244.07,23509.99,1,Promo forte
28,2024-11-30,10574.22,6252.83,6262.99,3984.28,2481.12,29555.44,1,Promo forte
28,2024-12-07,965.02,1073.39,2892.54,59.15,2885.69,7875.789999999999,1,Promo modérée
28,2024-12-14,709.18,1112.4,2829.02,2859.45,3880.72,11390.77,1,Promo modérée
28,2024-12-21,6365.16,2864.22,3280.76,3700.16,3611.99,19822.29,1,Promo modérée
29,2022-01-01,3893.16,3899.16,8016.72,6066.55,8338.19,30213.78,1,Promo forte
29,2022-01-08,1925.99,1145.63,2609.13,1406.31,2773.49,9860.55,1,Promo modérée
29,2022-01-15,3005.26,2921.99,3330.62,1700.23,1090.69,12048.789999999999,1,Promo modérée
29,2022-01-22,2786.19,761.49,3759.99,2201.09,1313.69,10822.45,1,Promo modérée
29,2022-01-29,3071.51,1811.61,1440.41,3280.95,2156.75,11761.23,1,Promo modérée
29,2022-02-05,3041.31,67.99,3480.8,2136.08,1329.17,10055.35,1,Promo modérée
29,2022-02-12,132.79,1073.22,496.89,78.27,3866.71,5647.88,1,Promo modérée
29,2022-02-19,3724.33,374.87,102.87,2055.31,60.6,6317.98,1,Promo modérée
29,2022-02-26,4821.73,1550.89,2290.05,2331.43,3588.85,14582.95,1,Promo modérée
29,2022-03-05,4115.67,2595.93,551.23,1899.31,3076.39,12238.529999999999,1,Promo modérée
29,2022-03-12,891.21,793.3,484.0,924.0,2215.79,5308.3,1,Promo modérée
29,2022-03-19,3109.85,1260.48,3937.42,2729.16,3637.63,14674.54,1,Promo modérée
29,2022-03-26,2237.11,1714.81,533.77,1599.12,166.25,6251.06,1,Promo modérée
29,2022-04-02,2345.78,167.61,180.08,552.62,4391.15,7637.24,1,Promo modérée
29,2022-04-09,4739.13,691.23,1819.56,3026.53,2482.93,12759.380000000001,1,Promo modérée
29,2022-04-16,4570.96,55.25,2523.96,2116.62,2602.85,11869.640000000001,1,Promo modérée
29,2022-04-23,577.61,149.7,114.11,515.22,3001.54,4358.18,1,Promo faible
29,2022-04-30,4442.49,2807.14,3686.92,2864.07,3097.06,16897.68,1,Promo modérée
29,2022-05-07,4608.21,1667.22,447.19,752.19,3834.72,11309.529999999999,1,Promo modérée
29,2022-05-14,1659.37,1548.41,2533.75,2315.7,5.83,8063.0599999999995,1,Promo modérée
29,2022-05-21,1835.32,1351.11,3397.22,49.58,533.78,7167.009999999999,1,Promo modérée
29,2022-05-28,2599.32,2924.94,2112.31,1307.28,1725.41,10669.26,1,Promo modérée
29,2022-06-04,2797.42,1070.24,960.81,3134.43,1724.2,9687.1,1,Promo modérée
29,2022-06-11,3263.74,2761.45,3328.19,2468.53,1415.57,13237.48,1,Promo modérée
29,2022-06-18,1259.05,555.05,928.9,209.13,4463.91,7416.04,1,Promo modérée
29,2022-06-25,4057.89,2534.3,931.16,1609.12,2856.81,11989.28,1,Promo modérée
29,2022-07-02,6402.69,5898.13,3321.31,2920.48,7731.56,26274.170000000002,1,Promo forte
29,2022-07-09,4703.62,2875.52,2010.33,1886.72,3260.82,14737.009999999998,1,Promo modérée
29,2022-07-16,1224.91,2498.75,2454.6,827.06,2934.18,9939.5,1,Promo modérée
29,2022-07-23,1284.41,2784.15,955.2,410.44,262.01,5696.21,1,Promo modérée
29,2022-07-30,1827.33,2202.47,1208.3,2395.29,1944.35,9577.74,1,Promo modérée
29,2022-08-06,1780.91,1374.65,2719.48,1607.92,2674.46,10157.420000000002,1,Promo modérée
29,2022-08-13,2909.25,215.07,1964.51,645.47,2174.47,7908.77,1,Promo modérée
29,2022-08-20,976.88,1981.97,3667.85,867.6,4204.34,11698.64,1,Promo modérée
29,2022-08-27,4155.44,580.26,905.76,294.44,704.42,6640.32,1,Promo modérée
29,2022-09-03,10654.87,329.16,553.84,5400.59,8786.63,25725.089999999997,1,Promo forte
29,2022-09-10,2547.26,1426.91,1376.98,2023.25,3279.67,10654.07,1,Promo modérée
29,2022-09-17,608.01,2357.57,2774.98,2687.75,686.08,9114.39,1,Promo modérée
29,2022-09-24,527.17,860.31,725.79,1717.34,4273.85,8104.46,1,Promo modérée
29,2022-10-01,1811.0,2972.52,749.65,1831.4,3585.17,10949.74,1,Promo modérée
29,2022-10-08,1370.97,2900.45,3567.74,748.14,526.62,9113.92,1,Promo modérée
29,2022-10-15,3755.77,1797.02,569.33,259.1,2682.12,9063.34,1,Promo modérée
29,2022-10-22,2118.54,2907.55,3182.3,118.2,3936.06,12262.65,1,Promo modérée
29,2022-10-29,2653.0,1969.88,2294.57,503.81,1157.56,8578.820000000002,1,Promo modérée
29,2022-11-05,38.46,935.66,219.39,1687.99,3698.11,6579.610000000001,1,Promo modérée
29,2022-11-12,3222.81,455.04,2619.16,499.5,1766.3,8562.81,1,Promo modérée
29,2022-11-19,2311.6,2575.46,749.09,1216.15,2140.99,8993.289999999999,1,Promo modérée
29,2022-11-26,5556.7,569.61,5517.59,4383.17,3352.11,19379.18,1,Promo modérée
29,2022-12-03,2887.46,2136.97,3424.07,2264.44,3100.54,13813.48,1,Promo modérée
29,2022-12-10,631.67,1457.05,384.65,945.51,2172.06,5590.9400000000005,1,Promo modérée
29,2022-12-17,4325.81,2626.37,3640.79,2240.09,908.07,13741.130000000001,1,Promo modérée
29,2022-12-24,5356.58,145.05,7980.83,2210.83,282.2,15975.49,1,Promo modérée
29,2022-12-31,7294.38,1591.19,4425.3,1983.91,9415.73,24710.51,1,Promo forte
29,2023-01-07,6600.93,4301.18,624.16,136.59,9284.63,20947.489999999998,1,Promo forte
29,2023-01-14,3665.36,1374.73,3426.44,974.89,917.2,10358.62,1,Promo modérée
29,2023-01-21,3177.88,1325.18,999.56,2674.7,811.94,8989.26,1,Promo modérée
29,2023-01-28,930.03,1207.14,886.21,475.98,1076.2,4575.56,1,Promo faible
29,2023-02-04,3291.19,2569.54,3735.83,503.95,3141.94,13242.45,1,Promo modérée
29,2023-02-11,1566.87,348.16,265.75,403.47,3939.64,6523.889999999999,1,Promo modérée
29,2023-02-18,3653.88,1956.81,1822.23,1339.49,4235.99,13008.4,1,Promo modérée
29,2023-02-25,2482.69,2273.91,2671.11,1801.85,3061.64,12291.2,1,Promo modérée
29,2023-03-04,569.87,343.38,142.63,3185.81,2720.51,6962.200000000001,1,Promo modérée
29,2023-03-11,2435.21,23.78,1033.85,381.77,2980.84,6855.450000000001,1,Promo modérée
29,2023-03-18,4791.85,2800.26,338.43,2895.78,2197.68,13024.000000000002,1,Promo modérée
29,2023-03-25,4489.1,1397.74,3480.63,2336.11,832.54,12536.120000000003,1,Promo modérée
29,2023-04-01,2731.89,1967.59,2984.37,784.91,1512.01,9980.77,1,Promo modérée
29,2023-04-08,2354.44,2254.6,349.54,1795.13,649.71,7403.42,1,Promo modérée
29,2023-04-15,1674.02,572.35,1861.29,3066.26,310.2,7484.12,1,Promo modérée
29,2023-04-22,1659.99,2462.88,3872.15,139.23,2561.78,10696.03,1,Promo modérée
29,2023-04-29,3884.4,223.31,1220.73,3353.14,4433.61,13115.189999999999,1,Promo modérée
29,2023-05-06,4623.5,2262.1,3058.11,943.49,1954.44,12841.640000000001,1,Promo modérée
29,2023-05-13,903.36,610.96,969.05,894.11,2050.72,5428.2,1,Promo modérée
29,2023-05-20,3937.38,2772.71,652.54,1497.56,1949.45,10809.640000000001,1,Promo modérée
29,2023-05-27,4977.4,2318.88,2320.04,541.12,2319.27,12476.710000000001,1,Promo modérée
29,2023-06-03,2253.62,2528.89,351.16,2081.16,2601.97,9816.8,1,Promo modérée
29,2023-06-10,2280.74,1506.19,2892.5,2338.21,1002.76,10020.4,1,Promo modérée
29,2023-06-17,4142.19,900.83,2541.73,377.65,4364.69,12327.09,1,Promo modérée
29,2023-06-24,605.64,1322.42,1198.85,1092.04,3504.55,7723.5,1,Promo modérée
29,2023-07-01,6895.7,2200.81,3759.67,7466.97,8723.75,29046.9,1,Promo forte
29,2023-07-08,3414.89,2572.96,3567.06,322.06,4343.48,14220.449999999999,1,Promo modérée
29,2023-07-15,4465.3,1201.72,1493.15,110.91,2082.26,9353.34,1,Promo modérée
29,2023-07-22,3863.94,181.53,2821.53,1326.29,187.18,8380.470000000001,1,Promo modérée
29,2023-07-29,3275.37,2192.57,3049.13,2062.03,1645.37,12224.470000000001,1,Promo modérée
29,2023-08-05,561.55,667.61,2682.67,605.27,3510.55,8027.650000000001,1,Promo modérée
29,2023-08-12,3700.97,252.15,1660.96,2450.16,4305.08,12369.32,1,Promo modérée
29,2023-08-19,4856.9,683.74,1277.39,3178.11,3306.79,13302.93,1,Promo modérée
29,2023-08-26,242.83,2453.5,2406.23,3346.35,4320.15,12769.06,1,Promo modérée
29,2023-09-02,8958.9,6364.84,5439.14,1975.54,248.56,22986.980000000003,1,Promo forte
29,2023-09-09,4378.52,1184.69,1233.08,1780.95,1990.23,10567.470000000001,1,Promo modérée
29,2023-09-16,4993.75,1944.51,1001.85,835.85,259.68,9035.640000000001,1,Promo modérée
29,2023-09-23,3490.61,2551.06,685.08,1532.23,1131.66,9390.64,1,Promo modérée
29,2023-09-30,2043.83,560.49,3868.47,2039.55,3906.43,12418.769999999999,1,Promo modérée
29,2023-10-07,3806.23,2286.03,3983.55,2733.28,653.7,13462.790000000003,1,Promo modérée
29,2023-10-14,2633.49,2833.35,2357.23,1830.15,321.41,9975.63,1,Promo modérée
29,2023-10-21,4050.43,1882.76,3836.24,833.48,2451.76,13054.67,1,Promo modérée
29,2023-10-28,3124.02,243.65,2971.95,2472.83,3962.06,12774.51,1,Promo modérée
29,2023-11-04,3237.23,141.39,1495.99,289.95,15.15,5179.709999999999,1,Promo modérée
29,2023-11-11,4555.5,2769.11,3418.04,1905.29,336.16,12984.100000000002,1,Promo modérée
29,2023-11-18,1640.77,1932.37,3227.95,2560.9,2770.21,12132.2,1,Promo modérée
29,2023-11-25,1277.49,1236.16,5988.14,2995.2,5576.6,17073.590000000004,1,Promo modérée
29,2023-12-02,2706.48,370.57,3368.06,2959.07,1347.78,10751.960000000001,1,Promo modérée
29,2023-12-09,3402.97,2034.38,2455.95,3067.96,1702.26,12663.52,1,Promo modérée
29,2023-12-16,2969.97,97.13,2269.74,1075.89,3992.16,10404.89,1,Promo modérée
29,2023-12-23,4821.01,3147.41,5701.73,1541.53,877.64,16089.32,1,Promo modérée
29,2023-12-30,2409.25,4481.22,5402.74,5300.03,3187.39,20780.629999999997,1,Promo forte
29,2024-01-06,10772.05,4366.18,8314.36,4169.61,3042.1,30664.3,1,Promo forte
29,2024-01-13,4418.86,1280.09,1093.69,27.94,4367.56,11188.14,1,Promo modérée
29,2024-01-20,4659.25,1158.2,2219.41,345.2,4343.92,12725.98,1,Promo modérée
29,2024-01-27,2176.83,879.93,2111.17,187.06,4463.49,9818.48,1,Promo modérée
29,2024-02-03,1110.26,2987.03,3088.51,873.82,303.5,8363.119999999999,1,Promo modérée
29,2024-02-10,3396.31,1444.24,3770.62,2378.73,4020.39,15010.289999999999,1,Promo modérée
29,2024-02-17,4858.89,2888.57,3041.55,1823.67,3513.51,16126.190000000002,1,Promo modérée
29,2024-02-24,1328.74,609.88,1095.24,2182.7,657.29,5873.849999999999,1,Promo modérée
29,2024-03-02,2530.32,1135.2,3512.62,1288.88,3865.5,12332.52,1,Promo modérée
29,2024-03-09,735.78,259.59,966.79,2577.94,3771.0,8311.1,1,Promo modérée
29,2024-03-16,3113.81,2661.63,163.57,3448.29,3721.9,13109.199999999999,1,Promo modérée
29,2024-03-23,3850.96,1054.8,2455.69,1179.23,4365.29,12905.970000000001,1,Promo modérée
29,2024-03-30,1218.0,1738.45,1926.87,2700.57,1705.87,9289.759999999998,1,Promo modérée
29,2024-04-06,595.28,97.56,2131.89,2351.66,570.28,5746.669999999999,1,Promo modérée
29,2024-04-13,3775.68,50.27,587.79,3485.4,3300.95,11200.09,1,Promo modérée
29,2024-04-20,1623.51,1473.87,2552.22,251.64,4256.08,10157.32,1,Promo modérée
29,2024-04-27,196.3,2055.01,1540.01,2675.67,308.45,6775.4400000000005,1,Promo modérée
29,2024-05-04,2289.73,2456.63,3661.56,2529.12,1931.53,12868.570000000002,1,Promo modérée
29,2024-05-11,4654.85,2432.13,587.19,2616.74,3665.67,13956.58,1,Promo modérée
29,2024-05-18,47.76,1718.35,1892.79,3368.07,4057.69,11084.66,1,Promo modérée
29,2024-05-25,148.3,707.44,3550.03,454.23,231.18,5091.18,1,Promo modérée
29,2024-06-01,3767.62,1312.11,3786.47,1493.22,1575.43,11934.849999999999,1,Promo modérée
29,2024-06-08,2311.24,2694.98,188.17,2743.54,2043.98,9981.91,1,Promo modérée
29,2024-06-15,4639.74,1474.37,3330.94,2561.81,1488.06,13494.919999999998,1,Promo modérée
29,2024-06-22,4963.19,1911.77,1336.98,875.08,942.67,10029.689999999999,1,Promo modérée
29,2024-06-29,3035.0,439.2,177.37,121.21,1203.23,4976.01,1,Promo faible
29,2024-07-06,9168.97,3332.65,805.46,2277.39,9636.06,25220.53,1,Promo forte
29,2024-07-13,2407.32,1230.41,2117.43,812.68,517.18,7085.02,1,Promo modérée
29,2024-07-20,2189.48,881.93,3412.44,1597.72,2624.9,10706.470000000001,1,Promo modérée
29,2024-07-27,433.78,1787.44,39.48,729.82,3514.81,6505.33,1,Promo modérée
29,2024-08-03,2085.56,1726.49,1801.66,2171.32,1818.44,9603.470000000001,1,Promo modérée
29,2024-08-10,4237.25,2229.08,197.81,704.24,1313.97,8682.35,1,Promo modérée
29,2024-08-17,1881.05,550.13,2181.17,1673.01,1424.23,7709.59,1,Promo modérée
29,2024-08-24,2702.19,1332.35,785.3,45.38,679.18,5544.400000000001,1,Promo modérée
29,2024-08-31,1647.25,1614.04,2895.47,1677.6,278.86,8113.22,1,Promo modérée
29,2024-09-07,3605.07,5854.37,792.17,7303.58,8481.05,26036.24,1,Promo forte
29,2024-09-14,671.86,333.73,1310.84,2905.76,1133.83,6356.02,1,Promo modérée
29,2024-09-21,1477.13,2541.9,2058.01,2262.66,580.65,8920.35,1,Promo modérée
29,2024-09-28,2543.24,1522.61,469.0,1365.96,3836.09,9736.9,1,Promo modérée
29,2024-10-05,2732.49,451.49,869.93,1002.43,1731.81,6788.15,1,Promo modérée
29,2024-10-12,3679.87,1680.84,1759.63,3315.15,4007.93,14443.42,1,Promo modérée
29,2024-10-19,2047.3,260.23,3976.59,579.71,1131.8,7995.63,1,Promo modérée
29,2024-10-26,4982.3,157.53,3113.77,447.97,89.26,8790.83,1,Promo modérée
29,2024-11-02,843.75,2719.52,1081.44,1556.5,4026.34,10227.55,1,Promo modérée
29,2024-11-09,2911.91,690.94,3962.14,974.11,3524.88,12063.98,1,Promo modérée
29,2024-11-16,1224.16,445.18,906.67,878.83,2268.38,5723.22,1,Promo modérée
29,2024-11-23,6316.59,6431.97,872.52,6322.87,5006.36,24950.31,1,Promo forte
29,2024-11-30,6950.29,295.45,5181.32,5579.35,3527.63,21534.04,1,Promo forte
29,2024-12-07,833.44,57.52,1064.94,1072.41,4478.5,7506.81,1,Promo modérée
29,2024-12-14,743.92,1512.12,1597.56,1136.18,3701.72,8691.5,1,Promo modérée
29,2024-12-21,5916.31,3903.63,7887.38,7258.26,7195.43,32161.010000000002,1,Promo forte
30,2022-01-01,7237.42,2411.95,3677.35,388.37,9150.25,22865.34,1,Promo forte
30,2022-01-08,4000.63,2411.45,239.38,1442.5,3109.61,11203.57,1,Promo modérée
30,2022-01-15,2059.91,85.39,598.5,1792.89,2581.14,7117.83,1,Promo modérée
30,2022-01-22,1938.31,449.43,3031.88,1987.3,1740.1,9147.02,1,Promo modérée
30,2022-01-29,2512.01,2690.17,3181.32,99.82,3965.67,12448.99,1,Promo modérée
30,2022-02-05,1266.59,483.96,1946.49,326.88,3535.26,7559.18,1,Promo modérée
30,2022-02-12,2464.19,1319.68,3045.54,220.14,1650.06,8699.61,1,Promo modérée
30,2022-02-19,1501.0,2975.91,1304.79,718.14,3701.87,10201.71,1,Promo modérée
30,2022-02-26,2952.78,103.5,3275.37,681.98,1315.54,8329.169999999998,1,Promo modérée
30,2022-03-05,3266.99,312.48,1206.0,1775.43,1372.25,7933.15,1,Promo modérée
30,2022-03-12,3825.06,1882.62,15.14,1330.92,1307.19,8360.93,1,Promo modérée
30,2022-03-19,4238.54,642.65,697.62,3110.76,2230.67,10920.24,1,Promo modérée
30,2022-03-26,776.85,2050.15,3187.61,165.81,4442.38,10622.800000000001,1,Promo modérée
30,2022-04-02,1102.83,1482.46,3127.57,2310.46,1961.71,9985.03,1,Promo modérée
30,2022-04-09,3227.51,2311.53,3936.61,3392.07,4111.92,16979.64,1,Promo modérée
30,2022-04-16,981.24,7.59,722.14,1661.65,1769.96,5142.58,1,Promo modérée
30,2022-04-23,2226.71,816.69,490.74,2352.1,3787.83,9674.07,1,Promo modérée
30,2022-04-30,3214.32,1560.16,112.73,1397.35,3531.55,9816.11,1,Promo modérée
30,2022-05-07,1263.68,1063.92,3578.15,1776.69,3069.81,10752.25,1,Promo modérée
30,2022-05-14,3741.69,697.85,1301.4,2485.45,1072.77,9299.16,1,Promo modérée
30,2022-05-21,2229.54,1821.53,2705.11,3486.69,3072.11,13314.980000000001,1,Promo modérée
30,2022-05-28,2803.41,1075.99,386.79,1072.57,3034.6,8373.359999999999,1,Promo modérée
30,2022-06-04,3336.63,1648.35,3706.84,131.89,2115.17,10938.88,1,Promo modérée
30,2022-06-11,1991.16,2435.34,1122.03,22.07,3848.58,9419.18,1,Promo modérée
30,2022-06-18,386.1,2442.55,1622.37,1714.73,1190.81,7356.5599999999995,1,Promo modérée
30,2022-06-25,2133.62,2970.1,1179.82,24.42,3454.28,9762.24,1,Promo modérée
30,2022-07-02,1129.31,5127.61,7427.2,6970.82,5382.57,26037.51,1,Promo forte
30,2022-07-09,2737.8,1437.59,3984.5,1181.46,397.21,9738.56,1,Promo modérée
30,2022-07-16,3096.42,2832.02,2890.82,750.87,4370.12,13940.25,1,Promo modérée
30,2022-07-23,344.46,2090.18,1447.72,274.14,4207.64,8364.14,1,Promo modérée
30,2022-07-30,4142.38,1292.49,2287.83,3401.55,3810.28,14934.53,1,Promo modérée
30,2022-08-06,2941.83,2953.59,3788.72,2913.54,477.96,13075.64,1,Promo modérée
30,2022-08-13,4282.62,336.98,3665.75,3220.71,60.59,11566.650000000001,1,Promo modérée
30,2022-08-20,1865.54,1046.67,3036.01,1253.37,4304.6,11506.19,1,Promo modérée
30,2022-08-27,2897.01,1122.63,663.97,190.96,478.57,5353.14,1,Promo modérée
30,2022-09-03,828.38,462.35,5469.82,4553.74,410.63,11724.919999999998,1,Promo modérée
30,2022-09-10,1414.0,1298.34,3170.97,3228.95,4010.95,13123.21,1,Promo modérée
30,2022-09-17,4199.7,934.6,651.4,1326.41,1297.83,8409.939999999999,1,Promo modérée
30,2022-09-24,432.39,780.8,1756.44,2082.88,1474.53,6527.04,1,Promo modérée
30,2022-10-01,4246.3,1247.2,1775.26,2072.61,554.27,9895.640000000001,1,Promo modérée
30,2022-10-08,487.13,2465.54,3952.91,1307.92,2274.89,10488.39,1,Promo modérée
30,2022-10-15,3261.84,1147.16,877.33,838.89,3602.09,9727.310000000001,1,Promo modérée
30,2022-10-22,2528.69,2693.58,2472.37,2760.14,2703.08,13157.86,1,Promo modérée
30,2022-10-29,2758.87,1574.9,1264.76,809.33,332.26,6740.120000000001,1,Promo modérée
30,2022-11-05,2832.24,291.23,3198.45,896.46,2487.18,9705.56,1,Promo modérée
30,2022-11-12,486.69,826.88,3989.19,1407.32,3887.5,10597.58,1,Promo modérée
30,2022-11-19,2552.22,2643.43,171.55,1774.22,229.55,7370.97,1,Promo modérée
30,2022-11-26,1832.33,3102.43,8782.72,2741.56,4232.52,20691.56,1,Promo forte
30,2022-12-03,3518.34,1425.27,2447.12,188.9,4004.85,11584.48,1,Promo modérée
30,2022-12-10,1686.67,2933.71,1113.76,3320.32,703.01,9757.470000000001,1,Promo modérée
30,2022-12-17,436.05,2959.04,3046.61,12.97,1006.41,7461.080000000001,1,Promo modérée
30,2022-12-24,7190.17,3940.45,5615.89,1771.76,3695.57,22213.839999999997,1,Promo forte
30,2022-12-31,2270.21,2882.96,1590.56,4727.64,8395.5,19866.87,1,Promo modérée
30,2023-01-07,3154.87,1447.13,3938.43,7652.9,4085.41,20278.739999999998,1,Promo forte
30,2023-01-14,3940.76,2529.47,3285.12,2926.86,3004.44,15686.65,1,Promo modérée
30,2023-01-21,1482.54,1031.12,2205.13,183.55,3505.37,8407.71,1,Promo modérée
30,2023-01-28,1427.84,1104.27,3726.6,2965.21,3834.86,13058.779999999999,1,Promo modérée
30,2023-02-04,321.84,86.18,700.12,3251.8,2725.04,7084.9800000000005,1,Promo modérée
30,2023-02-11,3648.49,2279.54,1281.51,1634.62,3983.45,12827.61,1,Promo modérée
30,2023-02-18,652.05,1744.17,2145.55,3299.42,3126.42,10967.61,1,Promo modérée
30,2023-02-25,3267.35,1695.43,429.83,199.7,1696.58,7288.889999999999,1,Promo modérée
30,2023-03-04,4290.5,1489.75,2000.1,2359.45,513.41,10653.21,1,Promo modérée
30,2023-03-11,2908.21,310.05,2293.38,2091.75,3551.37,11154.76,1,Promo modérée
30,2023-03-18,956.91,2611.8,585.0,2944.11,1247.75,8345.57,1,Promo modérée
30,2023-03-25,1176.19,2042.38,3583.16,2642.3,3756.56,13200.589999999998,1,Promo modérée
30,2023-04-01,3957.99,966.21,3983.2,1318.35,1317.57,11543.32,1,Promo modérée
30,2023-04-08,1471.56,886.2,184.26,861.06,1885.41,5288.490000000001,1,Promo modérée
30,2023-04-15,3891.65,1316.38,1163.1,1066.77,2494.97,9932.87,1,Promo modérée
30,2023-04-22,843.68,537.32,1788.28,144.97,2148.85,5463.099999999999,1,Promo modérée
30,2023-04-29,772.47,232.68,2523.11,34.83,3607.97,7171.0599999999995,1,Promo modérée
30,2023-05-06,517.7,526.87,3418.73,2470.23,891.44,7824.970000000001,1,Promo modérée
30,2023-05-13,4324.27,1339.33,3591.04,320.6,788.91,10364.15,1,Promo modérée
30,2023-05-20,1913.5,30.95,104.42,189.9,2673.32,4912.09,1,Promo faible
30,2023-05-27,3369.91,2682.48,655.32,751.55,2582.16,10041.419999999998,1,Promo modérée
30,2023-06-03,269.19,2281.35,930.03,1307.87,401.81,5190.25,1,Promo modérée
30,2023-06-10,1865.31,311.7,3049.27,2754.31,3761.53,11742.12,1,Promo modérée
30,2023-06-17,2222.82,2912.33,3872.72,3168.22,1620.4,13796.489999999998,1,Promo modérée
30,2023-06-24,1398.06,2500.05,2317.68,1564.03,3894.4,11674.22,1,Promo modérée
30,2023-07-01,446.01,3043.36,4897.12,3793.94,8389.36,20569.79,1,Promo forte
30,2023-07-08,433.61,600.46,3044.66,43.15,4358.37,8480.25,1,Promo modérée
30,2023-07-15,420.66,1095.66,624.88,1840.76,2478.29,6460.25,1,Promo modérée
30,2023-07-22,1667.86,2541.27,583.45,2195.4,58.89,7046.87,1,Promo modérée
30,2023-07-29,3302.81,703.76,1123.22,2395.6,2422.31,9947.699999999999,1,Promo modérée
30,2023-08-05,3737.6,1566.3,818.99,1957.75,2679.56,10760.199999999999,1,Promo modérée
30,2023-08-12,4265.92,2538.2,701.24,217.46,3203.39,10926.21,1,Promo modérée
30,2023-08-19,1303.09,973.55,2081.59,2815.59,2243.9,9417.72,1,Promo modérée
30,2023-08-26,3921.91,760.64,793.18,3061.45,2514.92,11052.1,1,Promo modérée
30,2023-09-02,7076.17,4364.65,3109.18,1103.25,5467.47,21120.72,1,Promo forte
30,2023-09-09,272.04,2683.57,1308.86,2212.77,4122.23,10599.47,1,Promo modérée
30,2023-09-16,4060.47,1829.58,2634.81,515.44,2115.75,11156.05,1,Promo modérée
30,2023-09-23,86.88,1190.77,1288.74,1471.51,4190.49,8228.39,1,Promo modérée
30,2023-09-30,3287.88,1450.87,851.04,99.94,1195.47,6885.2,1,Promo modérée
30,2023-10-07,3980.62,2980.06,2866.44,2550.1,4092.91,16470.13,1,Promo modérée
30,2023-10-14,3928.39,2437.47,1590.07,1894.46,2429.62,12280.009999999998,1,Promo modérée
30,2023-10-21,1730.44,558.25,2827.66,3052.03,2600.62,10769.0,1,Promo modérée
30,2023-10-28,1393.37,1068.61,922.38,924.92,1159.55,5468.83,1,Promo modérée
30,2023-11-04,917.11,2430.13,1888.78,536.31,750.96,6523.29,1,Promo modérée
30,2023-11-11,2302.61,1909.45,3517.13,1945.54,1245.31,10920.039999999999,1,Promo modérée
30,2023-11-18,2407.7,2096.87,1232.9,2341.87,2614.82,10694.16,1,Promo modérée
30,2023-11-25,8846.91,4871.47,6966.82,4935.36,3755.77,29376.33,1,Promo forte
30,2023-12-02,1851.68,1891.12,1996.26,1817.64,3321.03,10877.730000000001,1,Promo modérée
30,2023-12-09,4424.47,493.49,1237.91,988.2,4218.52,11362.59,1,Promo modérée
30,2023-12-16,4440.1,1180.1,544.32,2050.03,944.71,9159.260000000002,1,Promo modérée
30,2023-12-23,5214.05,1940.41,6774.1,1389.81,2408.59,17726.96,1,Promo modérée
30,2023-12-30,1021.3,5562.58,7060.01,5166.66,1941.4,20751.95,1,Promo forte
30,2024-01-06,5669.91,1041.16,3905.87,1541.04,8278.24,20436.22,1,Promo forte
30,2024-01-13,3788.99,172.73,268.35,1929.19,1924.74,8084.0,1,Promo modérée
30,2024-01-20,120.51,354.69,1245.27,1782.02,972.61,4475.099999999999,1,Promo faible
30,2024-01-27,4719.33,1855.69,3226.15,423.89,1209.69,11434.75,1,Promo modérée
30,2024-02-03,1900.93,23.25,951.22,1591.45,1455.27,5922.120000000001,1,Promo modérée
30,2024-02-10,2022.75,2194.45,653.33,427.2,3777.54,9075.27,1,Promo modérée
30,2024-02-17,17.45,2813.92,56.47,2318.0,1453.01,6658.85,1,Promo modérée
30,2024-02-24,4653.53,259.24,3201.01,450.35,361.25,8925.38,1,Promo modérée
30,2024-03-02,1316.19,1392.93,2498.64,3042.44,13.87,8264.070000000002,1,Promo modérée
30,2024-03-09,4680.41,2247.92,2572.25,2967.9,262.84,12731.32,1,Promo modérée
30,2024-03-16,2517.87,687.8,2593.55,3107.45,1482.81,10389.48,1,Promo modérée
30,2024-03-23,1697.35,1260.15,364.91,3031.41,4311.31,10665.130000000001,1,Promo modérée
30,2024-03-30,1261.5,115.3,3558.82,2788.57,3730.53,11454.720000000001,1,Promo modérée
30,2024-04-06,4213.71,2996.27,3597.13,2716.67,3363.79,16887.57,1,Promo modérée
30,2024-04-13,3840.25,2758.52,1365.41,2740.44,1231.75,11936.37,1,Promo modérée
30,2024-04-20,4066.16,2677.11,3604.48,184.42,553.08,11085.25,1,Promo modérée
30,2024-04-27,1613.53,1148.59,3044.13,166.55,956.88,6929.68,1,Promo modérée
30,2024-05-04,3313.3,221.54,1146.23,1486.76,3857.46,10025.29,1,Promo modérée
30,2024-05-11,4671.83,635.15,1951.7,252.98,2527.71,10039.369999999999,1,Promo modérée
30,2024-05-18,4013.18,1899.09,2288.92,2432.31,647.96,11281.46,1,Promo modérée
30,2024-05-25,3183.07,2636.86,1183.64,2621.32,2692.76,12317.650000000001,1,Promo modérée
30,2024-06-01,2411.32,1465.92,2472.04,3094.06,780.93,10224.27,1,Promo modérée
30,2024-06-08,40.86,366.31,2933.38,922.05,3254.31,7516.91,1,Promo modérée
30,2024-06-15,1000.44,801.56,3475.0,2695.02,8.3,7980.320000000001,1,Promo modérée
30,2024-06-22,311.38,2279.31,1868.81,2096.72,1914.09,8470.31,1,Promo modérée
30,2024-06-29,1878.59,1671.95,2420.73,2023.54,3118.23,11113.04,1,Promo modérée
30,2024-07-06,6516.66,2552.56,5491.9,5005.86,5791.19,25358.17,1,Promo forte
30,2024-07-13,3753.94,2091.59,613.12,1608.13,499.28,8566.060000000001,1,Promo modérée
30,2024-07-20,4462.48,2261.49,2258.92,2093.65,1442.62,12519.16,1,Promo modérée
30,2024-07-27,822.17,2171.21,738.51,3413.51,1649.63,8795.03,1,Promo modérée
30,2024-08-03,4155.12,1971.18,881.12,228.93,3487.47,10723.82,1,Promo modérée
30,2024-08-10,3460.84,1973.11,1264.12,3064.33,3464.12,13226.52,1,Promo modérée
30,2024-08-17,4482.07,706.49,1051.04,3435.03,1064.52,10739.15,1,Promo modérée
30,2024-08-24,2380.77,2499.28,1314.34,1087.02,4141.18,11422.59,1,Promo modérée
30,2024-08-31,438.8,1145.9,536.64,1673.25,2740.0,6534.59,1,Promo modérée
30,2024-09-07,2722.34,2768.18,8132.21,1560.02,4092.11,19274.86,1,Promo modérée
30,2024-09-14,82.6,966.97,598.77,1919.64,4044.51,7612.49,1,Promo modérée
30,2024-09-21,2438.05,2771.02,2944.87,3476.72,3920.52,15551.18,1,Promo modérée
30,2024-09-28,1205.15,1191.97,445.86,622.18,2252.74,5717.9,1,Promo modérée
30,2024-10-05,979.51,1975.22,3393.3,1396.0,2477.97,10222.0,1,Promo modérée
30,2024-10-12,3423.1,160.04,951.27,2379.85,1221.37,8135.63,1,Promo modérée
30,2024-10-19,4626.45,2388.96,3536.58,1541.68,3701.53,15795.2,1,Promo modérée
30,2024-10-26,4870.48,2599.49,3104.81,3303.45,1889.19,15767.42,1,Promo modérée
30,2024-11-02,3582.62,2549.44,1653.34,1906.69,48.0,9740.09,1,Promo modérée
30,2024-11-09,1217.32,1032.25,2865.66,2134.01,313.07,7562.3099999999995,1,Promo modérée
30,2024-11-16,4989.61,241.01,2966.94,1894.66,386.73,10478.949999999999,1,Promo modérée
30,2024-11-23,7748.39,4325.48,2336.73,596.69,9061.69,24068.98,1,Promo forte
30,2024-11-30,5231.94,332.68,8738.26,3446.68,9891.19,27640.75,1,Promo forte
30,2024-12-07,2160.03,234.33,3821.85,298.03,3470.33,9984.57,1,Promo modérée
30,2024-12-14,3710.87,2059.31,1754.23,835.15,3059.38,11418.939999999999,1,Promo modérée
30,2024-12-21,737.1,526.03,8068.51,4987.34,3230.71,17549.69,1,Promo modérée
31,2022-01-01,2674.23,761.21,1982.4,3666.42,493.58,9577.84,1,Promo modérée
31,2022-01-08,4021.18,1841.77,809.98,386.01,3869.55,10928.490000000002,1,Promo modérée
31,2022-01-15,4954.85,2609.19,2433.78,2918.53,2117.41,15033.760000000002,1,Promo modérée
31,2022-01-22,4304.6,2860.22,2925.46,1442.21,931.43,12463.919999999998,1,Promo modérée
31,2022-01-29,3418.73,942.17,2194.99,1194.38,3134.29,10884.56,1,Promo modérée
31,2022-02-05,3851.94,1626.72,3804.25,191.7,1310.2,10784.810000000001,1,Promo modérée
31,2022-02-12,1427.97,1567.98,3984.52,1275.02,705.72,8961.21,1,Promo modérée
31,2022-02-19,3447.45,2742.87,802.06,2874.13,4271.7,14138.21,1,Promo modérée
31,2022-02-26,1063.56,1335.67,2311.97,594.49,3217.11,8522.8,1,Promo modérée
31,2022-03-05,3096.94,821.35,3034.42,2318.75,3776.16,13047.619999999999,1,Promo modérée
31,2022-03-12,1836.06,2892.9,1607.48,510.78,3981.78,10829.0,1,Promo modérée
31,2022-03-19,2982.0,1411.07,3652.69,2331.14,598.64,10975.539999999999,1,Promo modérée
31,2022-03-26,3971.17,2399.44,512.2,60.32,2616.34,9559.470000000001,1,Promo modérée
31,2022-04-02,3266.46,84.46,354.39,2537.6,3432.79,9675.7,1,Promo modérée
31,2022-04-09,3339.54,1435.41,2410.09,1971.0,3433.5,12589.54,1,Promo modérée
31,2022-04-16,2155.56,531.22,3932.16,1726.84,491.62,8837.4,1,Promo modérée
31,2022-04-23,863.37,1103.77,647.31,1355.32,2532.6,6502.369999999999,1,Promo modérée
31,2022-04-30,717.08,758.02,802.85,2475.98,3689.85,8443.78,1,Promo modérée
31,2022-05-07,3025.42,140.68,3630.45,279.84,2262.19,9338.58,1,Promo modérée
31,2022-05-14,2848.36,2037.13,354.08,1707.71,4040.36,10987.64,1,Promo modérée
31,2022-05-21,1187.64,1176.88,1331.85,1116.25,410.24,5222.860000000001,1,Promo modérée
31,2022-05-28,1982.51,2469.95,3720.16,19.66,356.39,8548.67,1,Promo modérée
31,2022-06-04,1841.46,1245.85,2763.53,493.37,3975.35,10319.56,1,Promo modérée
31,2022-06-11,199.62,1294.29,2521.25,245.8,1994.82,6255.78,1,Promo modérée
31,2022-06-18,617.52,248.16,1607.56,3106.32,3848.71,9428.27,1,Promo modérée
31,2022-06-25,850.53,903.47,908.47,2179.52,2632.05,7474.04,1,Promo modérée
31,2022-07-02,5196.97,6579.95,2483.99,3034.86,6696.99,23992.760000000002,1,Promo forte
31,2022-07-09,2114.62,860.18,2710.95,861.26,1729.3,8276.31,1,Promo modérée
31,2022-07-16,3136.33,1444.49,2641.36,2665.04,2162.77,12049.990000000002,1,Promo modérée
31,2022-07-23,1502.72,552.87,1248.07,1486.87,231.98,5022.509999999999,1,Promo modérée
31,2022-07-30,1669.02,2806.34,411.04,3241.12,389.46,8516.98,1,Promo modérée
31,2022-08-06,4762.54,141.77,964.45,1624.65,3402.26,10895.67,1,Promo modérée
31,2022-08-13,2855.84,2072.76,152.27,1545.52,3536.37,10162.760000000002,1,Promo modérée
31,2022-08-20,649.98,732.42,118.39,3439.8,1062.62,6003.21,1,Promo modérée
31,2022-08-27,490.98,1182.85,3867.3,2443.92,3181.05,11166.1,1,Promo modérée
31,2022-09-03,1088.89,5805.65,1980.73,3058.96,3420.22,15354.449999999999,1,Promo modérée
31,2022-09-10,2198.23,6.67,1658.01,1807.16,309.94,5980.009999999999,1,Promo modérée
31,2022-09-17,2901.55,1137.73,2174.96,1646.87,216.67,8077.78,1,Promo modérée
31,2022-09-24,4977.66,2832.76,3942.79,53.36,3282.51,15089.08,1,Promo modérée
31,2022-10-01,2366.3,795.28,1155.22,3434.11,3999.84,11750.75,1,Promo modérée
31,2022-10-08,4536.05,1656.29,2771.57,2617.81,917.15,12498.869999999999,1,Promo modérée
31,2022-10-15,3008.23,1058.47,2796.82,3087.17,3473.51,13424.2,1,Promo modérée
31,2022-10-22,1464.76,2802.07,3629.24,545.39,3701.79,12143.25,1,Promo modérée
31,2022-10-29,2589.42,208.2,187.06,427.39,1332.86,4744.929999999999,1,Promo faible
31,2022-11-05,1551.95,2815.36,2451.4,1733.58,3005.29,11557.580000000002,1,Promo modérée
31,2022-11-12,4987.66,2735.84,2738.64,2493.27,4256.94,17212.35,1,Promo modérée
31,2022-11-19,4151.61,759.59,2255.14,1418.8,1555.23,10140.369999999999,1,Promo modérée
31,2022-11-26,7309.29,6497.88,3498.31,4243.47,5281.88,26830.83,1,Promo forte
31,2022-12-03,544.54,574.12,1704.89,2274.15,2325.71,7423.410000000001,1,Promo modérée
31,2022-12-10,3631.14,2857.35,2360.82,26.8,1309.18,10185.289999999999,1,Promo modérée
31,2022-12-17,1160.86,1558.17,2636.59,3456.29,140.86,8952.77,1,Promo modérée
31,2022-12-24,0.18,3872.45,7629.06,2497.09,9249.27,23248.050000000003,1,Promo forte
31,2022-12-31,3874.27,3101.97,7349.97,776.55,6251.65,21354.409999999996,1,Promo forte
31,2023-01-07,6980.34,3958.42,6353.77,1042.65,8853.34,27188.52,1,Promo forte
31,2023-01-14,203.55,416.51,1086.69,3087.37,3850.8,8644.92,1,Promo modérée
31,2023-01-21,4979.83,770.52,2956.45,1459.71,613.1,10779.609999999999,1,Promo modérée
31,2023-01-28,1027.66,1345.74,2048.98,1444.75,890.63,6757.76,1,Promo modérée
31,2023-02-04,807.35,818.11,315.3,474.77,1128.07,3543.5999999999995,1,Promo faible
31,2023-02-11,627.93,833.5,2753.65,827.4,773.27,5815.75,1,Promo modérée
31,2023-02-18,2711.63,1951.86,2369.85,3071.68,3898.78,14003.800000000001,1,Promo modérée
31,2023-02-25,4023.42,529.77,1116.84,2672.58,2121.64,10464.25,1,Promo modérée
31,2023-03-04,4315.67,1404.72,2507.38,2309.66,853.75,11391.18,1,Promo modérée
31,2023-03-11,429.15,1397.4,302.5,298.38,2199.98,4627.41,1,Promo faible
31,2023-03-18,2164.98,1930.6,1218.96,1544.58,1769.97,8629.09,1,Promo modérée
31,2023-03-25,2686.44,1008.47,3903.38,1949.36,4000.55,13548.2,1,Promo modérée
31,2023-04-01,2356.37,729.17,890.68,2821.07,311.03,7108.32,1,Promo modérée
31,2023-04-08,3527.03,1050.09,1933.5,2914.67,2354.19,11779.480000000001,1,Promo modérée
31,2023-04-15,2657.68,1009.34,2855.15,2172.88,1048.09,9743.14,1,Promo modérée
31,2023-04-22,1590.99,2479.14,2625.11,2658.25,1865.96,11219.45,1,Promo modérée
31,2023-04-29,415.94,326.43,3976.75,3399.87,3472.66,11591.65,1,Promo modérée
31,2023-05-06,2156.75,108.27,1812.63,1679.28,2996.02,8752.95,1,Promo modérée
31,2023-05-13,2857.41,608.17,1573.99,2401.59,1853.14,9294.3,1,Promo modérée
31,2023-05-20,3823.89,1930.04,3541.05,2624.94,277.26,12197.18,1,Promo modérée
31,2023-05-27,3961.09,1730.79,1661.95,2261.95,646.29,10262.07,1,Promo modérée
31,2023-06-03,3987.82,1531.65,236.71,3215.14,3454.72,12426.039999999999,1,Promo modérée
31,2023-06-10,2674.97,1959.46,1123.0,685.01,1229.94,7672.380000000001,1,Promo modérée
31,2023-06-17,2616.98,1153.72,1201.58,1796.2,1428.83,8197.31,1,Promo modérée
31,2023-06-24,3564.87,2445.22,806.76,3482.93,2140.97,12440.75,1,Promo modérée
31,2023-07-01,2390.47,2783.41,1124.03,1400.13,7058.34,14756.38,1,Promo modérée
31,2023-07-08,1656.81,378.82,3686.25,2493.13,1513.77,9728.78,1,Promo modérée
31,2023-07-15,3597.99,1494.48,3543.36,632.38,2033.85,11302.06,1,Promo modérée
31,2023-07-22,1834.02,1440.6,2432.47,1289.37,477.06,7473.52,1,Promo modérée
31,2023-07-29,4170.93,1047.1,3323.95,1866.16,715.73,11123.869999999999,1,Promo modérée
31,2023-08-05,26.92,949.29,1341.78,2205.73,895.69,5419.41,1,Promo modérée
31,2023-08-12,2075.47,1407.08,3007.16,1680.09,410.77,8580.57,1,Promo modérée
31,2023-08-19,1418.08,1821.58,1418.6,2476.99,1760.5,8895.75,1,Promo modérée
31,2023-08-26,1023.89,2252.77,1286.63,2538.53,1682.52,8784.34,1,Promo modérée
31,2023-09-02,7421.39,2002.95,4033.42,1100.66,9119.97,23678.39,1,Promo forte
31,2023-09-09,1919.84,992.43,2259.81,641.74,2535.22,8349.039999999999,1,Promo modérée
31,2023-09-16,3804.46,993.03,901.68,2723.33,644.65,9067.15,1,Promo modérée
31,2023-09-23,787.32,542.8,2330.24,82.48,3911.03,7653.87,1,Promo modérée
31,2023-09-30,3212.52,1349.73,2341.24,1331.29,2095.12,10329.899999999998,1,Promo modérée
31,2023-10-07,186.73,522.32,1006.55,3116.65,2750.62,7582.87,1,Promo modérée
31,2023-10-14,2889.51,1583.64,2302.26,2044.47,3445.83,12265.710000000001,1,Promo modérée
31,2023-10-21,178.61,33.22,492.77,262.14,1680.15,2646.8900000000003,1,Promo faible
31,2023-10-28,515.39,2483.19,3119.84,1352.71,4097.67,11568.8,1,Promo modérée
31,2023-11-04,421.8,513.93,3451.45,2124.1,1066.93,7578.210000000001,1,Promo modérée
31,2023-11-11,2289.28,1084.7,3796.29,1396.5,1513.09,10079.86,1,Promo modérée
31,2023-11-18,3270.31,2364.92,2463.86,3044.61,1243.87,12387.57,1,Promo modérée
31,2023-11-25,1062.77,5071.4,252.89,2228.82,1278.95,9894.830000000002,1,Promo modérée
31,2023-12-02,3751.83,1569.07,1103.4,2051.97,4200.89,12677.16,1,Promo modérée
31,2023-12-09,3255.82,618.95,864.4,3248.74,3403.34,11391.25,1,Promo modérée
31,2023-12-16,3147.75,1055.97,1701.65,1490.58,4214.34,11610.29,1,Promo modérée
31,2023-12-23,10097.37,3687.37,304.14,2794.18,9096.45,25979.510000000002,1,Promo forte
31,2023-12-30,6361.96,5510.87,8714.36,6519.03,5484.54,32590.760000000002,1,Promo forte
31,2024-01-06,5843.43,6283.54,6727.76,1172.85,1636.07,21663.65,1,Promo forte
31,2024-01-13,2182.9,169.26,3902.53,1487.93,3829.84,11572.460000000001,1,Promo modérée
31,2024-01-20,3309.03,2729.42,1282.71,381.36,3890.55,11593.07,1,Promo modérée
31,2024-01-27,1484.82,1155.84,1109.02,1575.91,1730.93,7056.52,1,Promo modérée
31,2024-02-03,4658.86,2059.84,3985.68,1172.65,3736.39,15613.419999999998,1,Promo modérée
31,2024-02-10,944.87,521.64,2853.6,2491.76,2388.48,9200.35,1,Promo modérée
31,2024-02-17,4273.64,1982.76,3989.43,3126.12,653.54,14025.490000000002,1,Promo modérée
31,2024-02-24,778.94,2641.27,2276.23,2621.31,203.2,8520.95,1,Promo modérée
31,2024-03-02,3441.85,602.82,780.09,3084.77,509.56,8419.09,1,Promo modérée
31,2024-03-09,4726.04,2584.33,3459.94,1423.16,481.42,12674.89,1,Promo modérée
31,2024-03-16,2553.71,914.8,3587.55,3389.2,1845.29,12290.55,1,Promo modérée
31,2024-03-23,446.87,357.38,2797.69,2655.27,2119.93,8377.14,1,Promo modérée
31,2024-03-30,4253.21,195.23,1629.11,2616.61,17.21,8711.369999999999,1,Promo modérée
31,2024-04-06,2436.52,1956.72,3528.13,3084.07,1839.35,12844.79,1,Promo modérée
31,2024-04-13,361.15,45.06,3291.74,1353.11,1244.02,6295.08,1,Promo modérée
31,2024-04-20,1657.57,2891.07,1199.45,2990.68,954.02,9692.79,1,Promo modérée
31,2024-04-27,1070.92,2975.51,434.3,35.07,3918.57,8434.37,1,Promo modérée
31,2024-05-04,1968.63,1450.87,2521.57,2239.77,4322.7,12503.54,1,Promo modérée
31,2024-05-11,1296.64,1129.32,3368.45,3009.17,2825.07,11628.65,1,Promo modérée
31,2024-05-18,3689.24,106.38,2924.52,2519.82,445.46,9685.419999999998,1,Promo modérée
31,2024-05-25,923.72,91.84,647.77,1584.0,2354.82,5602.15,1,Promo modérée
31,2024-06-01,651.11,253.07,2153.83,934.01,3076.35,7068.370000000001,1,Promo modérée
31,2024-06-08,4145.82,2512.66,469.71,2843.13,2538.74,12510.06,1,Promo modérée
31,2024-06-15,1388.46,286.29,2123.07,2258.31,4008.85,10064.98,1,Promo modérée
31,2024-06-22,2737.92,1373.82,2263.87,2002.31,3159.45,11537.369999999999,1,Promo modérée
31,2024-06-29,2594.53,1744.43,139.4,1803.8,2405.57,8687.73,1,Promo modérée
31,2024-07-06,3419.04,3154.09,7848.29,6207.58,7740.45,28369.45,1,Promo forte
31,2024-07-13,4545.39,1048.78,1642.19,1841.0,3583.8,12661.16,1,Promo modérée
31,2024-07-20,2628.09,2315.98,205.68,2797.24,2357.82,10304.81,1,Promo modérée
31,2024-07-27,961.59,379.27,26.3,2316.7,1218.8,4902.66,1,Promo faible
31,2024-08-03,1835.98,1484.8,1709.37,2879.33,133.26,8042.74,1,Promo modérée
31,2024-08-10,1471.66,1846.04,3075.54,1574.78,2099.49,10067.509999999998,1,Promo modérée
31,2024-08-17,3824.75,939.84,2921.69,1808.42,2073.45,11568.150000000001,1,Promo modérée
31,2024-08-24,1524.58,868.77,2292.77,2961.78,4205.83,11853.73,1,Promo modérée
31,2024-08-31,2037.34,562.42,2795.62,3023.25,3948.9,12367.529999999999,1,Promo modérée
31,2024-09-07,6884.41,2725.09,8094.26,6431.17,8736.11,32871.04,1,Promo forte
31,2024-09-14,190.79,1907.51,1882.48,963.04,4366.72,9310.54,1,Promo modérée
31,2024-09-21,2086.18,2193.06,862.44,3451.36,3370.55,11963.59,1,Promo modérée
31,2024-09-28,1350.33,436.15,1941.58,3256.38,2190.56,9175.0,1,Promo modérée
31,2024-10-05,766.98,398.26,341.33,1057.37,1031.89,3595.83,1,Promo faible
31,2024-10-12,778.28,1165.37,1028.33,1922.08,3313.51,8207.57,1,Promo modérée
31,2024-10-19,785.02,736.29,2686.88,3411.78,1692.58,9312.550000000001,1,Promo modérée
31,2024-10-26,171.25,56.94,1806.27,2297.89,640.96,4973.31,1,Promo faible
31,2024-11-02,3761.27,2412.35,264.36,674.12,4016.9,11129.0,1,Promo modérée
31,2024-11-09,4615.24,6.07,2202.94,3052.94,1937.4,11814.59,1,Promo modérée
31,2024-11-16,2283.93,1593.2,1022.74,2744.41,3571.87,11216.15,1,Promo modérée
31,2024-11-23,6144.43,1524.69,1164.27,2317.75,8477.53,19628.670000000002,1,Promo modérée
31,2024-11-30,3359.84,4006.2,7067.3,1022.99,6456.75,21913.08,1,Promo forte
31,2024-12-07,2217.53,745.0,1684.92,270.27,3397.05,8314.77,1,Promo modérée
31,2024-12-14,4332.43,558.39,1058.26,479.93,1717.06,8146.0700000000015,1,Promo modérée
31,2024-12-21,173.96,6236.28,8545.6,7121.74,4967.22,27044.800000000003,1,Promo forte
32,2022-01-01,7789.89,5250.8,1842.66,3118.05,9481.67,27483.07,1,Promo forte
32,2022-01-08,1854.66,299.51,5.77,2013.92,1356.87,5530.7300000000005,1,Promo modérée
32,2022-01-15,4326.23,760.76,909.78,3131.22,807.56,9935.55,1,Promo modérée
32,2022-01-22,412.87,328.58,3563.2,1414.13,146.38,5865.16,1,Promo modérée
32,2022-01-29,3810.11,1.84,1755.94,304.05,2485.69,8357.630000000001,1,Promo modérée
32,2022-02-05,1238.27,2296.54,1484.2,2622.71,2605.57,10247.29,1,Promo modérée
32,2022-02-12,3915.18,2917.07,374.33,2069.31,2212.51,11488.4,1,Promo modérée
32,2022-02-19,1736.07,896.91,1341.19,135.13,1281.33,5390.63,1,Promo modérée
32,2022-02-26,2511.46,1389.24,926.51,2983.68,409.5,8220.39,1,Promo modérée
32,2022-03-05,76.85,499.57,1341.36,1940.45,582.66,4440.889999999999,1,Promo faible
32,2022-03-12,606.96,46.61,2927.21,2199.68,2143.28,7923.74,1,Promo modérée
32,2022-03-19,4814.16,2999.92,3202.83,903.64,1040.02,12960.57,1,Promo modérée
32,2022-03-26,4795.09,2458.79,2390.42,591.38,787.22,11022.899999999998,1,Promo modérée
32,2022-04-02,1438.6,1766.43,1909.72,417.77,1661.88,7194.400000000001,1,Promo modérée
32,2022-04-09,1109.53,2225.86,209.98,772.39,26.48,4344.24,1,Promo faible
32,2022-04-16,3724.33,788.25,2081.33,2578.02,2237.74,11409.67,1,Promo modérée
32,2022-04-23,2390.29,223.83,2517.77,2241.66,1155.16,8528.71,1,Promo modérée
32,2022-04-30,1765.37,2250.87,3203.18,529.82,2978.29,10727.529999999999,1,Promo modérée
32,2022-05-07,550.0,12.62,1307.78,1047.65,496.54,3414.59,1,Promo faible
32,2022-05-14,3849.91,2810.59,3625.46,3095.92,3539.03,16920.91,1,Promo modérée
32,2022-05-21,4992.37,1074.93,3833.36,2705.92,1850.81,14457.39,1,Promo modérée
32,2022-05-28,4897.2,396.49,623.79,148.54,1171.64,7237.66,1,Promo modérée
32,2022-06-04,1629.13,1855.04,2009.3,1171.67,3099.83,9764.970000000001,1,Promo modérée
32,2022-06-11,2092.0,2242.68,3236.97,1140.44,3173.09,11885.18,1,Promo modérée
32,2022-06-18,2873.93,1059.91,1677.49,1217.3,658.11,7486.74,1,Promo modérée
32,2022-06-25,69.6,1737.02,579.27,738.52,543.37,3667.7799999999997,1,Promo faible
32,2022-07-02,1844.8,2945.19,3016.07,6626.6,7869.54,22302.2,1,Promo forte
32,2022-07-09,1997.96,1667.05,1516.34,1910.51,363.45,7455.31,1,Promo modérée
32,2022-07-16,1208.67,592.64,2773.48,154.46,2084.58,6813.83,1,Promo modérée
32,2022-07-23,3601.36,378.02,1418.16,3260.53,3264.0,11922.07,1,Promo modérée
32,2022-07-30,3858.32,382.61,3879.32,837.78,2014.84,10972.87,1,Promo modérée
32,2022-08-06,4927.62,1284.42,1657.19,1620.86,522.69,10012.78,1,Promo modérée
32,2022-08-13,963.93,1823.22,150.55,1108.77,2126.96,6173.43,1,Promo modérée
32,2022-08-20,3154.85,732.53,410.69,142.52,408.48,4849.07,1,Promo faible
32,2022-08-27,1771.18,1933.55,730.71,3336.62,3278.5,11050.560000000001,1,Promo modérée
32,2022-09-03,7820.52,140.88,8784.94,7146.06,1185.55,25077.95,1,Promo forte
32,2022-09-10,1117.59,101.58,1166.97,133.48,635.9,3155.52,1,Promo faible
32,2022-09-17,779.43,950.39,2851.54,1277.12,1569.65,7428.129999999999,1,Promo modérée
32,2022-09-24,577.7,2515.1,285.59,1651.05,1174.85,6204.290000000001,1,Promo modérée
32,2022-10-01,2663.64,442.8,2836.39,1724.36,2854.39,10521.58,1,Promo modérée
32,2022-10-08,1134.37,722.28,2526.63,206.38,1954.16,6543.82,1,Promo modérée
32,2022-10-15,4328.91,2169.79,1785.02,3235.64,3160.07,14679.429999999998,1,Promo modérée
32,2022-10-22,327.13,2725.48,2670.87,2161.55,4169.09,12054.119999999999,1,Promo modérée
32,2022-10-29,2304.99,2932.84,3401.05,2438.62,1722.04,12799.54,1,Promo modérée
32,2022-11-05,1061.06,1501.26,2880.95,128.26,3444.21,9015.74,1,Promo modérée
32,2022-11-12,3805.14,1252.37,265.49,2427.25,2299.44,10049.69,1,Promo modérée
32,2022-11-19,2292.45,1432.83,2330.96,1268.64,4139.54,11464.42,1,Promo modérée
32,2022-11-26,6631.56,3849.71,7810.85,5874.34,8587.32,32753.780000000002,1,Promo forte
32,2022-12-03,2243.08,2332.42,1537.72,775.63,1309.28,8198.130000000001,1,Promo modérée
32,2022-12-10,3580.44,1198.81,90.69,1295.03,4074.16,10239.13,1,Promo modérée
32,2022-12-17,1009.0,869.8,2799.88,3453.88,3713.84,11846.400000000001,1,Promo modérée
32,2022-12-24,3424.09,1708.03,3419.29,6447.03,1488.73,16487.17,1,Promo modérée
32,2022-12-31,2687.43,6221.04,3696.9,878.67,4629.82,18113.86,1,Promo modérée
32,2023-01-07,7932.31,5226.85,3469.71,5305.24,3850.65,25784.760000000002,1,Promo forte
32,2023-01-14,3272.42,2227.82,3439.88,359.7,0.42,9300.24,1,Promo modérée
32,2023-01-21,2585.07,1580.16,1194.02,2949.64,3733.96,12042.849999999999,1,Promo modérée
32,2023-01-28,4299.74,1338.74,1765.38,2341.77,2905.87,12651.5,1,Promo modérée
32,2023-02-04,2806.9,1662.95,1943.15,3308.15,1101.39,10822.539999999999,1,Promo modérée
32,2023-02-11,1019.37,2880.56,3164.49,3215.51,4279.43,14559.36,1,Promo modérée
32,2023-02-18,1207.36,2743.81,883.91,3031.62,2307.21,10173.91,1,Promo modérée
32,2023-02-25,2133.68,1437.06,2956.38,1232.25,1829.67,9589.04,1,Promo modérée
32,2023-03-04,4949.72,2819.3,3343.82,2202.11,1251.86,14566.810000000001,1,Promo modérée
32,2023-03-11,1984.62,1923.44,1172.25,1944.83,4046.57,11071.71,1,Promo modérée
32,2023-03-18,275.2,1016.02,1035.04,2953.0,3319.37,8598.630000000001,1,Promo modérée
32,2023-03-25,2915.54,1854.07,1571.79,3278.08,2879.8,12499.279999999999,1,Promo modérée
32,2023-04-01,1151.27,1789.83,1609.47,524.6,1859.58,6934.75,1,Promo modérée
32,2023-04-08,1731.78,1514.89,3018.33,64.03,2460.38,8789.41,1,Promo modérée
32,2023-04-15,1943.42,1863.21,183.74,3096.27,305.02,7391.66,1,Promo modérée
32,2023-04-22,514.09,2568.63,810.88,1142.13,799.75,5835.4800000000005,1,Promo modérée
32,2023-04-29,2613.51,1726.36,1530.08,1126.15,3833.74,10829.84,1,Promo modérée
32,2023-05-06,989.59,715.98,2347.42,3429.78,4386.08,11868.85,1,Promo modérée
32,2023-05-13,3808.43,1583.95,2042.35,2262.61,568.88,10266.22,1,Promo modérée
32,2023-05-20,1503.74,2850.74,2212.29,3252.55,3100.66,12919.98,1,Promo modérée
32,2023-05-27,4022.34,1856.48,2318.28,3202.18,794.24,12193.52,1,Promo modérée
32,2023-06-03,4106.04,2199.4,3896.26,156.97,1716.08,12074.75,1,Promo modérée
32,2023-06-10,2100.14,420.24,1954.27,3220.34,3366.85,11061.84,1,Promo modérée
32,2023-06-17,3771.28,616.94,3441.05,1602.12,73.62,9505.01,1,Promo modérée
32,2023-06-24,2411.39,1200.38,3898.74,2886.37,3428.55,13825.43,1,Promo modérée
32,2023-07-01,332.47,3913.86,3149.14,4324.91,88.89,11809.269999999999,1,Promo modérée
32,2023-07-08,3494.8,2564.76,29.77,914.64,2469.61,9473.580000000002,1,Promo modérée
32,2023-07-15,2466.08,1323.26,3113.77,1446.72,1434.77,9784.6,1,Promo modérée
32,2023-07-22,2776.62,2135.79,160.03,1736.76,3878.87,10688.07,1,Promo modérée
32,2023-07-29,550.6,379.07,716.36,2773.98,1239.0,5659.01,1,Promo modérée
32,2023-08-05,238.16,1705.17,3764.23,136.89,1309.57,7154.02,1,Promo modérée
32,2023-08-12,3599.75,493.32,3021.46,210.72,673.31,7998.560000000001,1,Promo modérée
32,2023-08-19,478.92,2543.86,2597.47,552.49,2509.73,8682.47,1,Promo modérée
32,2023-08-26,3261.31,534.03,3265.47,2626.51,2524.52,12211.84,1,Promo modérée
32,2023-09-02,10951.26,5701.53,4016.04,3224.78,949.5,24843.11,1,Promo forte
32,2023-09-09,3813.65,683.73,2454.62,892.6,3554.49,11399.09,1,Promo modérée
32,2023-09-16,618.52,1964.7,959.66,2208.62,1866.7,7618.2,1,Promo modérée
32,2023-09-23,1705.49,1904.68,2961.89,561.19,2989.23,10122.48,1,Promo modérée
32,2023-09-30,3307.98,2867.33,595.57,1996.79,4154.85,12922.519999999999,1,Promo modérée
32,2023-10-07,3345.71,1992.55,2168.51,2611.91,161.45,10280.130000000001,1,Promo modérée
32,2023-10-14,4152.18,2294.61,418.98,2826.35,2740.61,12432.730000000001,1,Promo modérée
32,2023-10-21,3766.76,1300.97,218.61,390.04,2709.41,8385.79,1,Promo modérée
32,2023-10-28,119.7,455.44,3532.31,42.13,3482.33,7631.91,1,Promo modérée
32,2023-11-04,2375.38,519.62,1716.09,682.21,1692.04,6985.34,1,Promo modérée
32,2023-11-11,1740.75,1067.22,2953.21,1857.07,1929.78,9548.03,1,Promo modérée
32,2023-11-18,2331.43,1513.11,1728.83,918.51,2125.45,8617.33,1,Promo modérée
32,2023-11-25,8355.78,2646.25,3259.01,5516.78,6020.38,25798.2,1,Promo forte
32,2023-12-02,429.08,1017.51,2036.06,2401.03,403.36,6287.04,1,Promo modérée
32,2023-12-09,767.62,2400.97,3440.66,3437.93,520.72,10567.9,1,Promo modérée
32,2023-12-16,316.94,2678.94,505.42,2202.69,2815.86,8519.85,1,Promo modérée
32,2023-12-23,10431.13,6263.33,6624.97,1954.3,1194.49,26468.22,1,Promo forte
32,2023-12-30,3041.15,112.3,2088.38,4366.79,782.07,10390.689999999999,1,Promo modérée
32,2024-01-06,6676.69,3154.66,8388.56,832.86,4025.59,23078.359999999997,1,Promo forte
32,2024-01-13,3327.82,68.71,1822.79,1167.29,2824.63,9211.24,1,Promo modérée
32,2024-01-20,1232.32,1110.85,967.83,2389.83,2712.9,8413.73,1,Promo modérée
32,2024-01-27,1064.83,1619.55,1353.7,2979.28,2226.31,9243.67,1,Promo modérée
32,2024-02-03,1464.65,407.06,1826.58,3364.67,2850.58,9913.54,1,Promo modérée
32,2024-02-10,387.86,947.58,3286.4,2296.94,4480.08,11398.86,1,Promo modérée
32,2024-02-17,768.61,1282.84,1534.91,3430.72,2053.13,9070.21,1,Promo modérée
32,2024-02-24,1388.04,284.22,3498.82,1023.52,1554.15,7748.75,1,Promo modérée
32,2024-03-02,2043.76,2748.89,1359.01,106.33,802.97,7060.96,1,Promo modérée
32,2024-03-09,971.21,361.93,2083.04,2328.42,745.37,6489.97,1,Promo modérée
32,2024-03-16,3946.66,312.25,815.33,133.35,652.4,5859.99,1,Promo modérée
32,2024-03-23,3226.63,1661.76,1944.52,1469.72,4126.04,12428.669999999998,1,Promo modérée
32,2024-03-30,2041.15,2993.55,3100.54,3070.93,1658.59,12864.76,1,Promo modérée
32,2024-04-06,4479.71,2901.98,1884.08,779.33,2327.01,12372.11,1,Promo modérée
32,2024-04-13,1069.64,1765.38,1258.03,2989.73,3216.39,10299.17,1,Promo modérée
32,2024-04-20,1933.77,539.17,367.58,1807.75,675.58,5323.85,1,Promo modérée
32,2024-04-27,777.85,1481.86,652.76,3065.66,4195.08,10173.21,1,Promo modérée
32,2024-05-04,3412.21,2641.78,470.07,1666.1,3042.81,11232.97,1,Promo modérée
32,2024-05-11,237.67,1438.79,1834.51,511.2,1777.28,5799.45,1,Promo modérée
32,2024-05-18,4943.58,2338.06,3385.37,3288.25,3607.98,17563.239999999998,1,Promo modérée
32,2024-05-25,4500.41,2049.02,3044.82,756.03,4106.92,14457.2,1,Promo modérée
32,2024-06-01,920.6,768.75,139.8,317.18,2666.81,4813.139999999999,1,Promo faible
32,2024-06-08,1783.84,1962.94,1401.73,2249.5,979.23,8377.24,1,Promo modérée
32,2024-06-15,3004.19,1284.92,1226.66,875.13,821.24,7212.14,1,Promo modérée
32,2024-06-22,361.14,496.33,3571.62,2109.86,829.5,7368.450000000001,1,Promo modérée
32,2024-06-29,1467.25,240.19,1598.04,2630.01,2064.06,7999.549999999999,1,Promo modérée
32,2024-07-06,6734.03,419.54,7105.02,1333.39,6271.1,21863.08,1,Promo forte
32,2024-07-13,3385.9,569.72,495.99,3256.04,739.75,8447.4,1,Promo modérée
32,2024-07-20,1320.28,1625.56,1645.83,1176.03,2574.69,8342.39,1,Promo modérée
32,2024-07-27,426.19,2972.34,2990.73,2813.75,2712.15,11915.16,1,Promo modérée
32,2024-08-03,2703.72,2870.2,2549.9,530.92,2148.98,10803.72,1,Promo modérée
32,2024-08-10,4842.75,2821.8,3811.33,773.4,3278.56,15527.84,1,Promo modérée
32,2024-08-17,4399.59,2109.71,1174.21,667.43,2809.21,11160.150000000001,1,Promo modérée
32,2024-08-24,1814.45,776.28,2477.35,1286.39,3077.87,9432.34,1,Promo modérée
32,2024-08-31,3133.9,2726.79,1063.47,1476.0,386.04,8786.2,1,Promo modérée
32,2024-09-07,357.13,2771.28,1664.37,5842.67,6620.49,17255.940000000002,1,Promo modérée
32,2024-09-14,4950.82,979.38,3207.99,3034.84,216.81,12389.839999999998,1,Promo modérée
32,2024-09-21,1175.72,2924.0,973.22,3088.67,779.08,8940.69,1,Promo modérée
32,2024-09-28,2043.97,1919.33,3910.48,1063.52,1785.92,10723.220000000001,1,Promo modérée
32,2024-10-05,3523.95,1601.79,967.71,1724.91,3734.77,11553.13,1,Promo modérée
32,2024-10-12,1652.17,2793.73,2468.59,1526.99,2540.09,10981.57,1,Promo modérée
32,2024-10-19,2985.44,1868.94,3061.32,3266.49,1993.87,13176.060000000001,1,Promo modérée
32,2024-10-26,4856.18,689.09,1987.58,908.16,1655.92,10096.93,1,Promo modérée
32,2024-11-02,1394.16,690.93,2995.82,1030.92,3179.45,9291.279999999999,1,Promo modérée
32,2024-11-09,3398.36,2744.75,571.95,257.97,4205.87,11178.900000000001,1,Promo modérée
32,2024-11-16,1713.79,2863.58,2272.19,252.87,3163.8,10266.23,1,Promo modérée
32,2024-11-23,7224.75,3027.69,2392.66,5340.29,6615.31,24600.7,1,Promo forte
32,2024-11-30,5825.38,2371.08,2440.73,4247.13,6513.55,21397.87,1,Promo forte
32,2024-12-07,3338.21,1801.08,7.45,1093.0,1141.93,7381.67,1,Promo modérée
32,2024-12-14,1026.01,529.71,949.74,821.26,2159.27,5485.99,1,Promo modérée
32,2024-12-21,10458.72,2665.86,435.32,1844.75,1008.4,16413.05,1,Promo modérée
33,2022-01-01,8439.85,867.77,2008.12,5205.56,1952.62,18473.920000000002,1,Promo modérée
33,2022-01-08,2602.49,1266.96,3966.68,3375.4,572.0,11783.529999999999,1,Promo modérée
33,2022-01-15,1434.11,2559.73,1319.73,2858.58,4474.7,12646.849999999999,1,Promo modérée
33,2022-01-22,3932.59,459.29,2552.54,2707.83,3425.54,13077.79,1,Promo modérée
33,2022-01-29,1548.82,929.37,704.51,2845.33,4086.31,10114.34,1,Promo modérée
33,2022-02-05,3955.86,214.37,2547.25,522.67,4371.56,11611.710000000001,1,Promo modérée
33,2022-02-12,826.23,1801.07,930.96,2697.21,2898.01,9153.48,1,Promo modérée
33,2022-02-19,3103.53,2871.19,2404.64,2203.67,4206.38,14789.41,1,Promo modérée
33,2022-02-26,1064.5,1359.98,682.3,778.85,948.6,4834.23,1,Promo faible
33,2022-03-05,2082.84,48.17,419.53,3136.95,3767.22,9454.71,1,Promo modérée
33,2022-03-12,3028.01,2484.58,3600.46,1010.56,1444.62,11568.23,1,Promo modérée
33,2022-03-19,4644.49,2256.65,210.95,28.54,3543.34,10683.97,1,Promo modérée
33,2022-03-26,3866.62,2672.52,1364.38,964.97,682.79,9551.279999999999,1,Promo modérée
33,2022-04-02,3856.91,2668.59,3243.65,1971.33,4472.48,16212.96,1,Promo modérée
33,2022-04-09,637.97,100.3,1266.51,611.99,2175.02,4791.79,1,Promo faible
33,2022-04-16,4821.08,2041.51,3084.07,2925.25,2965.15,15837.06,1,Promo modérée
33,2022-04-23,3480.49,1367.39,117.62,931.72,3280.04,9177.26,1,Promo modérée
33,2022-04-30,4831.93,2703.37,121.99,1683.34,1482.61,10823.24,1,Promo modérée
33,2022-05-07,2375.34,2976.02,100.51,664.02,3103.33,9219.220000000001,1,Promo modérée
33,2022-05-14,2085.18,2731.43,2153.77,1238.05,3235.22,11443.649999999998,1,Promo modérée
33,2022-05-21,358.1,2827.85,732.08,678.39,2911.67,7508.09,1,Promo modérée
33,2022-05-28,2720.0,1315.76,3241.55,852.46,3870.83,12000.6,1,Promo modérée
33,2022-06-04,3439.38,1854.99,1688.27,3347.1,1997.64,12327.38,1,Promo modérée
33,2022-06-11,3876.49,385.74,3291.86,2188.11,2425.88,12168.080000000002,1,Promo modérée
33,2022-06-18,1945.84,738.49,3016.94,2238.08,929.84,8869.19,1,Promo modérée
33,2022-06-25,4264.01,2974.52,950.41,1298.51,4347.86,13835.310000000001,1,Promo modérée
33,2022-07-02,3638.72,6111.06,2376.54,5002.66,4909.68,22038.66,1,Promo forte
33,2022-07-09,3020.95,2348.69,324.91,2498.17,743.13,8935.849999999999,1,Promo modérée
33,2022-07-16,1929.45,1076.5,595.79,3164.19,533.38,7299.31,1,Promo modérée
33,2022-07-23,747.92,2002.69,3966.44,2117.65,2058.21,10892.91,1,Promo modérée
33,2022-07-30,3768.93,2633.79,3174.85,439.13,3480.57,13497.269999999999,1,Promo modérée
33,2022-08-06,338.65,1577.55,694.48,1909.39,1593.96,6114.03,1,Promo modérée
33,2022-08-13,4929.45,2118.44,3842.17,2246.27,3641.46,16777.79,1,Promo modérée
33,2022-08-20,934.1,1580.67,2827.76,2694.26,2356.66,10393.45,1,Promo modérée
33,2022-08-27,4059.06,1043.59,1249.73,3020.77,3929.56,13302.71,1,Promo modérée
33,2022-09-03,9886.24,2992.08,2676.23,2331.16,8882.23,26767.94,1,Promo forte
33,2022-09-10,1269.2,1074.19,2616.89,2861.22,2460.18,10281.68,1,Promo modérée
33,2022-09-17,2948.08,2868.64,3350.45,2710.65,3271.75,15149.569999999998,1,Promo modérée
33,2022-09-24,504.72,1383.1,3699.14,2040.85,830.27,8458.08,1,Promo modérée
33,2022-10-01,3560.06,2044.81,3934.17,1977.19,3922.08,15438.310000000001,1,Promo modérée
33,2022-10-08,2245.4,608.09,2356.81,1983.45,2360.01,9553.76,1,Promo modérée
33,2022-10-15,3437.09,953.72,2023.42,1193.96,3961.77,11569.960000000001,1,Promo modérée
33,2022-10-22,2949.76,521.85,3245.94,1430.35,2747.4,10895.3,1,Promo modérée
33,2022-10-29,3260.86,1948.55,1655.96,54.86,3101.58,10021.81,1,Promo modérée
33,2022-11-05,3054.69,2356.81,2666.83,1113.21,628.8,9820.34,1,Promo modérée
33,2022-11-12,1233.39,2523.62,573.02,1521.8,1139.09,6990.920000000001,1,Promo modérée
33,2022-11-19,24.04,645.59,3996.63,1418.71,2791.06,8876.03,1,Promo modérée
33,2022-11-26,3071.73,1484.02,7240.02,2871.7,664.45,15331.920000000002,1,Promo modérée
33,2022-12-03,4580.25,2452.44,3351.53,1003.91,1220.91,12609.04,1,Promo modérée
33,2022-12-10,4857.95,174.51,715.33,2373.7,699.76,8821.25,1,Promo modérée
33,2022-12-17,1355.6,1495.87,1754.89,1658.0,2772.18,9036.539999999999,1,Promo modérée
33,2022-12-24,667.3,6342.94,6099.0,1168.13,9594.43,23871.8,1,Promo forte
33,2022-12-31,7231.62,146.15,164.47,6098.27,1661.03,15301.54,1,Promo modérée
33,2023-01-07,5832.53,2088.99,5791.07,2450.15,2209.38,18372.12,1,Promo modérée
33,2023-01-14,1028.1,897.68,3620.69,2237.05,4138.75,11922.27,1,Promo modérée
33,2023-01-21,4628.09,1640.2,2132.76,2496.42,3956.45,14853.919999999998,1,Promo modérée
33,2023-01-28,641.47,2179.1,2111.7,1350.43,2758.44,9041.14,1,Promo modérée
33,2023-02-04,4804.74,2440.89,3525.75,2423.5,175.94,13370.82,1,Promo modérée
33,2023-02-11,3971.0,2115.12,1123.21,541.55,3379.07,11129.95,1,Promo modérée
33,2023-02-18,2911.66,2654.95,845.77,883.45,2866.3,10162.13,1,Promo modérée
33,2023-02-25,4067.91,829.63,216.79,1812.83,189.7,7116.86,1,Promo modérée
33,2023-03-04,558.53,342.47,3308.25,144.98,3100.35,7454.58,1,Promo modérée
33,2023-03-11,1578.23,1429.27,3344.01,482.94,2788.44,9622.89,1,Promo modérée
33,2023-03-18,4800.38,661.42,1323.17,345.27,1630.11,8760.35,1,Promo modérée
33,2023-03-25,4091.94,2466.2,912.58,305.32,2713.84,10489.88,1,Promo modérée
33,2023-04-01,751.78,1266.34,248.65,2999.12,59.31,5325.2,1,Promo modérée
33,2023-04-08,269.1,1924.79,3397.21,443.16,2631.49,8665.75,1,Promo modérée
33,2023-04-15,466.31,2811.65,740.84,3124.23,4369.14,11512.170000000002,1,Promo modérée
33,2023-04-22,2302.62,823.26,1140.01,2559.09,2817.16,9642.14,1,Promo modérée
33,2023-04-29,526.98,1089.11,1055.87,1883.84,276.37,4832.17,1,Promo faible
33,2023-05-06,257.8,1980.6,3697.91,2161.73,3206.96,11305.0,1,Promo modérée
33,2023-05-13,1247.48,577.37,2341.72,2780.86,3941.5,10888.93,1,Promo modérée
33,2023-05-20,1266.6,891.87,2133.57,1555.35,3176.04,9023.43,1,Promo modérée
33,2023-05-27,1136.99,150.26,2925.82,2394.04,2700.34,9307.45,1,Promo modérée
33,2023-06-03,2820.22,67.48,1647.97,2739.81,2119.94,9395.42,1,Promo modérée
33,2023-06-10,3447.5,2248.14,2781.24,1926.62,2549.4,12952.9,1,Promo modérée
33,2023-06-17,1247.73,2087.59,3900.68,2806.79,2785.93,12828.720000000001,1,Promo modérée
33,2023-06-24,2031.97,2833.71,1702.33,2051.67,4150.91,12770.59,1,Promo modérée
33,2023-07-01,7861.89,1954.4,6426.54,6847.17,3327.12,26417.12,1,Promo forte
33,2023-07-08,3170.83,1223.23,3698.78,1398.65,1383.18,10874.67,1,Promo modérée
33,2023-07-15,1044.84,445.31,2140.67,163.76,2790.07,6584.65,1,Promo modérée
33,2023-07-22,1352.9,1912.69,3780.37,1402.83,726.42,9175.210000000001,1,Promo modérée
33,2023-07-29,3494.17,1027.35,492.07,3252.57,2203.29,10469.45,1,Promo modérée
33,2023-08-05,3189.38,300.37,540.97,1787.06,2805.56,8623.34,1,Promo modérée
33,2023-08-12,10.26,970.02,889.81,2007.55,4023.94,7901.58,1,Promo modérée
33,2023-08-19,2441.55,1926.21,1327.53,2589.13,3173.92,11458.34,1,Promo modérée
33,2023-08-26,410.34,2344.87,1337.3,2331.34,1558.71,7982.56,1,Promo modérée
33,2023-09-02,923.47,2453.29,3735.21,7393.96,5598.42,20104.35,1,Promo forte
33,2023-09-09,1226.64,176.6,2885.54,2970.4,1854.0,9113.18,1,Promo modérée
33,2023-09-16,3799.43,1475.74,2188.63,129.81,2800.79,10394.400000000001,1,Promo modérée
33,2023-09-23,1137.18,2550.33,1711.4,2142.47,2762.72,10304.099999999999,1,Promo modérée
33,2023-09-30,2085.72,1907.54,411.32,317.7,2159.62,6881.9,1,Promo modérée
33,2023-10-07,2266.52,1202.37,3131.91,482.38,2426.36,9509.539999999999,1,Promo modérée
33,2023-10-14,4705.5,2415.9,3404.57,3263.24,4216.51,18005.72,1,Promo modérée
33,2023-10-21,1637.13,2053.35,247.99,165.23,1594.4,5698.1,1,Promo modérée
33,2023-10-28,3273.92,19.79,2049.11,2859.85,2943.54,11146.21,1,Promo modérée
33,2023-11-04,1035.47,1015.58,252.63,3057.01,4181.85,9542.54,1,Promo modérée
33,2023-11-11,3160.21,2508.96,3239.63,283.7,2081.7,11274.2,1,Promo modérée
33,2023-11-18,3531.75,1420.74,1026.5,3116.46,508.72,9604.17,1,Promo modérée
33,2023-11-25,6873.52,2960.83,1796.71,1017.87,4872.3,17521.230000000003,1,Promo modérée
33,2023-12-02,131.22,317.21,2968.32,1204.07,123.39,4744.21,1,Promo faible
33,2023-12-09,3774.84,2067.24,1578.92,1332.85,701.71,9455.560000000001,1,Promo modérée
33,2023-12-16,4517.8,1357.12,1299.71,2253.24,913.38,10341.249999999998,1,Promo modérée
33,2023-12-23,4228.51,5067.48,7905.92,3678.78,44.56,20925.25,1,Promo forte
33,2023-12-30,4179.82,5275.89,3424.81,375.92,6296.02,19552.46,1,Promo modérée
33,2024-01-06,6083.69,798.58,150.26,5995.09,3993.76,17021.379999999997,1,Promo modérée
33,2024-01-13,1263.72,583.02,3909.58,2588.27,2031.97,10376.56,1,Promo modérée
33,2024-01-20,156.75,2731.19,1522.25,747.71,460.05,5617.950000000001,1,Promo modérée
33,2024-01-27,3392.84,354.37,359.0,466.9,3640.06,8213.17,1,Promo modérée
33,2024-02-03,1428.37,2763.79,3658.41,1935.15,2843.88,12629.599999999999,1,Promo modérée
33,2024-02-10,4624.36,2171.55,185.43,1922.86,1543.83,10448.03,1,Promo modérée
33,2024-02-17,2793.78,881.66,659.55,2167.41,2873.89,9376.289999999999,1,Promo modérée
33,2024-02-24,4141.4,1646.24,2045.4,3296.89,2777.07,13906.999999999998,1,Promo modérée
33,2024-03-02,577.69,2549.0,2764.76,1426.48,1941.38,9259.310000000001,1,Promo modérée
33,2024-03-09,2108.63,2501.48,459.02,321.14,4059.46,9449.730000000001,1,Promo modérée
33,2024-03-16,1851.72,2172.52,1617.82,3387.25,3124.87,12154.18,1,Promo modérée
33,2024-03-23,12.6,237.92,2097.05,2212.89,418.07,4978.53,1,Promo faible
33,2024-03-30,4716.21,2898.32,1763.23,1707.69,1267.3,12352.75,1,Promo modérée
33,2024-04-06,1178.14,624.22,3751.56,507.16,4008.49,10069.57,1,Promo modérée
33,2024-04-13,4991.36,678.13,810.24,2062.67,3333.39,11875.789999999999,1,Promo modérée
33,2024-04-20,2975.56,1802.5,870.85,2349.23,919.91,8918.05,1,Promo modérée
33,2024-04-27,322.43,36.1,522.48,590.47,890.43,2361.91,1,Promo faible
33,2024-05-04,3645.54,10.53,3426.9,3459.52,548.13,11090.619999999999,1,Promo modérée
33,2024-05-11,4232.02,1957.5,1783.28,1535.09,2097.24,11605.13,1,Promo modérée
33,2024-05-18,2325.38,2807.48,2894.65,506.85,1966.37,10500.73,1,Promo modérée
33,2024-05-25,2056.06,964.05,2398.33,791.27,161.88,6371.589999999999,1,Promo modérée
33,2024-06-01,1350.35,94.48,3122.93,3041.21,2215.38,9824.35,1,Promo modérée
33,2024-06-08,4327.66,1634.5,1110.32,114.96,4499.21,11686.65,1,Promo modérée
33,2024-06-15,4934.52,2121.22,334.86,1407.97,491.33,9289.9,1,Promo modérée
33,2024-06-22,642.07,2038.46,3373.92,705.07,1882.52,8642.04,1,Promo modérée
33,2024-06-29,2714.1,2653.82,3472.09,2047.55,4480.63,15368.189999999999,1,Promo modérée
33,2024-07-06,10700.25,2336.71,3081.23,1641.6,2851.37,20611.159999999996,1,Promo forte
33,2024-07-13,311.2,2503.96,1099.75,1735.66,1714.79,7365.36,1,Promo modérée
33,2024-07-20,2769.02,1398.02,3995.71,2831.2,1786.88,12780.830000000002,1,Promo modérée
33,2024-07-27,4824.93,1697.49,2682.73,1561.21,2741.08,13507.44,1,Promo modérée
33,2024-08-03,3580.6,2792.05,2529.0,2542.85,3707.7,15152.2,1,Promo modérée
33,2024-08-10,2209.2,651.51,3569.42,2479.49,37.03,8946.65,1,Promo modérée
33,2024-08-17,2742.48,553.07,928.22,1235.39,1212.99,6672.150000000001,1,Promo modérée
33,2024-08-24,199.32,148.18,2871.63,395.19,2141.09,5755.41,1,Promo modérée
33,2024-08-31,4324.25,2640.41,2287.66,3333.06,3685.34,16270.72,1,Promo modérée
33,2024-09-07,2894.64,1871.41,1106.32,2758.13,4765.76,13396.26,1,Promo modérée
33,2024-09-14,3190.26,834.43,3256.54,2184.96,3880.57,13346.759999999998,1,Promo modérée
33,2024-09-21,1972.74,2683.75,2228.16,1156.32,3361.05,11402.02,1,Promo modérée
33,2024-09-28,3037.79,634.5,1348.32,3260.48,4382.89,12663.98,1,Promo modérée
33,2024-10-05,3961.67,1503.54,3398.36,2200.59,2830.15,13894.31,1,Promo modérée
33,2024-10-12,792.9,2930.93,1160.5,1432.19,348.15,6664.67,1,Promo modérée
33,2024-10-19,3031.22,1751.45,1980.95,2807.35,4202.55,13773.52,1,Promo modérée
33,2024-10-26,4416.59,719.12,2197.19,402.83,2489.66,10225.39,1,Promo modérée
33,2024-11-02,1291.07,1343.98,2479.89,661.37,3614.89,9391.2,1,Promo modérée
33,2024-11-09,3491.19,502.41,3269.52,1646.29,2548.25,11457.66,1,Promo modérée
33,2024-11-16,1929.63,1438.35,918.53,2783.98,4227.41,11297.9,1,Promo modérée
33,2024-11-23,1907.2,3150.87,4627.54,2626.7,3097.92,15410.230000000001,1,Promo modérée
33,2024-11-30,10188.64,5039.14,1686.76,673.61,4854.77,22442.92,1,Promo forte
33,2024-12-07,3569.18,2438.99,3740.28,2142.41,2315.1,14205.960000000001,1,Promo modérée
33,2024-12-14,3180.76,2639.23,2268.01,1759.45,3300.16,13147.61,1,Promo modérée
33,2024-12-21,10349.88,6407.3,3948.9,7459.72,3077.12,31242.920000000002,1,Promo forte
34,2022-01-01,9831.62,3515.23,2990.01,3472.88,8609.28,28419.020000000004,1,Promo forte
34,2022-01-08,464.64,2411.32,2580.27,807.7,3401.18,9665.109999999999,1,Promo modérée
34,2022-01-15,957.72,1388.3,482.96,1073.92,980.75,4883.65,1,Promo faible
34,2022-01-22,3730.24,2099.01,379.72,3337.19,3351.07,12897.23,1,Promo modérée
34,2022-01-29,39.29,2077.44,2029.78,3159.04,1713.14,9018.69,1,Promo modérée
34,2022-02-05,1058.36,439.27,25.77,2180.46,3581.72,7285.58,1,Promo modérée
34,2022-02-12,4221.98,1874.53,1092.6,3179.81,802.81,11171.729999999998,1,Promo modérée
34,2022-02-19,3354.48,2300.15,3378.18,987.44,115.14,10135.39,1,Promo modérée
34,2022-02-26,1282.1,40.09,3594.1,472.69,3450.45,8839.43,1,Promo modérée
34,2022-03-05,3434.61,2278.96,1363.73,1972.83,1216.01,10266.14,1,Promo modérée
34,2022-03-12,2904.2,1485.09,137.95,3184.31,4285.23,11996.779999999999,1,Promo modérée
34,2022-03-19,2872.65,384.29,3676.69,615.86,3354.81,10904.3,1,Promo modérée
34,2022-03-26,3633.68,701.27,1322.01,3040.91,3254.6,11952.47,1,Promo modérée
34,2022-04-02,2006.95,862.68,485.56,1471.38,76.23,4902.799999999999,1,Promo faible
34,2022-04-09,1406.45,1482.39,681.55,408.9,2035.43,6014.72,1,Promo modérée
34,2022-04-16,1106.7,2243.93,2148.61,1577.83,4210.78,11287.849999999999,1,Promo modérée
34,2022-04-23,3966.5,896.83,1168.45,187.17,228.85,6447.8,1,Promo modérée
34,2022-04-30,1744.43,1140.21,1309.11,323.38,141.44,4658.57,1,Promo faible
34,2022-05-07,3142.97,2568.67,2060.27,630.56,3078.77,11481.24,1,Promo modérée
34,2022-05-14,495.2,676.48,1535.93,3289.42,3871.2,9868.23,1,Promo modérée
34,2022-05-21,4571.48,472.47,2290.55,796.54,92.86,8223.9,1,Promo modérée
34,2022-05-28,1886.28,1971.72,1877.49,3306.14,1953.82,10995.449999999999,1,Promo modérée
34,2022-06-04,4675.61,2508.89,1556.16,756.41,4115.2,13612.27,1,Promo modérée
34,2022-06-11,2399.4,2099.61,775.72,1708.84,1405.49,8389.060000000001,1,Promo modérée
34,2022-06-18,4364.85,661.13,3118.81,1285.85,2829.63,12260.27,1,Promo modérée
34,2022-06-25,3952.89,2091.72,3078.53,1007.8,3169.6,13300.539999999999,1,Promo modérée
34,2022-07-02,106.42,1119.09,519.01,6532.35,8514.88,16791.75,1,Promo modérée
34,2022-07-09,4539.22,2279.35,7.28,1607.99,48.02,8481.86,1,Promo modérée
34,2022-07-16,1812.42,1471.96,3269.56,1048.79,2767.66,10370.39,1,Promo modérée
34,2022-07-23,241.74,673.08,1334.05,2188.06,3240.15,7677.08,1,Promo modérée
34,2022-07-30,4157.75,2029.61,3004.05,1326.63,2655.83,13173.87,1,Promo modérée
34,2022-08-06,2663.18,2044.97,1171.48,113.2,131.16,6123.989999999999,1,Promo modérée
34,2022-08-13,90.7,693.77,1337.41,844.35,3588.23,6554.46,1,Promo modérée
34,2022-08-20,660.83,2218.61,344.18,620.03,671.52,4515.17,1,Promo faible
34,2022-08-27,1079.8,2793.28,2787.99,1958.53,3575.92,12195.52,1,Promo modérée
34,2022-09-03,2636.3,429.64,1937.75,2644.86,285.39,7933.940000000001,1,Promo modérée
34,2022-09-10,35.74,438.92,3490.31,1642.47,4423.06,10030.5,1,Promo modérée
34,2022-09-17,4967.95,447.13,2296.93,1204.98,1745.36,10662.35,1,Promo modérée
34,2022-09-24,2645.08,2375.13,3882.93,3383.87,3552.53,15839.539999999999,1,Promo modérée
34,2022-10-01,1701.29,389.55,899.06,292.41,2356.55,5638.860000000001,1,Promo modérée
34,2022-10-08,4412.6,258.05,3956.0,2258.35,240.15,11125.150000000001,1,Promo modérée
34,2022-10-15,4702.47,2361.76,2942.15,3109.49,3464.01,16579.88,1,Promo modérée
34,2022-10-22,815.12,476.93,777.02,361.31,3769.33,6199.709999999999,1,Promo modérée
34,2022-10-29,1380.97,682.11,1002.34,2557.21,1436.93,7059.56,1,Promo modérée
34,2022-11-05,2363.92,2828.78,1174.13,2361.47,1373.18,10101.480000000001,1,Promo modérée
34,2022-11-12,406.95,1072.75,3040.23,351.91,3024.45,7896.29,1,Promo modérée
34,2022-11-19,3334.4,2373.12,1779.06,713.05,4161.28,12360.91,1,Promo modérée
34,2022-11-26,5902.22,3529.34,1791.89,5233.71,189.57,16646.73,1,Promo modérée
34,2022-12-03,2758.38,1548.33,1396.88,2281.21,4310.72,12295.52,1,Promo modérée
34,2022-12-10,3244.53,1919.09,3572.14,816.73,1658.03,11210.52,1,Promo modérée
34,2022-12-17,1784.13,1975.96,302.36,1028.45,1647.96,6738.860000000001,1,Promo modérée
34,2022-12-24,10184.56,178.78,5986.7,4810.26,9151.83,30312.130000000005,1,Promo forte
34,2022-12-31,6553.05,3428.18,3858.56,612.05,2897.03,17348.87,1,Promo modérée
34,2023-01-07,820.86,6599.72,6082.61,6825.83,1424.41,21753.429999999997,1,Promo forte
34,2023-01-14,1477.26,650.36,3901.64,1270.3,3425.88,10725.44,1,Promo modérée
34,2023-01-21,1984.81,2901.93,674.12,1349.99,3557.35,10468.199999999999,1,Promo modérée
34,2023-01-28,3855.82,2647.65,64.7,1956.37,1568.65,10093.19,1,Promo modérée
34,2023-02-04,3102.65,2570.23,486.29,736.82,4366.32,11262.31,1,Promo modérée
34,2023-02-11,2342.99,2582.63,2942.85,834.55,1421.97,10124.989999999998,1,Promo modérée
34,2023-02-18,4083.44,633.58,3143.77,1771.28,1141.7,10773.770000000002,1,Promo modérée
34,2023-02-25,2385.43,1114.67,3185.68,2969.14,323.5,9978.42,1,Promo modérée
34,2023-03-04,573.67,2393.39,2471.55,1012.79,1550.05,8001.450000000001,1,Promo modérée
34,2023-03-11,3437.42,1542.32,581.19,1746.75,3404.11,10711.79,1,Promo modérée
34,2023-03-18,1801.13,1167.61,3044.04,1610.28,365.56,7988.62,1,Promo modérée
34,2023-03-25,771.92,2739.64,1336.25,1613.3,4181.55,10642.66,1,Promo modérée
34,2023-04-01,2542.44,2228.91,1984.69,248.58,2384.91,9389.53,1,Promo modérée
34,2023-04-08,2531.03,455.84,3728.87,2276.05,1426.36,10418.150000000001,1,Promo modérée
34,2023-04-15,2800.35,578.43,933.9,1973.21,1445.8,7731.69,1,Promo modérée
34,2023-04-22,3693.12,787.7,2859.83,1535.69,2851.91,11728.25,1,Promo modérée
34,2023-04-29,4143.16,1939.28,767.97,997.43,2317.07,10164.91,1,Promo modérée
34,2023-05-06,418.54,2784.07,1770.95,2653.65,564.77,8191.980000000001,1,Promo modérée
34,2023-05-13,517.04,1460.49,3153.11,997.32,3356.0,9483.96,1,Promo modérée
34,2023-05-20,610.48,1077.93,1957.65,1615.63,1156.72,6418.410000000001,1,Promo modérée
34,2023-05-27,2961.16,1965.84,3031.8,3164.03,3447.02,14569.85,1,Promo modérée
34,2023-06-03,3911.23,2159.14,1068.81,2965.94,642.98,10748.1,1,Promo modérée
34,2023-06-10,2299.04,1660.72,1661.67,874.94,2988.54,9484.91,1,Promo modérée
34,2023-06-17,294.98,1269.25,39.41,2316.58,2286.73,6206.950000000001,1,Promo modérée
34,2023-06-24,4911.84,2878.14,3141.24,2848.3,1847.45,15626.970000000001,1,Promo modérée
34,2023-07-01,1679.71,4688.63,3370.23,1534.94,8056.48,19329.989999999998,1,Promo modérée
34,2023-07-08,629.28,1543.63,3102.63,2563.0,1175.54,9014.08,1,Promo modérée
34,2023-07-15,1222.1,2124.35,36.32,327.6,2741.8,6452.17,1,Promo modérée
34,2023-07-22,4011.28,2456.49,2457.69,1025.62,2077.32,12028.400000000001,1,Promo modérée
34,2023-07-29,2030.14,1874.0,385.34,2719.66,452.09,7461.2300000000005,1,Promo modérée
34,2023-08-05,3122.65,2539.65,40.97,929.93,4087.52,10720.720000000001,1,Promo modérée
34,2023-08-12,365.8,2151.98,1295.22,1630.47,748.17,6191.64,1,Promo modérée
34,2023-08-19,894.31,2556.03,2957.15,2022.06,577.5,9007.05,1,Promo modérée
34,2023-08-26,586.06,493.47,3852.54,2708.41,1070.42,8710.9,1,Promo modérée
34,2023-09-02,9036.24,2519.21,3536.15,4809.17,3942.24,23843.010000000002,1,Promo forte
34,2023-09-09,1514.15,962.18,2964.11,2552.06,3685.13,11677.630000000001,1,Promo modérée
34,2023-09-16,3808.76,295.85,3928.45,3062.81,2400.58,13496.45,1,Promo modérée
34,2023-09-23,368.33,2414.56,2565.99,142.03,1409.23,6900.139999999999,1,Promo modérée
34,2023-09-30,4557.75,168.32,1464.05,720.2,3334.65,10244.97,1,Promo modérée
34,2023-10-07,2035.55,1909.08,460.82,2395.79,467.54,7268.78,1,Promo modérée
34,2023-10-14,3880.26,1435.41,1710.35,1009.17,576.18,8611.37,1,Promo modérée
34,2023-10-21,1093.41,7.17,1968.47,1444.01,3492.03,8005.09,1,Promo modérée
34,2023-10-28,4669.7,35.19,1563.16,908.96,2393.37,9570.38,1,Promo modérée
34,2023-11-04,1992.84,2969.8,2940.15,1244.63,421.62,9569.040000000003,1,Promo modérée
34,2023-11-11,4935.44,978.73,1207.58,3161.56,528.37,10811.68,1,Promo modérée
34,2023-11-18,95.87,1127.49,2821.41,1706.35,3323.93,9075.05,1,Promo modérée
34,2023-11-25,10060.75,1598.26,6280.03,4603.08,9150.53,31692.65,1,Promo forte
34,2023-12-02,1099.86,1411.26,3570.28,671.54,1295.42,8048.36,1,Promo modérée
34,2023-12-09,2210.72,286.83,3968.7,3115.5,3679.03,13260.78,1,Promo modérée
34,2023-12-16,3408.19,2977.38,1638.98,395.66,3905.01,12325.22,1,Promo modérée
34,2023-12-23,5409.0,4739.21,229.06,3183.56,1540.05,15100.879999999997,1,Promo modérée
34,2023-12-30,4362.19,3716.73,4785.95,5848.97,8483.43,27197.27,1,Promo forte
34,2024-01-06,5582.23,5961.36,8306.63,2927.59,7184.47,29962.280000000002,1,Promo forte
34,2024-01-13,2523.75,54.92,3264.15,1669.36,337.63,7849.8099999999995,1,Promo modérée
34,2024-01-20,638.45,2752.95,3826.12,485.02,1036.06,8738.599999999999,1,Promo modérée
34,2024-01-27,4745.85,2887.33,3367.15,2435.0,3243.03,16678.36,1,Promo modérée
34,2024-02-03,484.23,674.66,3851.77,1173.0,1208.13,7391.79,1,Promo modérée
34,2024-02-10,3200.8,669.55,2590.67,350.28,188.44,6999.74,1,Promo modérée
34,2024-02-17,1196.77,2436.94,578.67,2844.99,2629.05,9686.42,1,Promo modérée
34,2024-02-24,3363.65,2420.74,178.93,1329.68,1578.28,8871.28,1,Promo modérée
34,2024-03-02,4618.76,2450.82,766.56,463.19,3875.63,12174.96,1,Promo modérée
34,2024-03-09,1504.68,1549.79,3291.67,386.02,1615.2,8347.36,1,Promo modérée
34,2024-03-16,3322.44,1183.34,2285.26,3469.25,2410.09,12670.380000000001,1,Promo modérée
34,2024-03-23,806.43,1596.99,2452.98,3122.81,946.91,8926.119999999999,1,Promo modérée
34,2024-03-30,1295.9,243.0,3834.3,1372.71,2803.43,9549.34,1,Promo modérée
34,2024-04-06,1015.47,2833.99,3814.03,1689.29,760.82,10113.599999999999,1,Promo modérée
34,2024-04-13,4478.26,1246.15,333.83,487.23,3971.02,10516.49,1,Promo modérée
34,2024-04-20,115.12,1742.97,977.35,1865.98,1256.71,5958.13,1,Promo modérée
34,2024-04-27,537.84,2908.27,698.42,2215.91,372.35,6732.79,1,Promo modérée
34,2024-05-04,1414.68,1598.55,498.02,708.4,3301.99,7521.639999999999,1,Promo modérée
34,2024-05-11,476.89,844.17,371.67,3031.42,297.33,5021.48,1,Promo modérée
34,2024-05-18,249.96,1771.13,2681.41,2172.29,2436.65,9311.44,1,Promo modérée
34,2024-05-25,1924.29,789.01,3577.0,1985.95,3248.33,11524.58,1,Promo modérée
34,2024-06-01,1203.62,1943.01,3818.34,2178.56,4294.0,13437.53,1,Promo modérée
34,2024-06-08,2472.36,1959.33,1176.56,3234.84,4065.73,12908.82,1,Promo modérée
34,2024-06-15,3826.72,369.71,2565.75,1847.49,3266.95,11876.619999999999,1,Promo modérée
34,2024-06-22,4516.67,988.13,3942.02,161.72,2231.44,11839.98,1,Promo modérée
34,2024-06-29,1336.28,2249.02,3558.7,2322.94,3891.19,13358.130000000001,1,Promo modérée
34,2024-07-06,8557.67,6232.15,7902.11,1886.25,3207.53,27785.71,1,Promo forte
34,2024-07-13,3807.11,1024.28,2294.88,165.11,922.55,8213.93,1,Promo modérée
34,2024-07-20,762.45,2189.38,3252.22,828.0,1033.44,8065.49,1,Promo modérée
34,2024-07-27,4519.46,448.73,3005.77,2007.81,4229.65,14211.42,1,Promo modérée
34,2024-08-03,1754.35,627.05,3650.08,2570.18,408.16,9009.82,1,Promo modérée
34,2024-08-10,2842.99,1614.77,1019.51,3359.21,4275.54,13112.02,1,Promo modérée
34,2024-08-17,4432.59,1554.89,3358.71,2461.76,2248.08,14056.03,1,Promo modérée
34,2024-08-24,834.04,524.38,41.57,2146.65,4474.55,8021.1900000000005,1,Promo modérée
34,2024-08-31,1490.4,1105.88,325.69,2218.28,786.89,5927.14,1,Promo modérée
34,2024-09-07,1159.36,3292.36,551.64,696.01,6271.65,11971.02,1,Promo modérée
34,2024-09-14,1503.05,745.16,3017.14,2567.68,669.74,8502.77,1,Promo modérée
34,2024-09-21,4880.12,2250.63,3120.21,970.98,2.37,11224.31,1,Promo modérée
34,2024-09-28,248.2,2627.65,2400.51,375.81,3448.82,9100.990000000002,1,Promo modérée
34,2024-10-05,1647.82,2542.28,174.61,1747.51,808.18,6920.400000000001,1,Promo modérée
34,2024-10-12,1588.37,2674.52,3063.04,812.74,4291.19,12429.859999999999,1,Promo modérée
34,2024-10-19,4098.49,1032.48,3499.91,2841.9,3035.72,14508.499999999998,1,Promo modérée
34,2024-10-26,1078.65,2950.13,3264.24,3322.29,955.65,11570.960000000001,1,Promo modérée
34,2024-11-02,4758.13,2001.58,1258.53,3341.01,3328.79,14688.04,1,Promo modérée
34,2024-11-09,4982.94,975.27,2686.82,2956.84,788.18,12390.05,1,Promo modérée
34,2024-11-16,4359.87,407.64,3512.47,2102.42,2794.75,13177.15,1,Promo modérée
34,2024-11-23,6274.57,3650.9,2586.29,4620.44,4349.73,21481.929999999997,1,Promo forte
34,2024-11-30,9762.45,3435.47,4910.71,2824.42,3961.67,24894.72,1,Promo forte
34,2024-12-07,2884.55,853.94,1729.6,1837.17,2664.63,9969.89,1,Promo modérée
34,2024-12-14,4218.87,762.74,1400.69,2082.17,3985.98,12450.449999999999,1,Promo modérée
34,2024-12-21,9266.96,5401.57,7990.74,7605.12,4907.4,35171.78999999999,1,Promo forte
35,2022-01-01,3695.67,312.22,4486.61,3650.58,849.06,12994.14,1,Promo modérée
35,2022-01-08,4303.52,2217.82,1553.69,2203.21,843.54,11121.780000000002,1,Promo modérée
35,2022-01-15,88.67,1756.11,576.48,2731.52,1872.34,7025.120000000001,1,Promo modérée
35,2022-01-22,657.98,998.43,1563.15,1038.8,4205.11,8463.47,1,Promo modérée
35,2022-01-29,3484.84,2598.49,2736.6,660.52,2916.57,12397.02,1,Promo modérée
35,2022-02-05,1320.95,2752.15,3849.43,2549.75,255.89,10728.17,1,Promo modérée
35,2022-02-12,4665.54,1870.62,3436.5,1118.94,123.14,11214.74,1,Promo modérée
35,2022-02-19,790.82,587.34,1316.29,2649.26,176.6,5520.31,1,Promo modérée
35,2022-02-26,1951.06,859.68,2596.38,3393.49,20.11,8820.720000000001,1,Promo modérée
35,2022-03-05,2867.29,291.94,562.38,2762.48,1030.94,7515.030000000001,1,Promo modérée
35,2022-03-12,3656.08,1938.33,1490.69,792.65,2321.53,10199.28,1,Promo modérée
35,2022-03-19,4991.73,2074.23,3330.7,1172.33,2287.54,13856.529999999999,1,Promo modérée
35,2022-03-26,3314.06,2800.98,1755.14,1235.3,4026.09,13131.57,1,Promo modérée
35,2022-04-02,1764.43,211.7,2449.16,1130.52,1523.05,7078.86,1,Promo modérée
35,2022-04-09,2122.13,164.78,2789.07,3357.35,2964.41,11397.74,1,Promo modérée
35,2022-04-16,1569.15,292.04,3582.88,3097.92,2768.56,11310.55,1,Promo modérée
35,2022-04-23,1626.48,1294.41,1415.56,578.3,504.58,5419.330000000001,1,Promo modérée
35,2022-04-30,184.12,1800.84,993.96,2093.69,2763.56,7836.17,1,Promo modérée
35,2022-05-07,3635.62,2926.03,3709.46,2137.62,1187.69,13596.42,1,Promo modérée
35,2022-05-14,3067.93,1558.14,1663.82,156.48,3895.6,10341.97,1,Promo modérée
35,2022-05-21,7.14,218.72,1439.55,659.39,1192.76,3517.5599999999995,1,Promo faible
35,2022-05-28,4957.4,2795.02,1409.27,1118.91,1089.77,11370.37,1,Promo modérée
35,2022-06-04,1184.33,2209.0,1152.59,2074.55,2872.94,9493.41,1,Promo modérée
35,2022-06-11,2880.8,227.24,2073.03,306.13,1516.75,7003.95,1,Promo modérée
35,2022-06-18,3701.35,763.75,1197.6,2241.03,4343.5,12247.230000000001,1,Promo modérée
35,2022-06-25,1584.22,2000.61,125.73,1260.56,1160.88,6132.0,1,Promo modérée
35,2022-07-02,4232.48,324.08,6326.42,4144.17,7164.08,22191.23,1,Promo forte
35,2022-07-09,1707.85,1474.17,3702.86,3174.37,3923.42,13982.67,1,Promo modérée
35,2022-07-16,1072.68,423.77,3369.54,2509.18,3696.4,11071.57,1,Promo modérée
35,2022-07-23,2912.92,2294.63,1662.43,464.87,2426.69,9761.54,1,Promo modérée
35,2022-07-30,1348.25,509.82,3557.57,563.13,1548.67,7527.4400000000005,1,Promo modérée
35,2022-08-06,3293.13,1078.48,1430.88,1760.33,151.48,7714.3,1,Promo modérée
35,2022-08-13,4136.92,496.93,2146.77,292.86,3621.57,10695.050000000001,1,Promo modérée
35,2022-08-20,572.53,1383.22,940.99,3325.78,1626.13,7848.650000000001,1,Promo modérée
35,2022-08-27,812.03,2814.91,3202.98,773.54,1497.03,9100.49,1,Promo modérée
35,2022-09-03,8383.8,6199.28,7059.58,7196.03,8124.04,36962.729999999996,1,Promo forte
35,2022-09-10,3970.87,2549.53,1661.86,1241.99,874.82,10299.07,1,Promo modérée
35,2022-09-17,1483.72,2382.73,238.73,1876.98,1570.95,7553.11,1,Promo modérée
35,2022-09-24,1352.18,2110.82,3485.01,667.73,318.23,7933.969999999999,1,Promo modérée
35,2022-10-01,2200.63,1439.77,569.32,1623.96,40.73,5874.41,1,Promo modérée
35,2022-10-08,1006.06,2264.67,1895.57,1679.1,2903.37,9748.77,1,Promo modérée
35,2022-10-15,2149.7,2030.66,2.82,3356.87,785.19,8325.24,1,Promo modérée
35,2022-10-22,179.79,361.64,960.43,1535.53,2333.03,5370.42,1,Promo modérée
35,2022-10-29,4607.66,1169.53,3056.03,665.66,291.06,9789.939999999999,1,Promo modérée
35,2022-11-05,1470.16,328.54,2671.29,981.53,3797.83,9249.349999999999,1,Promo modérée
35,2022-11-12,1471.53,1509.18,77.63,2127.41,2401.83,7587.58,1,Promo modérée
35,2022-11-19,4515.05,54.06,3213.07,1677.71,3680.97,13140.859999999999,1,Promo modérée
35,2022-11-26,2795.94,4747.75,1701.77,5560.69,2907.35,17713.5,1,Promo modérée
35,2022-12-03,4619.54,468.58,1077.29,1029.05,1373.79,8568.25,1,Promo modérée
35,2022-12-10,2852.07,580.08,1459.55,202.79,4286.46,9380.95,1,Promo modérée
35,2022-12-17,967.14,2084.88,3859.48,640.74,519.4,8071.639999999999,1,Promo modérée
35,2022-12-24,687.07,6076.41,3284.05,5147.69,6608.13,21803.35,1,Promo forte
35,2022-12-31,8733.92,871.28,5410.85,4712.2,5.54,19733.79,1,Promo modérée
35,2023-01-07,7263.35,45.7,7523.24,149.38,8790.5,23772.17,1,Promo forte
35,2023-01-14,1782.18,1528.63,2330.77,1022.15,4465.78,11129.509999999998,1,Promo modérée
35,2023-01-21,4301.64,986.85,751.42,161.48,4429.39,10630.78,1,Promo modérée
35,2023-01-28,1164.5,1849.15,299.39,1781.48,1743.44,6837.960000000001,1,Promo modérée
35,2023-02-04,1880.79,712.5,1752.36,1394.18,2840.33,8580.16,1,Promo modérée
35,2023-02-11,4832.58,556.33,276.24,925.96,1858.14,8449.25,1,Promo modérée
35,2023-02-18,4751.0,375.19,491.65,858.5,345.47,6821.8099999999995,1,Promo modérée
35,2023-02-25,1187.59,1555.09,2078.37,3049.78,115.34,7986.17,1,Promo modérée
35,2023-03-04,2880.7,917.63,1869.18,2870.04,2343.14,10880.689999999999,1,Promo modérée
35,2023-03-11,1170.6,960.01,3154.51,1252.01,1816.02,8353.15,1,Promo modérée
35,2023-03-18,2455.38,1374.65,625.4,621.49,193.28,5270.2,1,Promo modérée
35,2023-03-25,4950.23,1193.99,3155.39,736.91,1111.69,11148.21,1,Promo modérée
35,2023-04-01,1115.61,1583.55,2744.92,1091.58,1075.82,7611.48,1,Promo modérée
35,2023-04-08,1161.05,260.9,3919.04,947.71,1240.48,7529.18,1,Promo modérée
35,2023-04-15,2257.37,1645.04,1867.8,1821.83,4444.11,12036.15,1,Promo modérée
35,2023-04-22,2047.85,491.62,2845.44,773.81,3370.03,9528.75,1,Promo modérée
35,2023-04-29,3140.83,2932.19,2970.89,2546.96,1191.9,12782.769999999999,1,Promo modérée
35,2023-05-06,1179.18,1191.97,1138.56,698.73,302.04,4510.4800000000005,1,Promo faible
35,2023-05-13,4700.1,2899.43,1218.62,910.68,469.82,10198.650000000001,1,Promo modérée
35,2023-05-20,4553.93,2485.03,3093.77,3070.34,3941.87,17144.940000000002,1,Promo modérée
35,2023-05-27,2210.25,2061.39,1444.4,2892.95,666.29,9275.279999999999,1,Promo modérée
35,2023-06-03,1197.32,2530.19,1185.06,3268.53,985.85,9166.95,1,Promo modérée
35,2023-06-10,4119.89,245.78,1780.54,256.9,1484.04,7887.15,1,Promo modérée
35,2023-06-17,1645.75,1761.31,685.68,2487.48,1816.47,8396.689999999999,1,Promo modérée
35,2023-06-24,4193.77,2401.44,1051.06,1459.44,2034.8,11140.51,1,Promo modérée
35,2023-07-01,3228.99,934.67,1133.17,2132.58,7545.32,14974.73,1,Promo modérée
35,2023-07-08,335.52,279.5,1381.47,1569.43,3590.27,7156.1900000000005,1,Promo modérée
35,2023-07-15,2255.91,2770.93,1571.6,737.39,1517.83,8853.66,1,Promo modérée
35,2023-07-22,2922.27,1995.14,3451.68,3029.91,915.79,12314.79,1,Promo modérée
35,2023-07-29,902.35,2397.84,645.86,2596.22,666.67,7208.9400000000005,1,Promo modérée
35,2023-08-05,538.38,1219.39,2707.68,331.09,490.65,5287.19,1,Promo modérée
35,2023-08-12,4915.28,1734.41,3845.91,1067.27,1896.77,13459.64,1,Promo modérée
35,2023-08-19,3649.38,1221.19,24.99,1014.81,1557.57,7467.939999999999,1,Promo modérée
35,2023-08-26,1955.52,107.29,3046.74,569.72,2674.96,8354.23,1,Promo modérée
35,2023-09-02,2025.36,3965.68,6458.17,2749.27,1608.66,16807.14,1,Promo modérée
35,2023-09-09,413.63,541.49,510.05,1732.65,1563.98,4761.8,1,Promo faible
35,2023-09-16,2252.31,1925.89,650.14,184.04,720.38,5732.76,1,Promo modérée
35,2023-09-23,4638.05,2066.41,1893.22,332.39,3833.06,12763.13,1,Promo modérée
35,2023-09-30,4556.08,152.1,3272.47,1938.28,2750.42,12669.35,1,Promo modérée
35,2023-10-07,4046.45,2283.22,3872.44,3274.99,962.94,14440.04,1,Promo modérée
35,2023-10-14,544.69,1055.27,2660.96,2719.2,2012.25,8992.369999999999,1,Promo modérée
35,2023-10-21,4642.12,1062.3,3545.46,2752.19,4327.84,16329.910000000002,1,Promo modérée
35,2023-10-28,810.35,137.9,1463.38,2754.02,2781.97,7947.619999999999,1,Promo modérée
35,2023-11-04,2272.84,2975.31,3518.16,1087.21,2670.78,12524.300000000001,1,Promo modérée
35,2023-11-11,2528.3,1942.8,766.18,777.79,866.51,6881.580000000001,1,Promo modérée
35,2023-11-18,4489.18,2545.45,2812.61,849.61,2768.93,13465.78,1,Promo modérée
35,2023-11-25,1722.84,2326.02,583.27,5511.14,9776.21,19919.48,1,Promo modérée
35,2023-12-02,3633.03,769.56,1553.18,2460.85,4071.53,12488.150000000001,1,Promo modérée
35,2023-12-09,2592.17,2581.88,2152.18,2617.14,2465.81,12409.179999999998,1,Promo modérée
35,2023-12-16,2204.19,2428.77,3315.96,571.82,2487.85,11008.59,1,Promo modérée
35,2023-12-23,10111.67,6173.96,927.15,5413.24,329.0,22955.020000000004,1,Promo forte
35,2023-12-30,7368.65,5582.51,7663.95,158.0,8100.46,28873.57,1,Promo forte
35,2024-01-06,2635.75,3237.2,7612.7,6184.13,4909.7,24579.48,1,Promo forte
35,2024-01-13,1740.02,492.19,28.6,281.84,3418.32,5960.97,1,Promo modérée
35,2024-01-20,3753.09,824.13,2566.92,1745.49,2807.21,11696.84,1,Promo modérée
35,2024-01-27,1082.26,1345.48,2097.28,299.7,3626.87,8451.59,1,Promo modérée
35,2024-02-03,4929.7,520.56,1382.22,588.9,3963.85,11385.23,1,Promo modérée
35,2024-02-10,590.76,1083.8,144.76,2972.55,80.49,4872.36,1,Promo faible
35,2024-02-17,2759.26,225.26,2459.55,2351.97,4363.64,12159.68,1,Promo modérée
35,2024-02-24,2928.56,1210.06,1348.17,2546.74,1335.02,9368.55,1,Promo modérée
35,2024-03-02,1907.38,2663.61,61.22,3317.53,4045.05,11994.79,1,Promo modérée
35,2024-03-09,484.49,2560.92,536.61,900.45,3930.82,8413.29,1,Promo modérée
35,2024-03-16,1161.76,1258.7,1272.65,871.65,1414.93,5979.6900000000005,1,Promo modérée
35,2024-03-23,2516.59,2988.39,2614.36,2462.2,1411.3,11992.84,1,Promo modérée
35,2024-03-30,3741.44,639.48,1614.01,1649.15,749.36,8393.44,1,Promo modérée
35,2024-04-06,2126.36,1500.83,2172.77,1791.69,406.48,7998.129999999999,1,Promo modérée
35,2024-04-13,2897.43,665.47,831.03,129.49,1918.71,6442.129999999999,1,Promo modérée
35,2024-04-20,3347.01,1920.21,2418.96,3178.23,71.51,10935.92,1,Promo modérée
35,2024-04-27,1082.06,550.26,2352.89,977.99,1532.22,6495.42,1,Promo modérée
35,2024-05-04,1729.96,743.43,539.4,120.69,4444.63,7578.110000000001,1,Promo modérée
35,2024-05-11,3001.44,2171.49,1579.47,1357.14,1730.16,9839.7,1,Promo modérée
35,2024-05-18,3356.3,0.31,3065.03,3146.83,232.28,9800.750000000002,1,Promo modérée
35,2024-05-25,3061.59,1927.98,3253.98,1004.22,3046.81,12294.579999999998,1,Promo modérée
35,2024-06-01,3568.54,2262.06,2016.12,450.51,1240.48,9537.71,1,Promo modérée
35,2024-06-08,1441.03,2.94,1453.03,2123.98,3481.64,8502.619999999999,1,Promo modérée
35,2024-06-15,3885.99,1528.12,488.7,2251.9,4348.53,12503.239999999998,1,Promo modérée
35,2024-06-22,1784.83,1038.62,3688.33,739.59,1701.13,8952.5,1,Promo modérée
35,2024-06-29,2492.84,2281.48,2277.9,1347.02,2993.13,11392.369999999999,1,Promo modérée
35,2024-07-06,5827.61,1165.06,2306.23,5901.47,6467.4,21667.769999999997,1,Promo forte
35,2024-07-13,1274.55,971.56,786.59,1081.27,3732.66,7846.629999999999,1,Promo modérée
35,2024-07-20,4424.12,2578.94,251.5,3033.44,228.98,10516.98,1,Promo modérée
35,2024-07-27,3430.6,2060.89,3688.51,1371.48,14.79,10566.27,1,Promo modérée
35,2024-08-03,4110.76,2547.68,577.75,2210.24,779.13,10225.56,1,Promo modérée
35,2024-08-10,4043.55,458.48,779.68,731.03,3492.06,9504.800000000001,1,Promo modérée
35,2024-08-17,2818.42,1834.77,3398.14,315.63,756.08,9123.039999999999,1,Promo modérée
35,2024-08-24,4619.29,1640.54,1893.09,2914.68,2457.38,13524.98,1,Promo modérée
35,2024-08-31,367.08,2210.84,2489.37,1602.05,3194.12,9863.46,1,Promo modérée
35,2024-09-07,185.62,1343.15,4584.44,4252.29,854.7,11220.2,1,Promo modérée
35,2024-09-14,3856.82,1380.78,1702.64,2468.77,2498.86,11907.87,1,Promo modérée
35,2024-09-21,4179.99,1266.88,2876.25,1503.19,4.56,9830.869999999999,1,Promo modérée
35,2024-09-28,1012.74,371.32,2914.24,2642.01,1192.49,8132.799999999999,1,Promo modérée
35,2024-10-05,930.16,2618.68,3333.25,1460.13,3245.41,11587.630000000001,1,Promo modérée
35,2024-10-12,3534.09,1582.19,2762.16,1649.21,3161.53,12689.180000000002,1,Promo modérée
35,2024-10-19,4142.34,1369.76,1838.59,1869.01,1096.48,10316.18,1,Promo modérée
35,2024-10-26,2072.88,2492.8,3010.66,3035.46,2950.79,13562.59,1,Promo modérée
35,2024-11-02,3744.54,1885.33,63.97,2097.41,658.26,8449.51,1,Promo modérée
35,2024-11-09,628.28,768.5,3.43,965.26,2782.83,5148.3,1,Promo modérée
35,2024-11-16,1955.95,1161.11,1395.24,436.58,2153.27,7102.15,1,Promo modérée
35,2024-11-23,6854.01,3283.72,7699.1,5694.25,1596.46,25127.54,1,Promo forte
35,2024-11-30,7178.28,6195.58,7624.05,992.54,115.35,22105.8,1,Promo forte
35,2024-12-07,2379.98,2238.23,659.91,836.82,1091.36,7206.299999999999,1,Promo modérée
35,2024-12-14,3304.26,2845.51,2427.69,847.54,3737.06,13162.06,1,Promo modérée
35,2024-12-21,6644.2,3682.8,3577.17,2266.72,4295.68,20466.57,1,Promo forte
36,2022-01-01,7132.3,1962.49,8337.1,2017.09,7050.11,26499.09,1,Promo forte
36,2022-01-08,920.36,1300.69,3065.11,2684.8,1069.0,9039.96,1,Promo modérée
36,2022-01-15,1468.26,2277.05,2041.0,2774.13,3397.08,11957.52,1,Promo modérée
36,2022-01-22,2414.12,2607.36,285.75,2296.09,508.62,8111.94,1,Promo modérée
36,2022-01-29,3863.11,1449.91,3623.83,1529.61,4014.1,14480.560000000001,1,Promo modérée
36,2022-02-05,4339.61,1286.14,1685.87,1712.94,1288.37,10312.93,1,Promo modérée
36,2022-02-12,4170.75,2060.62,850.41,3036.83,392.72,10511.33,1,Promo modérée
36,2022-02-19,3614.13,2810.76,2836.36,1243.59,2700.31,13205.15,1,Promo modérée
36,2022-02-26,2474.27,2196.41,2629.03,1588.61,3281.84,12170.160000000002,1,Promo modérée
36,2022-03-05,1722.12,2424.57,3100.44,884.35,248.19,8379.670000000002,1,Promo modérée
36,2022-03-12,64.07,1283.19,1359.06,2437.65,4394.99,9538.96,1,Promo modérée
36,2022-03-19,3488.49,1056.09,416.8,2556.2,3575.89,11093.47,1,Promo modérée
36,2022-03-26,1870.82,2332.08,878.43,2821.91,3033.09,10936.33,1,Promo modérée
36,2022-04-02,724.75,1593.5,2775.36,1627.74,315.18,7036.530000000001,1,Promo modérée
36,2022-04-09,1993.03,2953.2,530.72,2586.99,1893.94,9957.88,1,Promo modérée
36,2022-04-16,4562.22,157.0,770.35,2366.16,4148.28,12004.01,1,Promo modérée
36,2022-04-23,2761.61,1154.05,2232.11,3263.53,2186.1,11597.400000000001,1,Promo modérée
36,2022-04-30,2349.64,2224.11,3635.28,1267.96,4452.2,13929.190000000002,1,Promo modérée
36,2022-05-07,3168.89,138.58,407.15,1018.54,2590.37,7323.53,1,Promo modérée
36,2022-05-14,338.2,1832.62,2423.34,1771.15,3119.15,9484.46,1,Promo modérée
36,2022-05-21,337.83,2457.38,2152.93,3398.67,4240.47,12587.279999999999,1,Promo modérée
36,2022-05-28,2663.32,926.3,192.28,2477.13,4346.18,10605.210000000001,1,Promo modérée
36,2022-06-04,4572.65,2567.07,2114.84,2369.05,3151.43,14775.04,1,Promo modérée
36,2022-06-11,3550.18,1664.51,1039.04,2813.18,1823.76,10890.67,1,Promo modérée
36,2022-06-18,1380.72,756.42,184.08,1611.73,2351.67,6284.62,1,Promo modérée
36,2022-06-25,3069.04,2598.4,164.16,1737.07,2650.62,10219.29,1,Promo modérée
36,2022-07-02,3473.57,5047.38,6571.1,2659.59,4837.61,22589.25,1,Promo forte
36,2022-07-09,1460.1,932.02,3744.22,2917.85,2543.25,11597.44,1,Promo modérée
36,2022-07-16,3061.5,2520.7,181.99,2124.72,2538.9,10427.81,1,Promo modérée
36,2022-07-23,553.09,1330.82,3991.73,2412.48,3079.34,11367.46,1,Promo modérée
36,2022-07-30,4963.53,377.34,683.63,1079.28,2305.69,9409.47,1,Promo modérée
36,2022-08-06,3083.4,2132.37,1589.78,642.17,1377.07,8824.79,1,Promo modérée
36,2022-08-13,4209.93,467.65,1319.66,2069.23,3315.88,11382.349999999999,1,Promo modérée
36,2022-08-20,3628.83,2089.0,3010.74,3205.58,3202.73,15136.88,1,Promo modérée
36,2022-08-27,1769.16,2763.15,2051.02,2198.36,1869.13,10650.82,1,Promo modérée
36,2022-09-03,7798.58,3147.42,6149.03,4091.75,1329.63,22516.41,1,Promo forte
36,2022-09-10,4720.57,2336.84,1457.79,2112.51,1920.09,12547.800000000001,1,Promo modérée
36,2022-09-17,3513.19,2796.64,250.9,1376.32,2765.91,10702.96,1,Promo modérée
36,2022-09-24,34.68,2361.77,598.67,3131.17,698.06,6824.35,1,Promo modérée
36,2022-10-01,1033.8,896.09,430.03,18.51,1077.61,3456.04,1,Promo faible
36,2022-10-08,1362.06,2310.67,1923.48,637.65,1764.96,7998.82,1,Promo modérée
36,2022-10-15,4725.66,2664.38,2865.11,1143.22,1259.66,12658.029999999999,1,Promo modérée
36,2022-10-22,3622.34,1832.69,3225.2,1898.71,2832.93,13411.869999999999,1,Promo modérée
36,2022-10-29,2363.66,599.62,330.67,77.62,3440.67,6812.24,1,Promo modérée
36,2022-11-05,2442.6,1836.21,1480.79,284.09,4263.18,10306.869999999999,1,Promo modérée
36,2022-11-12,2214.95,2265.41,1236.02,1135.78,1845.37,8697.529999999999,1,Promo modérée
36,2022-11-19,1765.94,305.07,3036.69,1032.71,817.49,6957.900000000001,1,Promo modérée
36,2022-11-26,9799.54,4186.87,4661.69,1674.28,1201.7,21524.079999999998,1,Promo forte
36,2022-12-03,1450.09,1639.25,2499.97,252.88,2763.23,8605.42,1,Promo modérée
36,2022-12-10,4699.05,1221.05,2122.29,2535.1,1671.57,12249.06,1,Promo modérée
36,2022-12-17,176.14,1996.06,2813.7,91.23,3119.32,8196.449999999999,1,Promo modérée
36,2022-12-24,2530.87,4960.22,7639.18,6272.04,2563.1,23965.41,1,Promo forte
36,2022-12-31,9998.8,2817.52,7618.43,1228.5,7593.24,29256.489999999998,1,Promo forte
36,2023-01-07,5076.94,5797.34,7210.54,3628.05,6047.4,27760.269999999997,1,Promo forte
36,2023-01-14,1890.64,821.75,1005.99,1241.75,1706.52,6666.65,1,Promo modérée
36,2023-01-21,1240.82,369.9,2889.25,3234.86,158.17,7893.0,1,Promo modérée
36,2023-01-28,3751.9,1719.1,2802.2,807.44,3098.48,12179.12,1,Promo modérée
36,2023-02-04,3836.13,1745.41,255.42,133.03,977.25,6947.24,1,Promo modérée
36,2023-02-11,3557.49,1040.03,2252.01,353.21,1868.48,9071.22,1,Promo modérée
36,2023-02-18,3403.48,1359.17,2768.36,604.87,2477.19,10613.07,1,Promo modérée
36,2023-02-25,4684.07,651.66,3252.8,5.62,116.48,8710.63,1,Promo modérée
36,2023-03-04,657.34,670.78,2011.98,1116.99,953.61,5410.7,1,Promo modérée
36,2023-03-11,1373.6,1135.86,3286.22,3254.05,1093.4,10143.13,1,Promo modérée
36,2023-03-18,2339.96,2947.73,3883.32,1772.64,2439.14,13382.789999999999,1,Promo modérée
36,2023-03-25,177.18,2558.19,3761.78,91.8,3551.68,10140.63,1,Promo modérée
36,2023-04-01,2475.93,2560.13,2734.03,1444.23,3098.56,12312.88,1,Promo modérée
36,2023-04-08,3695.28,2804.79,159.24,3019.71,3563.09,13242.11,1,Promo modérée
36,2023-04-15,2038.76,1581.13,2961.18,2085.86,1316.53,9983.460000000001,1,Promo modérée
36,2023-04-22,3785.93,2467.9,2199.36,3038.02,566.62,12057.830000000002,1,Promo modérée
36,2023-04-29,2271.01,537.82,2513.7,664.88,2168.09,8155.500000000001,1,Promo modérée
36,2023-05-06,3580.57,920.18,2792.43,2287.17,297.51,9877.86,1,Promo modérée
36,2023-05-13,2523.96,2250.48,3213.18,3231.69,2237.35,13456.660000000002,1,Promo modérée
36,2023-05-20,3141.07,2075.57,2932.11,677.36,4417.42,13243.53,1,Promo modérée
36,2023-05-27,2796.92,1786.45,2153.94,149.62,3065.9,9952.83,1,Promo modérée
36,2023-06-03,2524.27,1432.07,1601.22,1100.41,662.33,7320.3,1,Promo modérée
36,2023-06-10,2877.44,2114.52,2517.52,958.66,2491.69,10959.83,1,Promo modérée
36,2023-06-17,3669.93,824.0,3680.78,981.95,4484.8,13641.460000000003,1,Promo modérée
36,2023-06-24,281.07,803.37,1298.36,389.5,1971.59,4743.89,1,Promo faible
36,2023-07-01,5675.9,4116.64,347.78,4304.98,3644.19,18089.49,1,Promo modérée
36,2023-07-08,3222.97,50.9,2812.51,619.82,3071.57,9777.77,1,Promo modérée
36,2023-07-15,3469.94,1568.13,3838.67,1252.34,3248.37,13377.45,1,Promo modérée
36,2023-07-22,643.64,10.94,2975.03,651.85,230.37,4511.83,1,Promo faible
36,2023-07-29,663.27,1212.32,2081.63,2884.68,2635.31,9477.21,1,Promo modérée
36,2023-08-05,3629.03,2965.95,1872.14,1292.62,3834.93,13594.669999999998,1,Promo modérée
36,2023-08-12,1982.63,2958.25,1393.95,2477.88,1126.81,9939.519999999999,1,Promo modérée
36,2023-08-19,3591.82,2040.82,1685.08,89.52,101.93,7509.170000000001,1,Promo modérée
36,2023-08-26,4410.59,590.99,1437.7,1978.58,1312.51,9730.37,1,Promo modérée
36,2023-09-02,5857.29,3630.37,8660.47,4619.74,6599.61,29367.479999999996,1,Promo forte
36,2023-09-09,2936.86,1328.35,2312.83,1640.7,638.47,8857.21,1,Promo modérée
36,2023-09-16,1206.13,1283.87,2489.78,791.68,3370.48,9141.94,1,Promo modérée
36,2023-09-23,977.33,2209.93,1674.71,2081.2,482.69,7425.859999999999,1,Promo modérée
36,2023-09-30,2162.15,2034.12,2510.91,365.06,3365.67,10437.91,1,Promo modérée
36,2023-10-07,1781.46,2194.52,2200.24,2339.23,712.43,9227.88,1,Promo modérée
36,2023-10-14,1607.1,1946.6,1096.82,3081.09,2975.53,10707.14,1,Promo modérée
36,2023-10-21,1695.97,1344.57,2724.44,2452.33,124.0,8341.31,1,Promo modérée
36,2023-10-28,2104.17,2131.13,3106.86,1354.87,3110.03,11807.06,1,Promo modérée
36,2023-11-04,2385.77,687.33,1716.92,1335.2,1497.22,7622.4400000000005,1,Promo modérée
36,2023-11-11,875.12,2939.62,3953.87,1394.35,4445.19,13608.149999999998,1,Promo modérée
36,2023-11-18,909.57,1753.79,322.95,566.05,4290.71,7843.07,1,Promo modérée
36,2023-11-25,1230.89,6223.09,3093.67,6633.47,6616.9,23798.020000000004,1,Promo forte
36,2023-12-02,4165.79,2271.39,646.49,2270.09,666.79,10020.55,1,Promo modérée
36,2023-12-09,853.15,2807.02,181.7,1645.37,3466.02,8953.26,1,Promo modérée
36,2023-12-16,513.51,471.68,2035.48,1464.66,1848.58,6333.91,1,Promo modérée
36,2023-12-23,2368.15,4427.44,494.54,5187.98,3113.12,15591.23,1,Promo modérée
36,2023-12-30,10406.75,3616.88,5120.53,542.72,7060.6,26747.480000000003,1,Promo forte
36,2024-01-06,1880.65,4347.06,8170.27,5874.91,4726.0,24998.89,1,Promo forte
36,2024-01-13,1130.61,1808.53,1562.82,49.44,100.04,4651.44,1,Promo faible
36,2024-01-20,1115.76,289.26,3794.53,1094.92,66.45,6360.92,1,Promo modérée
36,2024-01-27,4920.07,2910.78,2623.93,2475.21,1916.46,14846.45,1,Promo modérée
36,2024-02-03,1040.63,1716.64,980.37,2289.87,1719.83,7747.34,1,Promo modérée
36,2024-02-10,4427.84,190.26,269.39,2456.09,3455.84,10799.420000000002,1,Promo modérée
36,2024-02-17,4559.79,885.42,2592.32,2754.83,98.85,10891.210000000001,1,Promo modérée
36,2024-02-24,7.42,864.44,360.52,767.95,1499.36,3499.69,1,Promo faible
36,2024-03-02,2995.16,2694.14,351.73,751.13,3893.3,10685.46,1,Promo modérée
36,2024-03-09,890.69,2613.33,3844.46,772.82,3781.74,11903.039999999999,1,Promo modérée
36,2024-03-16,3563.48,452.07,3708.1,1462.11,369.0,9554.76,1,Promo modérée
36,2024-03-23,861.43,1404.65,3513.04,169.42,1369.25,7317.79,1,Promo modérée
36,2024-03-30,2617.98,2536.1,2555.06,2399.78,687.85,10796.77,1,Promo modérée
36,2024-04-06,1882.33,1981.21,3974.99,160.11,4286.36,12285.0,1,Promo modérée
36,2024-04-13,2833.5,2501.89,1175.85,246.42,2845.28,9602.94,1,Promo modérée
36,2024-04-20,2410.62,707.27,3850.99,834.5,3300.5,11103.88,1,Promo modérée
36,2024-04-27,960.16,2279.66,3712.06,1710.23,4474.4,13136.509999999998,1,Promo modérée
36,2024-05-04,4509.73,2403.82,3489.67,2133.46,3976.87,16513.55,1,Promo modérée
36,2024-05-11,2502.85,508.63,3790.64,773.68,906.37,8482.17,1,Promo modérée
36,2024-05-18,1537.61,2162.31,783.84,804.88,3627.78,8916.42,1,Promo modérée
36,2024-05-25,750.99,1075.15,382.54,544.66,3809.0,6562.34,1,Promo modérée
36,2024-06-01,785.81,1744.55,166.02,1495.84,2656.41,6848.629999999999,1,Promo modérée
36,2024-06-08,2167.91,669.4,1969.87,1460.31,4409.03,10676.52,1,Promo modérée
36,2024-06-15,3960.41,114.08,1736.12,149.26,1097.81,7057.68,1,Promo modérée
36,2024-06-22,4860.27,1547.9,3031.94,1145.6,2397.87,12983.580000000002,1,Promo modérée
36,2024-06-29,2029.1,2363.72,2006.56,2226.42,830.8,9456.599999999999,1,Promo modérée
36,2024-07-06,9810.98,5944.88,1973.7,5795.9,1018.55,24544.01,1,Promo forte
36,2024-07-13,3032.94,2450.31,758.4,399.67,347.95,6989.2699999999995,1,Promo modérée
36,2024-07-20,2987.79,2762.9,2511.28,114.61,2683.86,11060.440000000002,1,Promo modérée
36,2024-07-27,2527.72,713.83,2895.16,2257.02,1803.48,10197.21,1,Promo modérée
36,2024-08-03,3150.41,193.99,2472.54,1729.43,2186.38,9732.75,1,Promo modérée
36,2024-08-10,2114.03,1835.98,1199.62,942.84,2240.02,8332.49,1,Promo modérée
36,2024-08-17,260.95,1690.43,1671.26,1263.68,4310.53,9196.85,1,Promo modérée
36,2024-08-24,273.08,940.86,177.78,408.68,4462.69,6263.09,1,Promo modérée
36,2024-08-31,2976.18,463.24,1513.54,1208.71,2762.82,8924.49,1,Promo modérée
36,2024-09-07,3738.71,969.35,7797.5,407.71,7102.02,20015.29,1,Promo forte
36,2024-09-14,1975.13,65.39,3244.2,1554.24,3811.9,10650.86,1,Promo modérée
36,2024-09-21,3482.52,2009.41,2072.27,2048.73,3593.74,13206.67,1,Promo modérée
36,2024-09-28,545.97,376.28,1703.07,3051.21,2894.83,8571.36,1,Promo modérée
36,2024-10-05,116.43,2477.78,650.77,749.26,1532.1,5526.34,1,Promo modérée
36,2024-10-12,547.74,449.45,3472.58,3229.39,4355.81,12054.970000000001,1,Promo modérée
36,2024-10-19,4228.25,1386.01,1293.02,2044.74,2736.82,11688.84,1,Promo modérée
36,2024-10-26,1427.61,2669.58,2360.14,1149.84,3827.06,11434.23,1,Promo modérée
36,2024-11-02,3641.44,1380.68,3729.2,3246.06,3201.86,15199.24,1,Promo modérée
36,2024-11-09,1367.35,180.77,3203.48,427.57,1846.57,7025.74,1,Promo modérée
36,2024-11-16,4890.89,2824.66,2489.48,3427.47,1803.25,15435.75,1,Promo modérée
36,2024-11-23,6715.36,5276.4,5239.51,606.57,6053.32,23891.159999999996,1,Promo forte
36,2024-11-30,10851.04,2706.39,221.43,3226.91,6536.26,23542.03,1,Promo forte
36,2024-12-07,3412.62,7.15,1454.92,3174.0,3103.28,11151.970000000001,1,Promo modérée
36,2024-12-14,4487.51,287.44,615.02,2292.52,1323.67,9006.16,1,Promo modérée
36,2024-12-21,9947.84,3496.79,6083.21,1391.28,7063.26,27982.379999999997,1,Promo forte
37,2022-01-01,6529.36,4414.41,6101.48,7001.35,9383.59,33430.19,1,Promo forte
37,2022-01-08,198.61,674.54,1526.9,3036.51,2302.89,7739.450000000001,1,Promo modérée
37,2022-01-15,1506.21,2796.77,853.25,3217.55,127.34,8501.119999999999,1,Promo modérée
37,2022-01-22,3412.35,867.91,215.66,878.72,793.11,6167.75,1,Promo modérée
37,2022-01-29,1058.76,598.74,3070.14,1144.26,291.57,6163.469999999999,1,Promo modérée
37,2022-02-05,1864.53,1945.95,2805.52,3102.16,4089.76,13807.92,1,Promo modérée
37,2022-02-12,3332.83,653.95,2030.21,728.75,4046.06,10791.8,1,Promo modérée
37,2022-02-19,1104.56,2291.23,718.13,1717.86,511.32,6343.099999999999,1,Promo modérée
37,2022-02-26,2460.89,2556.68,2600.41,207.2,1465.34,9290.519999999999,1,Promo modérée
37,2022-03-05,1012.22,1651.19,3246.87,1311.89,1111.44,8333.61,1,Promo modérée
37,2022-03-12,4823.94,1297.62,2492.81,3000.78,1005.41,12620.56,1,Promo modérée
37,2022-03-19,2651.09,2074.42,2298.07,190.67,2523.87,9738.119999999999,1,Promo modérée
37,2022-03-26,4500.29,1392.78,2072.75,2731.07,3749.56,14446.449999999999,1,Promo modérée
37,2022-04-02,1477.25,1710.73,3220.92,2049.77,179.53,8638.2,1,Promo modérée
37,2022-04-09,4838.23,2675.36,1869.31,2614.25,1082.38,13079.529999999999,1,Promo modérée
37,2022-04-16,4251.36,1469.76,3243.6,3289.64,4472.59,16726.949999999997,1,Promo modérée
37,2022-04-23,4082.48,2692.66,3825.87,2557.12,2429.79,15587.919999999998,1,Promo modérée
37,2022-04-30,4046.34,1299.24,3317.51,390.09,2165.18,11218.36,1,Promo modérée
37,2022-05-07,4502.97,911.22,1307.69,2719.02,1867.09,11307.990000000002,1,Promo modérée
37,2022-05-14,4679.14,982.17,1450.76,3394.95,3318.86,13825.880000000001,1,Promo modérée
37,2022-05-21,1299.34,1605.72,3951.04,751.18,1091.34,8698.62,1,Promo modérée
37,2022-05-28,4218.95,892.47,1568.87,257.67,535.1,7473.06,1,Promo modérée
37,2022-06-04,949.66,526.95,1013.39,581.28,878.08,3949.3599999999997,1,Promo faible
37,2022-06-11,3338.4,2112.24,2529.13,2272.81,4178.02,14430.6,1,Promo modérée
37,2022-06-18,2243.78,2721.31,1646.7,1549.15,2017.6,10178.54,1,Promo modérée
37,2022-06-25,1019.84,1662.14,2186.34,3110.51,4031.3,12010.130000000001,1,Promo modérée
37,2022-07-02,5260.79,130.62,3102.8,4903.09,3674.89,17072.19,1,Promo modérée
37,2022-07-09,192.72,2214.54,2864.98,1855.44,1873.21,9000.89,1,Promo modérée
37,2022-07-16,4518.89,1829.67,58.04,2163.22,2756.52,11326.34,1,Promo modérée
37,2022-07-23,4465.25,2524.14,466.21,2130.75,2684.17,12270.519999999999,1,Promo modérée
37,2022-07-30,4031.32,445.18,1057.57,762.26,3207.86,9504.19,1,Promo modérée
37,2022-08-06,1988.52,2261.45,49.47,131.98,1150.4,5581.82,1,Promo modérée
37,2022-08-13,2280.68,2243.59,2075.26,1980.97,2613.47,11193.97,1,Promo modérée
37,2022-08-20,1553.62,2935.74,577.78,3186.55,3044.02,11297.71,1,Promo modérée
37,2022-08-27,3526.85,151.81,1856.07,3282.22,1233.4,10050.349999999999,1,Promo modérée
37,2022-09-03,6407.03,4102.49,3848.43,3908.13,9833.23,28099.31,1,Promo forte
37,2022-09-10,4415.44,1270.7,3821.47,1709.06,3877.96,15094.629999999997,1,Promo modérée
37,2022-09-17,3048.16,519.79,3543.18,2011.85,486.08,9609.06,1,Promo modérée
37,2022-09-24,2118.47,1750.36,844.68,1794.4,1002.86,7510.7699999999995,1,Promo modérée
37,2022-10-01,2121.8,393.18,533.54,3387.76,1921.94,8358.220000000001,1,Promo modérée
37,2022-10-08,2090.93,1181.43,2801.71,3324.22,3950.2,13348.489999999998,1,Promo modérée
37,2022-10-15,2321.77,1473.34,2352.1,2599.29,3282.56,12029.06,1,Promo modérée
37,2022-10-22,1614.73,2376.19,1972.43,2432.12,2260.42,10655.890000000001,1,Promo modérée
37,2022-10-29,2156.73,312.61,1616.3,2711.97,3811.03,10608.640000000001,1,Promo modérée
37,2022-11-05,1030.8,1496.24,3377.04,1519.87,4457.07,11881.02,1,Promo modérée
37,2022-11-12,3052.74,1732.49,2067.26,1881.97,3795.85,12530.31,1,Promo modérée
37,2022-11-19,4624.1,2211.37,213.18,3027.87,4184.42,14260.94,1,Promo modérée
37,2022-11-26,5902.66,1124.58,3866.27,7141.17,7863.19,25897.87,1,Promo forte
37,2022-12-03,199.87,1913.4,1450.59,538.04,4205.96,8307.86,1,Promo modérée
37,2022-12-10,149.7,2701.68,154.91,2153.12,1340.89,6500.3,1,Promo modérée
37,2022-12-17,1554.51,1652.4,3095.46,2459.88,1568.57,10330.82,1,Promo modérée
37,2022-12-24,9524.99,5568.03,3094.09,7636.09,282.8,26106.0,1,Promo forte
37,2022-12-31,2687.62,1483.56,5659.36,5431.97,73.96,15336.470000000001,1,Promo modérée
37,2023-01-07,1700.35,2135.8,6276.51,6728.16,5834.85,22675.67,1,Promo forte
37,2023-01-14,2468.46,2974.24,2545.19,2821.1,2909.22,13718.21,1,Promo modérée
37,2023-01-21,2021.74,67.36,3537.48,3095.74,2074.37,10796.689999999999,1,Promo modérée
37,2023-01-28,3283.07,1408.94,1993.74,1034.99,217.9,7938.639999999999,1,Promo modérée
37,2023-02-04,1595.46,1655.75,1846.45,894.17,396.09,6387.92,1,Promo modérée
37,2023-02-11,3386.03,2376.27,1107.09,2338.84,3089.96,12298.189999999999,1,Promo modérée
37,2023-02-18,2719.22,187.65,1335.68,3091.29,2394.26,9728.1,1,Promo modérée
37,2023-02-25,4146.17,2955.06,2139.19,279.42,3379.68,12899.52,1,Promo modérée
37,2023-03-04,3102.64,38.85,2621.68,2483.76,3249.14,11496.07,1,Promo modérée
37,2023-03-11,4491.83,1868.18,2911.18,1200.11,4136.58,14607.880000000001,1,Promo modérée
37,2023-03-18,3223.99,497.22,3802.27,3444.47,465.29,11433.24,1,Promo modérée
37,2023-03-25,2688.53,2889.27,111.24,3193.55,4043.74,12926.33,1,Promo modérée
37,2023-04-01,4737.93,1564.05,322.45,959.21,2079.15,9662.79,1,Promo modérée
37,2023-04-08,4386.62,1617.05,3684.91,1559.17,3073.88,14321.630000000001,1,Promo modérée
37,2023-04-15,2201.33,1948.02,974.85,1716.36,2065.38,8905.94,1,Promo modérée
37,2023-04-22,1430.21,1757.95,592.15,3152.31,4206.84,11139.46,1,Promo modérée
37,2023-04-29,1956.25,861.74,673.81,760.84,2938.63,7191.2699999999995,1,Promo modérée
37,2023-05-06,2029.53,697.7,1290.22,845.84,2988.66,7851.95,1,Promo modérée
37,2023-05-13,3757.97,543.8,2234.4,269.77,212.96,7018.900000000001,1,Promo modérée
37,2023-05-20,3847.13,998.04,1977.2,2704.05,922.04,10448.46,1,Promo modérée
37,2023-05-27,1853.25,2106.02,232.6,139.13,1507.46,5838.46,1,Promo modérée
37,2023-06-03,3258.37,1370.93,460.61,865.49,988.71,6944.11,1,Promo modérée
37,2023-06-10,4180.01,2943.24,2162.49,833.25,4175.15,14294.14,1,Promo modérée
37,2023-06-17,4453.18,2277.75,2250.58,1651.72,3705.2,14338.43,1,Promo modérée
37,2023-06-24,141.85,742.71,1000.86,3091.31,1491.69,6468.42,1,Promo modérée
37,2023-07-01,10431.96,4650.91,1558.07,6311.78,7792.55,30745.269999999997,1,Promo forte
37,2023-07-08,1953.34,209.92,545.8,2089.9,1688.26,6487.219999999999,1,Promo modérée
37,2023-07-15,3567.6,1365.33,2779.32,46.19,42.39,7800.83,1,Promo modérée
37,2023-07-22,861.29,934.65,312.3,3082.78,1396.97,6587.990000000001,1,Promo modérée
37,2023-07-29,518.08,2888.62,990.55,3484.82,792.67,8674.74,1,Promo modérée
37,2023-08-05,2566.7,782.18,2539.04,2157.64,360.87,8406.43,1,Promo modérée
37,2023-08-12,4331.11,1149.56,2247.84,3316.91,2932.72,13978.14,1,Promo modérée
37,2023-08-19,4555.21,388.62,1142.56,231.0,1714.07,8031.459999999999,1,Promo modérée
37,2023-08-26,516.67,1024.89,3857.97,477.05,2504.2,8380.779999999999,1,Promo modérée
37,2023-09-02,7724.01,2156.48,5786.72,805.82,5178.33,21651.36,1,Promo forte
37,2023-09-09,3765.66,2300.57,2115.74,340.9,3001.77,11524.64,1,Promo modérée
37,2023-09-16,1571.63,2316.13,3757.26,1908.41,3049.59,12603.02,1,Promo modérée
37,2023-09-23,4639.35,2158.89,3246.35,1602.5,4137.96,15785.05,1,Promo modérée
37,2023-09-30,4203.25,2582.0,3340.47,751.61,1917.67,12795.0,1,Promo modérée
37,2023-10-07,2954.49,1700.33,2652.1,2111.79,750.94,10169.65,1,Promo modérée
37,2023-10-14,3304.83,2687.05,38.84,3428.87,133.54,9593.130000000001,1,Promo modérée
37,2023-10-21,4687.07,2015.8,444.17,3011.94,2164.07,12323.05,1,Promo modérée
37,2023-10-28,4492.57,2583.84,907.17,3075.4,1683.18,12742.16,1,Promo modérée
37,2023-11-04,3239.63,1617.97,466.41,3107.13,3698.47,12129.609999999999,1,Promo modérée
37,2023-11-11,1764.83,60.35,3927.1,3014.05,2802.06,11568.39,1,Promo modérée
37,2023-11-18,3540.77,2364.82,2222.64,2296.64,3650.59,14075.46,1,Promo modérée
37,2023-11-25,10421.61,1347.56,8723.12,5400.24,6212.56,32105.09,1,Promo forte
37,2023-12-02,2162.21,1679.56,3727.34,893.74,3437.72,11900.57,1,Promo modérée
37,2023-12-09,474.61,1625.27,3407.06,234.27,1873.24,7614.450000000001,1,Promo modérée
37,2023-12-16,2534.65,2223.83,610.35,2082.49,3241.68,10693.0,1,Promo modérée
37,2023-12-23,7711.63,4818.24,2228.68,106.85,6868.79,21734.19,1,Promo forte
37,2023-12-30,4764.28,3465.33,108.12,7283.83,5775.13,21396.690000000002,1,Promo forte
37,2024-01-06,3567.69,6279.6,1357.55,4199.67,1847.51,17252.02,1,Promo modérée
37,2024-01-13,3920.12,2853.9,2.51,1599.91,4499.29,12875.73,1,Promo modérée
37,2024-01-20,4026.63,276.84,2770.32,2853.93,183.9,10111.62,1,Promo modérée
37,2024-01-27,3282.11,2414.17,1813.72,3062.08,1053.97,11626.050000000001,1,Promo modérée
37,2024-02-03,2464.53,2530.31,2035.43,627.03,4467.45,12124.75,1,Promo modérée
37,2024-02-10,459.82,2086.24,3382.87,1558.55,1075.68,8563.16,1,Promo modérée
37,2024-02-17,4740.49,1101.15,256.01,2207.76,1427.52,9732.93,1,Promo modérée
37,2024-02-24,3723.73,197.31,1478.82,380.63,249.07,6029.5599999999995,1,Promo modérée
37,2024-03-02,1353.65,2209.16,1444.29,236.25,744.78,5988.13,1,Promo modérée
37,2024-03-09,4540.03,745.18,1942.04,1816.72,4432.51,13476.48,1,Promo modérée
37,2024-03-16,1085.17,480.73,974.26,249.42,1251.41,4040.99,1,Promo faible
37,2024-03-23,628.91,2528.61,1086.95,3192.7,3935.46,11372.630000000001,1,Promo modérée
37,2024-03-30,4263.4,1215.17,2941.05,2337.18,3471.82,14228.619999999999,1,Promo modérée
37,2024-04-06,1117.13,1416.78,1427.71,302.05,815.35,5079.02,1,Promo modérée
37,2024-04-13,3259.52,1277.87,3480.25,2319.18,407.84,10744.66,1,Promo modérée
37,2024-04-20,1138.34,2931.52,1140.31,175.63,2230.53,7616.33,1,Promo modérée
37,2024-04-27,3035.19,1605.79,3975.97,2027.99,4173.56,14818.5,1,Promo modérée
37,2024-05-04,4306.85,2508.4,2414.68,548.3,484.14,10262.369999999999,1,Promo modérée
37,2024-05-11,4349.47,1700.71,1951.62,2573.41,1573.41,12148.619999999999,1,Promo modérée
37,2024-05-18,4773.53,1079.68,2124.41,826.76,1363.44,10167.82,1,Promo modérée
37,2024-05-25,2782.48,645.55,313.91,1888.51,2870.14,8500.59,1,Promo modérée
37,2024-06-01,202.62,554.05,3274.42,10.68,197.5,4239.27,1,Promo faible
37,2024-06-08,554.75,2816.59,3645.0,2701.65,1134.1,10852.09,1,Promo modérée
37,2024-06-15,3256.42,1557.59,1653.14,1217.63,3499.87,11184.650000000001,1,Promo modérée
37,2024-06-22,4788.52,2066.94,1631.6,2787.68,2741.86,14016.600000000002,1,Promo modérée
37,2024-06-29,460.1,1455.35,225.96,1566.42,3223.92,6931.75,1,Promo modérée
37,2024-07-06,8586.56,5172.76,7096.13,233.52,319.47,21408.440000000002,1,Promo forte
37,2024-07-13,2239.32,1639.42,909.52,3232.6,1358.1,9378.960000000001,1,Promo modérée
37,2024-07-20,2575.58,443.41,268.99,479.34,614.81,4382.129999999999,1,Promo faible
37,2024-07-27,1514.5,1660.0,3051.53,3224.17,1854.4,11304.6,1,Promo modérée
37,2024-08-03,3433.22,627.02,3354.98,3007.05,3970.97,14393.24,1,Promo modérée
37,2024-08-10,2146.62,2604.63,1071.02,2194.12,3546.96,11563.35,1,Promo modérée
37,2024-08-17,4798.81,2549.82,3288.21,2423.1,533.19,13593.130000000001,1,Promo modérée
37,2024-08-24,2612.41,2869.37,203.33,2481.08,3666.01,11832.2,1,Promo modérée
37,2024-08-31,1225.75,920.87,34.71,1297.34,722.97,4201.64,1,Promo faible
37,2024-09-07,1451.1,871.13,1788.72,887.16,2183.42,7181.53,1,Promo modérée
37,2024-09-14,4461.05,414.48,1394.66,1328.18,3474.57,11072.94,1,Promo modérée
37,2024-09-21,390.67,938.1,3914.43,1691.67,1908.87,8843.74,1,Promo modérée
37,2024-09-28,2195.0,1309.94,3925.88,446.37,2177.22,10054.41,1,Promo modérée
37,2024-10-05,1692.06,1693.64,1876.55,1310.28,2418.86,8991.39,1,Promo modérée
37,2024-10-12,1114.02,336.37,1523.87,642.81,1769.04,5386.11,1,Promo modérée
37,2024-10-19,3938.73,391.1,3428.06,1691.56,613.95,10063.4,1,Promo modérée
37,2024-10-26,4453.46,2678.46,1667.67,2623.62,1049.72,12472.929999999998,1,Promo modérée
37,2024-11-02,4028.7,2857.53,1453.89,528.8,4096.85,12965.769999999999,1,Promo modérée
37,2024-11-09,3273.61,2437.12,481.34,3389.03,814.41,10395.51,1,Promo modérée
37,2024-11-16,1696.16,2261.5,3370.24,2135.04,1736.96,11199.899999999998,1,Promo modérée
37,2024-11-23,1346.38,29.79,4333.49,3360.21,5403.44,14473.309999999998,1,Promo modérée
37,2024-11-30,99.12,5474.35,3376.79,4795.47,3214.78,16960.51,1,Promo modérée
37,2024-12-07,548.11,1443.26,2879.51,1921.72,3358.22,10150.82,1,Promo modérée
37,2024-12-14,2038.34,1612.52,3030.65,2938.63,3121.56,12741.699999999999,1,Promo modérée
37,2024-12-21,6869.09,5400.17,4560.06,352.96,9303.51,26485.79,1,Promo forte
38,2022-01-01,623.74,6254.85,5799.67,1922.34,5282.01,19882.61,1,Promo modérée
38,2022-01-08,238.01,209.96,626.34,554.42,1115.78,2744.51,1,Promo faible
38,2022-01-15,28.56,2684.24,2129.25,1580.78,4237.21,10660.039999999999,1,Promo modérée
38,2022-01-22,4772.67,288.67,3821.14,1900.09,3024.97,13807.539999999999,1,Promo modérée
38,2022-01-29,1106.75,244.87,3820.26,2566.87,2330.35,10069.1,1,Promo modérée
38,2022-02-05,3405.06,712.41,1280.58,1341.55,2711.46,9451.060000000001,1,Promo modérée
38,2022-02-12,4664.44,2609.62,2950.32,676.64,3294.33,14195.349999999999,1,Promo modérée
38,2022-02-19,3221.52,825.41,1385.14,1822.26,1953.74,9208.07,1,Promo modérée
38,2022-02-26,3690.6,2955.04,2973.76,1777.72,1849.53,13246.65,1,Promo modérée
38,2022-03-05,4360.86,683.28,2259.58,2111.55,1317.86,10733.130000000001,1,Promo modérée
38,2022-03-12,3591.29,34.48,1856.16,1200.89,3843.01,10525.830000000002,1,Promo modérée
38,2022-03-19,2762.29,477.71,3081.31,1117.7,2372.77,9811.779999999999,1,Promo modérée
38,2022-03-26,203.92,1874.84,3087.82,44.72,3374.84,8586.14,1,Promo modérée
38,2022-04-02,1686.74,736.4,284.19,3026.41,2746.93,8480.67,1,Promo modérée
38,2022-04-09,404.71,2740.19,471.54,1810.01,3855.85,9282.3,1,Promo modérée
38,2022-04-16,4998.8,2132.5,3551.97,154.72,1241.87,12079.86,1,Promo modérée
38,2022-04-23,2587.05,13.26,1081.8,3031.99,958.76,7672.860000000001,1,Promo modérée
38,2022-04-30,2930.37,1.72,1888.6,929.66,1512.94,7263.289999999999,1,Promo modérée
38,2022-05-07,244.51,980.19,875.65,3204.54,800.99,6105.879999999999,1,Promo modérée
38,2022-05-14,206.79,2477.6,3120.45,972.5,2762.98,9540.32,1,Promo modérée
38,2022-05-21,4220.94,538.28,696.44,2568.11,824.63,8848.4,1,Promo modérée
38,2022-05-28,1695.36,858.76,1424.24,2499.95,1824.6,8302.91,1,Promo modérée
38,2022-06-04,3518.11,1604.27,3473.36,3266.14,3229.68,15091.56,1,Promo modérée
38,2022-06-11,1150.05,1001.14,1960.28,1032.68,1393.3,6537.450000000001,1,Promo modérée
38,2022-06-18,1976.06,2495.27,3530.87,2628.37,1785.03,12415.6,1,Promo modérée
38,2022-06-25,3278.22,2264.37,2250.75,2248.68,960.88,11002.9,1,Promo modérée
38,2022-07-02,3420.16,2015.21,6157.42,4295.06,296.53,16184.380000000003,1,Promo modérée
38,2022-07-09,2536.03,2553.41,17.79,965.28,4139.64,10212.150000000001,1,Promo modérée
38,2022-07-16,212.44,1507.76,2940.52,620.35,3110.94,8392.01,1,Promo modérée
38,2022-07-23,2284.66,1647.91,1834.78,1391.25,3334.11,10492.71,1,Promo modérée
38,2022-07-30,2836.02,1044.8,3115.5,497.35,2308.09,9801.76,1,Promo modérée
38,2022-08-06,2365.08,1641.68,1278.97,2904.46,3359.46,11549.650000000001,1,Promo modérée
38,2022-08-13,623.29,1105.87,349.73,3355.94,3380.68,8815.51,1,Promo modérée
38,2022-08-20,2680.6,2461.55,76.15,361.58,1032.07,6611.949999999999,1,Promo modérée
38,2022-08-27,525.56,2264.74,422.56,1216.91,1385.96,5815.73,1,Promo modérée
38,2022-09-03,9304.31,5664.52,4320.15,817.35,5696.53,25802.859999999997,1,Promo forte
38,2022-09-10,4936.23,2474.13,806.0,1571.51,465.79,10253.660000000002,1,Promo modérée
38,2022-09-17,1352.33,605.31,2240.88,703.01,1331.58,6233.110000000001,1,Promo modérée
38,2022-09-24,2820.43,2311.77,957.06,2880.83,79.01,9049.1,1,Promo modérée
38,2022-10-01,1069.97,1728.7,2802.35,2501.45,4423.21,12525.68,1,Promo modérée
38,2022-10-08,4381.95,1302.18,3181.41,3045.17,3808.98,15719.69,1,Promo modérée
38,2022-10-15,902.71,1463.48,3840.35,2071.69,3842.3,12120.529999999999,1,Promo modérée
38,2022-10-22,3083.89,185.19,3146.62,223.26,712.94,7351.9,1,Promo modérée
38,2022-10-29,4423.21,321.13,2524.92,1546.0,566.06,9381.32,1,Promo modérée
38,2022-11-05,4894.26,2177.88,1121.34,3211.16,4266.39,15671.029999999999,1,Promo modérée
38,2022-11-12,2275.06,2846.29,3040.54,1022.05,2810.88,11994.82,1,Promo modérée
38,2022-11-19,1655.85,388.9,2927.09,1160.76,3285.56,9418.16,1,Promo modérée
38,2022-11-26,8145.77,896.28,5750.25,459.2,3300.54,18552.04,1,Promo modérée
38,2022-12-03,3347.01,835.99,1239.9,1182.31,923.21,7528.419999999999,1,Promo modérée
38,2022-12-10,1167.22,1836.68,3881.48,2116.86,1471.96,10474.2,1,Promo modérée
38,2022-12-17,4838.26,443.09,2198.43,2047.22,877.13,10404.13,1,Promo modérée
38,2022-12-24,662.62,6315.05,7071.82,5847.76,215.61,20112.86,1,Promo forte
38,2022-12-31,9371.18,1685.87,241.66,7038.65,8995.5,27332.86,1,Promo forte
38,2023-01-07,9038.98,4732.87,623.08,5431.1,1343.82,21169.85,1,Promo forte
38,2023-01-14,2315.65,1761.01,2307.46,3423.38,4121.02,13928.52,1,Promo modérée
38,2023-01-21,2201.58,676.58,390.77,1526.33,2928.9,7724.16,1,Promo modérée
38,2023-01-28,2693.5,2925.02,180.36,1850.33,1481.69,9130.9,1,Promo modérée
38,2023-02-04,145.88,1737.35,928.01,1195.17,1404.92,5411.33,1,Promo modérée
38,2023-02-11,3094.17,2366.89,2910.66,2634.18,865.74,11871.64,1,Promo modérée
38,2023-02-18,3020.01,377.87,3839.47,1965.48,2111.69,11314.52,1,Promo modérée
38,2023-02-25,2838.02,1893.6,3361.68,2225.02,515.66,10833.98,1,Promo modérée
38,2023-03-04,1720.01,406.19,1929.12,2377.74,797.74,7230.799999999999,1,Promo modérée
38,2023-03-11,341.29,23.85,130.54,2210.27,4380.13,7086.08,1,Promo modérée
38,2023-03-18,16.14,2377.76,972.48,1047.26,1547.91,5961.55,1,Promo modérée
38,2023-03-25,2315.0,2866.71,1053.59,321.62,2434.42,8991.34,1,Promo modérée
38,2023-04-01,1637.25,2324.6,3794.41,3291.93,2361.6,13409.79,1,Promo modérée
38,2023-04-08,2343.45,458.08,3165.69,2185.41,3969.54,12122.169999999998,1,Promo modérée
38,2023-04-15,2866.56,209.62,726.55,529.74,2654.09,6986.5599999999995,1,Promo modérée
38,2023-04-22,1241.36,2720.37,2788.47,1074.08,3948.1,11772.38,1,Promo modérée
38,2023-04-29,1857.94,746.59,2430.82,2608.69,2413.64,10057.68,1,Promo modérée
38,2023-05-06,981.25,2672.26,3347.3,3373.69,2560.54,12935.04,1,Promo modérée
38,2023-05-13,1355.82,171.13,950.43,2052.26,215.31,4744.95,1,Promo faible
38,2023-05-20,1287.74,842.12,310.19,1884.79,1646.57,5971.41,1,Promo modérée
38,2023-05-27,2617.97,589.31,849.56,898.57,2067.31,7022.719999999999,1,Promo modérée
38,2023-06-03,1407.02,2455.31,3171.53,2792.84,73.65,9900.35,1,Promo modérée
38,2023-06-10,3880.85,1519.75,3254.48,2773.02,4122.47,15550.57,1,Promo modérée
38,2023-06-17,4694.63,1012.08,1510.13,1644.68,1196.1,10057.62,1,Promo modérée
38,2023-06-24,3360.1,1576.75,1301.77,3054.71,1812.58,11105.910000000002,1,Promo modérée
38,2023-07-01,7949.6,3015.43,1925.51,954.43,1349.63,15194.600000000002,1,Promo modérée
38,2023-07-08,4914.49,1487.61,1798.7,1218.25,2871.12,12290.169999999998,1,Promo modérée
38,2023-07-15,2772.73,2155.67,3765.57,2728.57,1369.56,12792.099999999999,1,Promo modérée
38,2023-07-22,1249.7,715.94,1730.5,180.37,3085.59,6962.1,1,Promo modérée
38,2023-07-29,367.99,2133.89,2106.81,2184.92,3257.24,10050.85,1,Promo modérée
38,2023-08-05,3574.4,784.51,885.71,2891.32,1756.75,9892.69,1,Promo modérée
38,2023-08-12,1512.37,199.44,1920.64,3157.35,1751.29,8541.09,1,Promo modérée
38,2023-08-19,1776.09,2092.44,2051.03,1180.62,261.42,7361.599999999999,1,Promo modérée
38,2023-08-26,2847.21,102.52,1163.37,1570.76,3311.45,8995.310000000001,1,Promo modérée
38,2023-09-02,6880.18,2241.2,6369.01,1819.68,2175.31,19485.38,1,Promo modérée
38,2023-09-09,49.02,465.25,3729.49,2784.47,1062.74,8090.969999999999,1,Promo modérée
38,2023-09-16,4568.53,2216.15,3041.4,1973.6,2994.93,14794.61,1,Promo modérée
38,2023-09-23,3158.87,1889.44,269.28,1436.33,4044.55,10798.47,1,Promo modérée
38,2023-09-30,912.77,1956.41,3092.58,3093.18,3872.92,12927.86,1,Promo modérée
38,2023-10-07,2301.89,1290.16,2211.2,2088.23,1143.97,9035.449999999999,1,Promo modérée
38,2023-10-14,1414.7,1657.25,2216.64,1580.2,1086.95,7955.74,1,Promo modérée
38,2023-10-21,620.89,2776.45,2799.77,590.9,4272.28,11060.289999999999,1,Promo modérée
38,2023-10-28,2854.38,174.75,101.2,1864.31,2931.89,7926.529999999999,1,Promo modérée
38,2023-11-04,3065.26,1056.65,527.58,2266.38,3459.13,10375.0,1,Promo modérée
38,2023-11-11,1226.57,713.02,1675.72,1366.62,2493.8,7475.7300000000005,1,Promo modérée
38,2023-11-18,2510.69,2060.81,3085.06,124.46,2418.69,10199.71,1,Promo modérée
38,2023-11-25,6624.61,5211.84,8662.67,6996.11,5873.57,33368.8,1,Promo forte
38,2023-12-02,4871.85,2129.21,1220.57,2340.7,179.58,10741.910000000002,1,Promo modérée
38,2023-12-09,3612.3,1653.57,93.74,1434.08,3384.77,10178.46,1,Promo modérée
38,2023-12-16,1038.68,1239.28,2583.02,535.74,4120.55,9517.27,1,Promo modérée
38,2023-12-23,6404.53,5676.76,1761.05,5264.6,1059.62,20166.56,1,Promo forte
38,2023-12-30,1003.93,2472.97,5473.68,7668.93,2515.38,19134.890000000003,1,Promo modérée
38,2024-01-06,6203.55,5805.18,7575.48,776.07,1460.02,21820.3,1,Promo forte
38,2024-01-13,100.59,853.69,3605.97,1790.28,3590.77,9941.3,1,Promo modérée
38,2024-01-20,3932.91,270.42,733.24,1620.11,2868.47,9425.15,1,Promo modérée
38,2024-01-27,2874.28,25.22,666.4,1744.97,3355.17,8666.04,1,Promo modérée
38,2024-02-03,2223.58,27.88,2391.84,260.98,654.26,5558.540000000001,1,Promo modérée
38,2024-02-10,3941.38,204.09,11.73,2684.0,1305.24,8146.44,1,Promo modérée
38,2024-02-17,2013.45,2646.19,2433.39,2413.66,1016.87,10523.560000000001,1,Promo modérée
38,2024-02-24,79.61,153.64,3646.46,1254.33,1342.05,6476.09,1,Promo modérée
38,2024-03-02,543.13,1797.57,1587.34,3158.59,2086.82,9173.45,1,Promo modérée
38,2024-03-09,1815.81,2131.24,1568.91,2059.13,2013.28,9588.37,1,Promo modérée
38,2024-03-16,2851.6,2812.53,2772.85,1079.27,4333.47,13849.720000000001,1,Promo modérée
38,2024-03-23,379.53,2139.72,2961.77,2378.51,3499.23,11358.76,1,Promo modérée
38,2024-03-30,3231.24,585.58,1012.02,1703.44,3278.75,9811.03,1,Promo modérée
38,2024-04-06,39.67,1519.23,2348.58,1938.0,2770.97,8616.449999999999,1,Promo modérée
38,2024-04-13,3701.28,723.19,3318.84,1412.21,1865.14,11020.66,1,Promo modérée
38,2024-04-20,2703.02,571.56,663.22,3015.83,2699.31,9652.94,1,Promo modérée
38,2024-04-27,1408.8,1586.45,692.4,1538.97,794.42,6021.04,1,Promo modérée
38,2024-05-04,192.23,1490.58,2516.98,2312.66,3395.46,9907.91,1,Promo modérée
38,2024-05-11,2661.58,1973.02,1912.5,967.46,1410.22,8924.78,1,Promo modérée
38,2024-05-18,2583.21,2748.72,1623.86,779.26,1560.85,9295.9,1,Promo modérée
38,2024-05-25,1939.23,2924.8,1295.41,482.51,1269.42,7911.370000000001,1,Promo modérée
38,2024-06-01,3830.28,280.03,789.98,2156.36,1955.15,9011.800000000001,1,Promo modérée
38,2024-06-08,3201.12,2689.58,3190.59,1629.54,3354.64,14065.470000000001,1,Promo modérée
38,2024-06-15,2167.22,1707.75,1688.72,1799.13,3979.56,11342.38,1,Promo modérée
38,2024-06-22,3651.97,2703.26,1144.86,1760.74,2711.18,11972.01,1,Promo modérée
38,2024-06-29,4040.04,774.25,2982.57,2708.32,3790.77,14295.95,1,Promo modérée
38,2024-07-06,5868.37,3923.27,1068.68,4634.03,415.68,15910.029999999999,1,Promo modérée
38,2024-07-13,3013.5,2410.3,3027.68,3476.35,1578.78,13506.61,1,Promo modérée
38,2024-07-20,1181.03,2407.36,3014.89,711.87,3911.72,11226.87,1,Promo modérée
38,2024-07-27,3477.2,1184.16,629.0,2497.17,2696.16,10483.689999999999,1,Promo modérée
38,2024-08-03,1287.24,2885.69,77.09,834.23,2245.49,7329.74,1,Promo modérée
38,2024-08-10,2302.93,2637.07,2021.16,3293.66,664.79,10919.61,1,Promo modérée
38,2024-08-17,4505.14,1615.68,1338.64,2718.49,317.99,10495.94,1,Promo modérée
38,2024-08-24,4508.42,144.61,2065.67,787.42,1726.15,9232.27,1,Promo modérée
38,2024-08-31,1501.36,73.62,3575.78,3425.74,1950.08,10526.58,1,Promo modérée
38,2024-09-07,10938.18,1220.0,3331.56,4747.07,3416.72,23653.53,1,Promo forte
38,2024-09-14,215.41,359.46,3778.05,450.56,3314.48,8117.960000000001,1,Promo modérée
38,2024-09-21,4659.85,770.66,2792.32,1198.0,3229.24,12650.07,1,Promo modérée
38,2024-09-28,3578.15,700.05,2739.54,1735.79,414.16,9167.689999999999,1,Promo modérée
38,2024-10-05,274.37,390.56,3152.59,2295.25,1282.55,7395.320000000001,1,Promo modérée
38,2024-10-12,1476.03,2174.44,1865.59,1908.74,2694.3,10119.1,1,Promo modérée
38,2024-10-19,4529.08,1582.15,138.52,589.5,3842.71,10681.96,1,Promo modérée
38,2024-10-26,1516.92,1308.27,2709.08,354.54,850.69,6739.5,1,Promo modérée
38,2024-11-02,3531.2,2965.05,688.95,465.87,1326.56,8977.63,1,Promo modérée
38,2024-11-09,2468.03,382.41,1651.59,917.99,2472.44,7892.459999999999,1,Promo modérée
38,2024-11-16,4427.96,374.56,2343.73,2141.46,1225.73,10513.439999999999,1,Promo modérée
38,2024-11-23,3160.8,4672.29,3505.18,503.78,3951.74,15793.79,1,Promo modérée
38,2024-11-30,2988.01,3793.37,8488.5,4679.25,4057.49,24006.620000000003,1,Promo forte
38,2024-12-07,2450.8,99.63,1144.11,1248.39,3524.8,8467.73,1,Promo modérée
38,2024-12-14,4843.44,544.3,1102.48,2832.53,854.28,10177.03,1,Promo modérée
38,2024-12-21,7084.55,5363.32,3554.23,4401.9,9780.48,30184.48,1,Promo forte
39,2022-01-01,2954.83,4418.53,3095.45,5534.44,3636.49,19639.739999999998,1,Promo modérée
39,2022-01-08,2006.63,1396.73,3735.27,2064.72,2970.77,12174.12,1,Promo modérée
39,2022-01-15,4040.25,1571.38,3947.48,2788.84,3278.66,15626.61,1,Promo modérée
39,2022-01-22,233.79,2876.51,1292.85,2452.13,2674.42,9529.7,1,Promo modérée
39,2022-01-29,4596.03,1933.58,3455.8,209.93,451.76,10647.1,1,Promo modérée
39,2022-02-05,49.8,2959.89,3067.92,1264.97,4423.56,11766.140000000001,1,Promo modérée
39,2022-02-12,1096.82,949.65,3789.64,1495.15,1461.87,8793.130000000001,1,Promo modérée
39,2022-02-19,3762.82,1146.5,684.13,1504.42,1884.49,8982.36,1,Promo modérée
39,2022-02-26,4913.75,1570.08,2233.78,1426.69,1600.17,11744.470000000001,1,Promo modérée
39,2022-03-05,3631.4,583.34,3538.58,1310.67,4127.17,13191.16,1,Promo modérée
39,2022-03-12,4665.3,2330.6,1152.18,1639.76,304.49,10092.33,1,Promo modérée
39,2022-03-19,1623.15,2845.99,3115.85,1738.57,4133.56,13457.119999999999,1,Promo modérée
39,2022-03-26,4322.11,1826.67,2182.05,3343.28,74.47,11748.58,1,Promo modérée
39,2022-04-02,4620.13,2073.46,2592.64,2299.49,1429.39,13015.109999999999,1,Promo modérée
39,2022-04-09,1608.74,214.33,805.82,1429.44,4086.25,8144.58,1,Promo modérée
39,2022-04-16,888.28,191.86,2859.31,2745.22,3827.85,10512.52,1,Promo modérée
39,2022-04-23,116.82,1204.79,211.52,291.75,252.01,2076.89,1,Promo faible
39,2022-04-30,362.25,1293.59,2401.41,2789.86,232.02,7079.130000000001,1,Promo modérée
39,2022-05-07,1375.28,402.12,3355.78,2439.9,1852.0,9425.08,1,Promo modérée
39,2022-05-14,4532.75,2451.62,3099.51,2183.92,1316.03,13583.830000000002,1,Promo modérée
39,2022-05-21,84.21,765.48,751.82,474.45,144.63,2220.59,1,Promo faible
39,2022-05-28,1012.02,1247.89,2334.78,1127.93,635.67,6358.290000000001,1,Promo modérée
39,2022-06-04,1424.48,1679.59,2408.66,1231.27,3018.45,9762.45,1,Promo modérée
39,2022-06-11,584.08,466.82,1463.8,726.67,4207.0,7448.37,1,Promo modérée
39,2022-06-18,3942.39,1169.23,181.97,2889.46,1361.91,9544.960000000001,1,Promo modérée
39,2022-06-25,4744.42,191.58,3464.31,1456.85,3950.98,13808.14,1,Promo modérée
39,2022-07-02,8864.94,2881.47,2276.29,2024.56,3272.98,19320.24,1,Promo modérée
39,2022-07-09,3969.24,869.0,2756.14,370.32,509.57,8474.269999999999,1,Promo modérée
39,2022-07-16,2191.02,1683.89,3907.77,2211.86,2658.83,12653.37,1,Promo modérée
39,2022-07-23,344.49,660.52,2252.48,2337.83,1731.58,7326.9,1,Promo modérée
39,2022-07-30,2235.34,42.82,1276.57,1819.47,359.64,5733.840000000001,1,Promo modérée
39,2022-08-06,2902.07,2689.08,587.48,1574.25,2686.65,10439.529999999999,1,Promo modérée
39,2022-08-13,129.89,457.1,1688.19,1737.29,3755.1,7767.57,1,Promo modérée
39,2022-08-20,1741.92,296.2,3785.85,285.89,3050.46,9160.32,1,Promo modérée
39,2022-08-27,1472.55,2277.1,1352.61,3450.42,3864.54,12417.220000000001,1,Promo modérée
39,2022-09-03,7391.61,78.62,7096.55,4212.25,5606.5,24385.53,1,Promo forte
39,2022-09-10,2438.09,2033.53,1087.82,2821.47,3647.67,12028.58,1,Promo modérée
39,2022-09-17,4030.0,2974.44,2262.88,3198.81,2889.76,15355.89,1,Promo modérée
39,2022-09-24,2211.68,1683.93,2037.8,2434.5,864.44,9232.35,1,Promo modérée
39,2022-10-01,3407.56,275.59,2851.19,1917.26,2357.73,10809.33,1,Promo modérée
39,2022-10-08,507.09,25.09,1741.07,2692.5,3708.88,8674.630000000001,1,Promo modérée
39,2022-10-15,1569.1,506.16,2485.67,2369.8,2555.87,9486.6,1,Promo modérée
39,2022-10-22,4724.18,1558.97,3546.24,103.08,3875.18,13807.65,1,Promo modérée
39,2022-10-29,2974.9,720.69,1389.93,702.33,1909.83,7697.68,1,Promo modérée
39,2022-11-05,1257.29,319.52,1582.67,502.44,3754.08,7416.0,1,Promo modérée
39,2022-11-12,4867.91,1447.16,3849.83,121.51,160.75,10447.16,1,Promo modérée
39,2022-11-19,2538.77,2107.91,3368.11,289.3,2954.58,11258.67,1,Promo modérée
39,2022-11-26,2260.64,3117.42,1668.97,343.51,3700.86,11091.4,1,Promo modérée
39,2022-12-03,4900.71,29.64,1467.42,2356.42,715.13,9469.32,1,Promo modérée
39,2022-12-10,1016.4,1129.66,678.39,993.61,1318.98,5137.04,1,Promo modérée
39,2022-12-17,3052.38,2439.81,3998.24,1597.77,4213.96,15302.16,1,Promo modérée
39,2022-12-24,4935.74,4592.38,4103.57,6599.11,9844.25,30075.05,1,Promo forte
39,2022-12-31,10220.65,3587.85,3477.02,5170.42,5545.6,28001.54,1,Promo forte
39,2023-01-07,1530.89,2101.36,7579.8,283.51,8249.34,19744.9,1,Promo modérée
39,2023-01-14,4205.64,2721.6,1145.97,2744.6,1394.11,12211.92,1,Promo modérée
39,2023-01-21,2324.29,2436.38,3167.65,2994.05,724.79,11647.16,1,Promo modérée
39,2023-01-28,1231.19,2008.96,2869.62,3239.55,2289.6,11638.92,1,Promo modérée
39,2023-02-04,2691.39,1444.02,3871.85,274.89,1192.57,9474.72,1,Promo modérée
39,2023-02-11,1420.25,118.96,550.02,2216.6,3436.3,7742.13,1,Promo modérée
39,2023-02-18,418.43,2420.15,1933.17,3379.28,527.92,8678.95,1,Promo modérée
39,2023-02-25,4734.05,269.71,968.95,832.64,2290.83,9096.18,1,Promo modérée
39,2023-03-04,2955.11,2526.95,1587.75,43.2,958.64,8071.65,1,Promo modérée
39,2023-03-11,3775.13,1659.18,902.81,2656.94,3005.69,11999.750000000002,1,Promo modérée
39,2023-03-18,4841.43,2176.51,2663.11,3161.63,1211.09,14053.77,1,Promo modérée
39,2023-03-25,4885.24,668.71,3303.52,3245.42,1921.51,14024.4,1,Promo modérée
39,2023-04-01,330.73,1563.99,2115.36,199.41,177.89,4387.38,1,Promo faible
39,2023-04-08,1711.53,1974.68,30.25,2322.38,4110.57,10149.41,1,Promo modérée
39,2023-04-15,2012.09,819.35,1379.56,2377.94,4150.69,10739.630000000001,1,Promo modérée
39,2023-04-22,4551.61,346.94,3633.67,3375.85,1460.57,13368.64,1,Promo modérée
39,2023-04-29,1834.6,2783.39,3244.99,1157.36,2464.54,11484.880000000001,1,Promo modérée
39,2023-05-06,905.22,807.11,2271.18,2424.87,2286.54,8694.919999999998,1,Promo modérée
39,2023-05-13,1177.84,2759.06,990.64,1860.76,2051.58,8839.880000000001,1,Promo modérée
39,2023-05-20,4020.34,591.02,3892.61,1913.24,4115.21,14532.420000000002,1,Promo modérée
39,2023-05-27,148.93,1667.46,128.56,1074.05,433.33,3452.33,1,Promo faible
39,2023-06-03,3665.16,372.59,2470.15,3423.6,963.52,10895.02,1,Promo modérée
39,2023-06-10,1782.0,281.04,3850.17,2552.27,1541.02,10006.5,1,Promo modérée
39,2023-06-17,1074.78,2985.64,3078.03,1986.72,3356.22,12481.39,1,Promo modérée
39,2023-06-24,1988.97,1175.47,3233.19,2658.69,4054.42,13110.74,1,Promo modérée
39,2023-07-01,270.08,5453.27,2872.55,5290.84,6103.94,19990.68,1,Promo modérée
39,2023-07-08,3742.18,943.61,3382.61,1530.46,2021.7,11620.560000000001,1,Promo modérée
39,2023-07-15,3101.13,1935.45,2586.33,3091.76,827.42,11542.09,1,Promo modérée
39,2023-07-22,3446.04,221.75,3162.84,2513.3,962.75,10306.68,1,Promo modérée
39,2023-07-29,1611.21,2908.71,2861.35,228.2,2149.81,9759.28,1,Promo modérée
39,2023-08-05,407.16,2739.59,1617.48,1583.64,3523.99,9871.86,1,Promo modérée
39,2023-08-12,2895.9,1892.8,2420.25,2160.56,2140.82,11510.33,1,Promo modérée
39,2023-08-19,234.99,195.62,989.26,680.14,1683.51,3783.5199999999995,1,Promo faible
39,2023-08-26,1754.82,2389.31,1064.64,2251.72,442.15,7902.639999999999,1,Promo modérée
39,2023-09-02,3152.43,202.43,7020.64,2319.88,2172.62,14868.0,1,Promo modérée
39,2023-09-09,1314.86,34.49,3738.69,3024.51,1865.22,9977.77,1,Promo modérée
39,2023-09-16,2442.1,566.47,467.89,3213.95,217.72,6908.13,1,Promo modérée
39,2023-09-23,1552.41,1589.62,2627.4,2420.15,2012.82,10202.4,1,Promo modérée
39,2023-09-30,2758.1,237.06,293.16,1409.64,3297.84,7995.8,1,Promo modérée
39,2023-10-07,4619.08,992.69,187.15,2924.0,4203.69,12926.61,1,Promo modérée
39,2023-10-14,3402.31,859.35,998.8,2131.3,3305.73,10697.49,1,Promo modérée
39,2023-10-21,4931.42,2588.53,2558.63,31.97,1331.66,11442.210000000001,1,Promo modérée
39,2023-10-28,3314.53,1041.48,3137.74,1060.82,282.54,8837.11,1,Promo modérée
39,2023-11-04,2852.85,1986.14,2614.39,1979.25,3790.85,13223.48,1,Promo modérée
39,2023-11-11,2268.82,2504.8,3323.42,84.02,1003.73,9184.79,1,Promo modérée
39,2023-11-18,1072.84,1189.98,3252.04,854.4,2619.3,8988.56,1,Promo modérée
39,2023-11-25,9806.73,5497.45,5469.23,717.94,159.57,21650.92,1,Promo forte
39,2023-12-02,1689.44,2263.32,2838.09,365.33,4396.98,11553.16,1,Promo modérée
39,2023-12-09,3658.94,708.86,291.87,1476.4,3189.14,9325.21,1,Promo modérée
39,2023-12-16,1794.71,1301.76,1862.85,323.05,420.16,5702.53,1,Promo modérée
39,2023-12-23,3858.13,1408.51,7850.89,6607.81,2974.15,22699.49,1,Promo forte
39,2023-12-30,9090.12,6212.51,2690.17,334.53,1029.14,19356.47,1,Promo modérée
39,2024-01-06,7803.2,2247.32,5314.78,5484.66,4261.61,25111.57,1,Promo forte
39,2024-01-13,4183.4,1713.0,2517.9,1253.06,3787.13,13454.489999999998,1,Promo modérée
39,2024-01-20,4741.48,2131.25,1692.96,625.14,2216.08,11406.909999999998,1,Promo modérée
39,2024-01-27,1565.67,2579.89,1757.81,8.45,3293.74,9205.559999999998,1,Promo modérée
39,2024-02-03,4423.87,2923.26,1382.6,2081.41,3703.13,14514.27,1,Promo modérée
39,2024-02-10,960.38,199.89,2439.92,1326.97,3973.29,8900.45,1,Promo modérée
39,2024-02-17,1733.77,2582.68,2973.5,2006.0,4000.95,13296.900000000001,1,Promo modérée
39,2024-02-24,4633.68,457.56,1346.55,1490.1,3091.33,11019.220000000001,1,Promo modérée
39,2024-03-02,1501.11,1450.44,1955.68,3042.29,2686.77,10636.29,1,Promo modérée
39,2024-03-09,2493.54,2552.61,2334.48,3135.03,4029.46,14545.119999999999,1,Promo modérée
39,2024-03-16,2327.79,448.16,3391.82,3299.75,636.97,10104.49,1,Promo modérée
39,2024-03-23,1085.65,873.64,660.93,3224.0,2348.21,8192.43,1,Promo modérée
39,2024-03-30,3986.12,693.45,1153.13,342.32,3624.59,9799.61,1,Promo modérée
39,2024-04-06,2708.89,1567.63,3932.3,2674.44,509.35,11392.61,1,Promo modérée
39,2024-04-13,1802.81,1477.28,2133.82,946.48,1452.13,7812.5199999999995,1,Promo modérée
39,2024-04-20,3167.18,2211.93,2775.39,3070.99,353.13,11578.619999999999,1,Promo modérée
39,2024-04-27,2926.42,542.3,3403.58,2556.51,999.29,10428.100000000002,1,Promo modérée
39,2024-05-04,739.2,1402.38,2331.19,2882.41,675.81,8030.99,1,Promo modérée
39,2024-05-11,3604.58,1805.63,200.51,641.31,1204.83,7456.860000000001,1,Promo modérée
39,2024-05-18,32.82,2844.74,2895.67,2741.61,4121.13,12635.970000000001,1,Promo modérée
39,2024-05-25,4092.09,1066.65,2373.09,2993.28,3074.22,13599.33,1,Promo modérée
39,2024-06-01,1096.51,3.92,3252.61,3392.84,4338.6,12084.48,1,Promo modérée
39,2024-06-08,4231.19,2940.84,606.92,2694.11,3303.69,13776.75,1,Promo modérée
39,2024-06-15,4396.68,1842.11,2046.52,815.11,3553.22,12653.64,1,Promo modérée
39,2024-06-22,3175.61,212.12,1146.82,2358.52,223.28,7116.349999999999,1,Promo modérée
39,2024-06-29,2270.59,1640.99,513.39,631.66,3746.3,8802.93,1,Promo modérée
39,2024-07-06,2638.32,3402.46,3158.55,3661.01,1482.08,14342.420000000002,1,Promo modérée
39,2024-07-13,167.26,2978.57,3826.09,1897.88,3234.41,12104.21,1,Promo modérée
39,2024-07-20,2819.23,478.35,3723.48,1510.48,4138.59,12670.13,1,Promo modérée
39,2024-07-27,4491.72,1304.41,793.72,3419.45,1986.67,11995.97,1,Promo modérée
39,2024-08-03,3175.59,1985.57,493.52,1102.1,3369.15,10125.93,1,Promo modérée
39,2024-08-10,4310.06,2011.93,291.46,2124.69,54.85,8792.990000000002,1,Promo modérée
39,2024-08-17,3333.05,2459.22,2343.47,2482.19,406.45,11024.380000000001,1,Promo modérée
39,2024-08-24,3227.91,1798.38,731.78,1036.78,4461.22,11256.07,1,Promo modérée
39,2024-08-31,2017.6,834.0,3855.5,1323.35,3189.23,11219.68,1,Promo modérée
39,2024-09-07,10888.17,5358.73,7538.56,2414.11,3257.64,29457.21,1,Promo forte
39,2024-09-14,4366.01,73.88,3184.38,2137.93,2394.38,12156.580000000002,1,Promo modérée
39,2024-09-21,2183.89,2773.38,3257.94,710.66,3213.65,12139.52,1,Promo modérée
39,2024-09-28,146.4,2322.03,3385.54,1858.3,778.28,8490.550000000001,1,Promo modérée
39,2024-10-05,2400.81,333.04,1018.98,3323.25,2291.7,9367.779999999999,1,Promo modérée
39,2024-10-12,422.43,2100.12,231.06,1552.57,4048.55,8354.73,1,Promo modérée
39,2024-10-19,4780.6,2126.03,1497.18,1112.77,1073.87,10590.45,1,Promo modérée
39,2024-10-26,751.09,791.51,1379.06,909.48,2634.31,6465.45,1,Promo modérée
39,2024-11-02,351.64,374.29,958.61,1209.67,3560.89,6455.1,1,Promo modérée
39,2024-11-09,3973.6,1814.42,805.57,1156.43,3623.32,11373.34,1,Promo modérée
39,2024-11-16,4028.57,73.51,1357.35,1606.14,2643.4,9708.970000000001,1,Promo modérée
39,2024-11-23,7605.86,2571.72,4131.28,1034.06,6447.62,21790.54,1,Promo forte
39,2024-11-30,10037.24,1104.86,4666.07,2942.98,9566.61,28317.760000000002,1,Promo forte
39,2024-12-07,145.9,1915.61,1483.34,1092.14,2866.64,7503.629999999999,1,Promo modérée
39,2024-12-14,475.53,2514.38,1970.82,3287.39,2077.44,10325.56,1,Promo modérée
39,2024-12-21,4136.69,9.6,563.66,6614.76,4869.67,16194.38,1,Promo modérée
40,2022-01-01,9438.67,3091.6,5940.19,256.89,1366.19,20093.539999999997,1,Promo forte
40,2022-01-08,2962.69,246.57,3063.06,2160.28,3848.99,12281.59,1,Promo modérée
40,2022-01-15,198.92,393.63,3718.15,3082.28,2237.38,9630.36,1,Promo modérée
40,2022-01-22,2607.34,2412.13,2027.02,2133.07,2745.46,11925.02,1,Promo modérée
40,2022-01-29,2176.68,1579.64,1523.07,1803.9,609.05,7692.339999999999,1,Promo modérée
40,2022-02-05,291.78,1955.12,3940.73,2623.62,1143.09,9954.34,1,Promo modérée
40,2022-02-12,3973.04,170.12,37.44,3015.45,4241.44,11437.489999999998,1,Promo modérée
40,2022-02-19,4746.18,1167.54,13.29,69.11,2541.85,8537.97,1,Promo modérée
40,2022-02-26,3692.03,2481.29,3345.1,1440.4,2816.92,13775.74,1,Promo modérée
40,2022-03-05,3550.09,587.85,1774.53,1477.37,3370.28,10760.12,1,Promo modérée
40,2022-03-12,1161.74,719.76,117.99,2418.77,4436.32,8854.58,1,Promo modérée
40,2022-03-19,59.32,2171.19,2786.3,802.39,1497.17,7316.370000000001,1,Promo modérée
40,2022-03-26,2408.64,1496.9,1888.36,1007.75,1140.14,7941.79,1,Promo modérée
40,2022-04-02,4185.17,501.45,2618.95,2107.98,1268.93,10682.48,1,Promo modérée
40,2022-04-09,4387.52,2168.47,1933.8,3353.33,2537.46,14380.579999999998,1,Promo modérée
40,2022-04-16,3912.71,2611.71,291.1,2674.3,1910.08,11399.9,1,Promo modérée
40,2022-04-23,2029.86,2680.08,3579.7,1614.39,4260.98,14165.009999999998,1,Promo modérée
40,2022-04-30,2444.18,278.03,562.64,3400.95,3317.85,10003.65,1,Promo modérée
40,2022-05-07,920.11,1655.0,839.51,561.51,443.0,4419.13,1,Promo faible
40,2022-05-14,3435.34,1487.59,3647.1,582.03,108.73,9260.79,1,Promo modérée
40,2022-05-21,4024.19,565.73,1770.73,3340.68,2757.17,12458.5,1,Promo modérée
40,2022-05-28,4112.64,1949.54,3161.27,309.46,64.69,9597.6,1,Promo modérée
40,2022-06-04,2392.6,2318.46,2964.38,2464.97,3104.55,13244.96,1,Promo modérée
40,2022-06-11,4023.47,2673.33,2473.02,1944.53,3023.49,14137.84,1,Promo modérée
40,2022-06-18,612.51,1248.95,1192.94,3064.17,2282.49,8401.06,1,Promo modérée
40,2022-06-25,3962.47,1478.58,3340.36,657.86,510.36,9949.630000000001,1,Promo modérée
40,2022-07-02,4442.93,5714.8,1985.39,7675.29,3557.99,23376.4,1,Promo forte
40,2022-07-09,3746.99,732.16,1770.45,1489.02,440.76,8179.379999999999,1,Promo modérée
40,2022-07-16,761.98,2706.33,149.59,1399.58,3288.13,8305.61,1,Promo modérée
40,2022-07-23,3791.51,2901.35,2772.58,941.69,1293.7,11700.830000000002,1,Promo modérée
40,2022-07-30,66.17,1574.9,3100.31,2576.59,1654.08,8972.05,1,Promo modérée
40,2022-08-06,4373.96,632.21,3300.58,2513.23,2997.14,13817.119999999999,1,Promo modérée
40,2022-08-13,2026.77,2755.8,2346.18,3038.58,977.36,11144.69,1,Promo modérée
40,2022-08-20,1520.98,1565.85,1198.82,1200.38,1355.48,6841.51,1,Promo modérée
40,2022-08-27,3457.59,873.21,806.87,2615.38,1632.91,9385.960000000001,1,Promo modérée
40,2022-09-03,1835.65,2551.09,6952.54,1359.31,1158.56,13857.149999999998,1,Promo modérée
40,2022-09-10,4909.71,582.37,1833.71,3452.29,137.78,10915.86,1,Promo modérée
40,2022-09-17,1936.06,664.39,1712.01,3378.57,1266.29,8957.32,1,Promo modérée
40,2022-09-24,249.0,1644.19,1429.4,1494.28,2127.84,6944.71,1,Promo modérée
40,2022-10-01,3813.89,2063.39,1569.84,412.33,264.55,8124.0,1,Promo modérée
40,2022-10-08,1912.15,1883.35,3551.5,1414.27,2149.84,10911.11,1,Promo modérée
40,2022-10-15,2855.29,327.56,3286.8,2862.24,517.43,9849.32,1,Promo modérée
40,2022-10-22,2131.39,1814.37,2068.98,3342.62,4322.96,13680.32,1,Promo modérée
40,2022-10-29,3310.7,1413.85,268.73,685.85,779.81,6458.939999999999,1,Promo modérée
40,2022-11-05,3992.99,2575.09,1105.95,1472.62,368.69,9515.34,1,Promo modérée
40,2022-11-12,4730.92,2170.91,1813.81,1284.08,857.37,10857.09,1,Promo modérée
40,2022-11-19,1214.53,1881.37,3445.32,3474.18,3291.68,13307.08,1,Promo modérée
40,2022-11-26,6245.06,5984.37,6022.07,6165.01,5030.16,29446.670000000002,1,Promo forte
40,2022-12-03,1662.91,279.38,3283.93,592.63,2317.57,8136.42,1,Promo modérée
40,2022-12-10,3530.04,1363.17,724.54,3437.1,3561.09,12615.94,1,Promo modérée
40,2022-12-17,4981.84,1945.34,2673.25,2465.6,2996.04,15062.07,1,Promo modérée
40,2022-12-24,4797.14,1901.73,6923.0,3154.47,5461.98,22238.32,1,Promo forte
40,2022-12-31,6135.16,4631.26,3422.99,2720.28,848.85,17758.539999999997,1,Promo modérée
40,2023-01-07,2885.71,1052.62,413.52,3286.96,1589.15,9227.960000000001,1,Promo modérée
40,2023-01-14,3288.58,2580.84,619.84,3172.69,4310.42,13972.37,1,Promo modérée
40,2023-01-21,4565.68,688.27,1390.86,176.67,2826.42,9647.900000000001,1,Promo modérée
40,2023-01-28,3046.69,1239.59,529.84,3037.27,2472.92,10326.31,1,Promo modérée
40,2023-02-04,1268.48,2630.26,734.53,1802.57,3580.9,10016.74,1,Promo modérée
40,2023-02-11,4702.29,32.41,1023.62,294.14,4254.9,10307.36,1,Promo modérée
40,2023-02-18,3069.66,141.25,2377.32,2711.27,2704.57,11004.07,1,Promo modérée
40,2023-02-25,4140.65,1505.03,3282.47,1602.72,893.37,11424.24,1,Promo modérée
40,2023-03-04,927.81,2648.74,463.43,784.96,4479.84,9304.779999999999,1,Promo modérée
40,2023-03-11,1108.91,1267.4,3020.01,3053.57,1229.42,9679.310000000001,1,Promo modérée
40,2023-03-18,4465.68,2934.02,2716.48,3396.05,1295.33,14807.56,1,Promo modérée
40,2023-03-25,2443.13,2374.93,3488.89,2218.81,3247.09,13772.849999999999,1,Promo modérée
40,2023-04-01,4750.93,1538.58,3177.85,1839.64,4198.22,15505.220000000001,1,Promo modérée
40,2023-04-08,1405.13,1417.83,3280.69,1633.29,2525.34,10262.279999999999,1,Promo modérée
40,2023-04-15,191.09,207.17,1355.42,2547.5,1099.59,5400.77,1,Promo modérée
40,2023-04-22,4916.14,1813.83,2020.28,2386.56,3006.14,14142.949999999999,1,Promo modérée
40,2023-04-29,244.99,1329.65,1588.1,2696.06,858.71,6717.509999999999,1,Promo modérée
40,2023-05-06,2174.78,2256.03,2585.7,3061.49,3298.49,13376.49,1,Promo modérée
40,2023-05-13,2059.69,2564.65,721.49,2252.4,865.74,8463.97,1,Promo modérée
40,2023-05-20,1518.19,2703.59,2508.99,1786.11,2377.62,10894.5,1,Promo modérée
40,2023-05-27,187.58,1917.54,1613.06,716.04,2751.32,7185.539999999999,1,Promo modérée
40,2023-06-03,4906.77,333.28,642.86,3465.62,3969.46,13317.989999999998,1,Promo modérée
40,2023-06-10,3154.77,1196.61,191.12,1019.52,3872.94,9434.960000000001,1,Promo modérée
40,2023-06-17,2672.59,1483.73,3736.25,30.95,2501.54,10425.06,1,Promo modérée
40,2023-06-24,1058.93,1593.54,2984.28,1366.31,1835.43,8838.49,1,Promo modérée
40,2023-07-01,3351.02,2519.29,3875.61,2663.77,6473.73,18883.42,1,Promo modérée
40,2023-07-08,2271.93,2328.99,3303.12,1054.51,2881.46,11840.009999999998,1,Promo modérée
40,2023-07-15,1550.95,1644.45,129.08,3267.83,2924.91,9517.22,1,Promo modérée
40,2023-07-22,3399.34,217.57,2624.41,1420.61,2981.83,10643.759999999998,1,Promo modérée
40,2023-07-29,1265.15,246.05,1300.11,2470.16,2623.89,7905.359999999999,1,Promo modérée
40,2023-08-05,2059.79,1854.93,3785.15,1747.16,2241.79,11688.82,1,Promo modérée
40,2023-08-12,4903.93,1131.96,1266.83,3435.41,3924.61,14662.740000000002,1,Promo modérée
40,2023-08-19,1257.16,2939.01,2262.84,2668.74,3208.75,12336.5,1,Promo modérée
40,2023-08-26,3984.07,2839.15,2852.39,3124.16,427.67,13227.44,1,Promo modérée
40,2023-09-02,1348.31,6573.01,2395.23,3680.97,8133.99,22131.51,1,Promo forte
40,2023-09-09,4803.77,2575.07,3517.19,3040.38,695.55,14631.96,1,Promo modérée
40,2023-09-16,2070.22,884.79,1031.67,2283.34,737.75,7007.77,1,Promo modérée
40,2023-09-23,4836.83,2386.29,2707.82,2995.89,62.86,12989.69,1,Promo modérée
40,2023-09-30,568.44,216.86,3313.34,1625.64,4466.22,10190.5,1,Promo modérée
40,2023-10-07,1531.6,579.84,904.38,2333.6,2350.48,7699.9,1,Promo modérée
40,2023-10-14,4318.91,2328.78,1718.29,2206.85,214.56,10787.39,1,Promo modérée
40,2023-10-21,1502.47,1112.52,360.37,1129.76,4350.79,8455.91,1,Promo modérée
40,2023-10-28,1777.55,418.56,2521.26,2621.23,4153.96,11492.560000000001,1,Promo modérée
40,2023-11-04,4789.55,1292.53,1666.75,1204.93,642.69,9596.45,1,Promo modérée
40,2023-11-11,1605.98,283.92,3895.05,451.42,2379.14,8615.51,1,Promo modérée
40,2023-11-18,1659.68,2597.07,2488.0,2153.85,2268.04,11166.64,1,Promo modérée
40,2023-11-25,3056.08,387.43,970.77,2080.95,6704.8,13200.029999999999,1,Promo modérée
40,2023-12-02,3045.82,2751.0,2512.41,89.3,1716.71,10115.239999999998,1,Promo modérée
40,2023-12-09,1428.66,2726.93,1652.57,2209.26,4420.5,12437.92,1,Promo modérée
40,2023-12-16,2208.27,2620.36,108.62,1426.13,1543.47,7906.85,1,Promo modérée
40,2023-12-23,1076.83,6470.18,1867.61,2688.3,2049.76,14152.680000000002,1,Promo modérée
40,2023-12-30,5770.09,4377.5,5539.78,5513.41,7620.3,28821.079999999998,1,Promo forte
40,2024-01-06,4697.37,3005.9,3273.83,4551.22,3200.92,18729.239999999998,1,Promo modérée
40,2024-01-13,2892.6,1107.97,57.59,425.36,358.59,4842.11,1,Promo faible
40,2024-01-20,563.45,2582.03,2754.01,1416.49,4467.58,11783.560000000001,1,Promo modérée
40,2024-01-27,2440.62,649.23,2037.86,107.73,1718.82,6954.259999999999,1,Promo modérée
40,2024-02-03,2102.27,2441.92,3342.91,747.59,1895.99,10530.68,1,Promo modérée
40,2024-02-10,3147.9,2361.07,488.89,2044.87,384.43,8427.16,1,Promo modérée
40,2024-02-17,664.05,2305.19,572.26,663.85,4126.23,8331.58,1,Promo modérée
40,2024-02-24,1817.06,309.53,1873.82,1397.73,2812.2,8210.34,1,Promo modérée
40,2024-03-02,201.25,2463.23,2536.87,7.6,1123.07,6332.02,1,Promo modérée
40,2024-03-09,786.71,1158.1,3240.59,1583.37,521.42,7290.19,1,Promo modérée
40,2024-03-16,1393.78,2632.36,2469.4,1377.82,2745.26,10618.62,1,Promo modérée
40,2024-03-23,36.64,930.94,638.14,903.64,250.72,2760.08,1,Promo faible
40,2024-03-30,2612.33,125.37,363.2,1931.73,3782.6,8815.23,1,Promo modérée
40,2024-04-06,988.02,855.52,3791.66,773.46,1984.08,8392.74,1,Promo modérée
40,2024-04-13,1172.95,1806.3,1431.08,880.17,3127.51,8418.01,1,Promo modérée
40,2024-04-20,3473.9,1687.85,2905.43,3412.92,1540.22,13020.32,1,Promo modérée
40,2024-04-27,2604.84,2463.1,2666.49,1932.79,4257.0,13924.220000000001,1,Promo modérée
40,2024-05-04,1157.05,815.74,2527.33,121.49,4233.36,8854.97,1,Promo modérée
40,2024-05-11,3358.61,439.08,3078.47,1262.68,4472.5,12611.34,1,Promo modérée
40,2024-05-18,3581.6,1792.45,204.79,1209.33,1423.88,8212.05,1,Promo modérée
40,2024-05-25,2626.54,654.83,49.76,558.24,137.61,4026.98,1,Promo faible
40,2024-06-01,4854.27,2990.72,2548.09,379.98,3696.84,14469.9,1,Promo modérée
40,2024-06-08,4862.36,2477.9,1043.11,1466.19,1778.78,11628.340000000002,1,Promo modérée
40,2024-06-15,1077.85,2847.72,3696.22,1052.08,12.45,8686.32,1,Promo modérée
40,2024-06-22,863.95,982.19,3035.41,1498.98,2012.72,8393.25,1,Promo modérée
40,2024-06-29,4244.29,1370.21,2647.05,1070.87,268.01,9600.429999999998,1,Promo modérée
40,2024-07-06,6001.85,4139.23,6060.41,4093.52,7619.49,27914.5,1,Promo forte
40,2024-07-13,3213.1,2126.75,3026.78,2145.37,2119.06,12631.06,1,Promo modérée
40,2024-07-20,4523.89,2196.45,2984.51,304.26,2778.56,12787.67,1,Promo modérée
40,2024-07-27,2649.94,1353.78,3105.77,1759.23,2165.23,11033.949999999999,1,Promo modérée
40,2024-08-03,3441.78,501.78,3218.24,2751.54,3266.19,13179.53,1,Promo modérée
40,2024-08-10,2886.58,2666.66,1978.58,2097.07,2714.59,12343.48,1,Promo modérée
40,2024-08-17,4357.21,2592.31,3090.18,1449.38,3536.88,15025.960000000003,1,Promo modérée
40,2024-08-24,2264.39,2491.09,3651.01,718.53,2052.97,11177.99,1,Promo modérée
40,2024-08-31,4150.38,1991.81,428.76,2434.8,2911.77,11917.52,1,Promo modérée
40,2024-09-07,4076.78,6011.41,4555.5,7.91,6918.48,21570.08,1,Promo forte
40,2024-09-14,807.97,1748.56,3078.22,821.12,3139.75,9595.619999999999,1,Promo modérée
40,2024-09-21,374.69,1096.16,2836.03,2401.35,4297.86,11006.09,1,Promo modérée
40,2024-09-28,4065.11,1097.79,616.04,567.49,4426.19,10772.619999999999,1,Promo modérée
40,2024-10-05,279.5,325.25,3047.02,2754.06,4447.06,10852.89,1,Promo modérée
40,2024-10-12,636.41,2958.9,3923.96,3026.9,408.51,10954.68,1,Promo modérée
40,2024-10-19,3446.12,2410.32,3392.35,1903.41,2405.79,13557.990000000002,1,Promo modérée
40,2024-10-26,1708.43,1151.28,310.85,2059.47,420.39,5650.42,1,Promo modérée
40,2024-11-02,3398.0,2893.29,1194.31,337.13,2852.89,10675.62,1,Promo modérée
40,2024-11-09,2426.97,150.01,766.46,1045.72,2192.38,6581.54,1,Promo modérée
40,2024-11-16,98.64,2104.01,285.41,2524.1,3156.72,8168.879999999999,1,Promo modérée
40,2024-11-23,788.99,5348.2,6323.22,7514.55,3060.94,23035.899999999998,1,Promo forte
40,2024-11-30,8666.72,2028.55,1594.5,5424.76,8869.19,26583.72,1,Promo forte
40,2024-12-07,4120.31,321.28,3612.86,2103.97,2649.85,12808.27,1,Promo modérée
40,2024-12-14,865.27,1392.19,440.62,2285.63,761.53,5745.24,1,Promo modérée
40,2024-12-21,8783.6,5813.31,392.21,7692.88,2976.38,25658.38,1,Promo forte
41,2022-01-01,2953.4,3442.5,5487.32,6091.41,2477.04,20451.67,1,Promo forte
41,2022-01-08,425.13,350.11,2228.91,162.4,843.26,4009.8099999999995,1,Promo faible
41,2022-01-15,2605.88,2191.93,3783.97,1763.12,1597.52,11942.419999999998,1,Promo modérée
41,2022-01-22,1030.51,2679.91,2942.05,447.81,3207.61,10307.890000000001,1,Promo modérée
41,2022-01-29,3842.92,2486.05,927.92,838.73,1934.81,10030.43,1,Promo modérée
41,2022-02-05,2807.52,181.17,1078.21,389.85,1166.78,5623.53,1,Promo modérée
41,2022-02-12,4370.2,749.95,3113.31,2042.49,3043.66,13319.609999999999,1,Promo modérée
41,2022-02-19,4423.02,398.08,1365.81,274.95,3757.2,10219.06,1,Promo modérée
41,2022-02-26,3121.79,2947.86,3355.46,2792.73,1880.86,14098.7,1,Promo modérée
41,2022-03-05,2162.61,1981.37,3880.22,862.58,3577.51,12464.289999999999,1,Promo modérée
41,2022-03-12,185.77,739.66,1283.42,1512.9,4343.85,8065.6,1,Promo modérée
41,2022-03-19,303.5,2896.26,2239.41,2846.5,3476.24,11761.91,1,Promo modérée
41,2022-03-26,4509.64,1571.67,1072.28,2129.75,1264.07,10547.41,1,Promo modérée
41,2022-04-02,4782.91,1335.3,1213.3,3231.48,4100.46,14663.45,1,Promo modérée
41,2022-04-09,2891.07,962.33,2946.26,553.92,2682.24,10035.82,1,Promo modérée
41,2022-04-16,4302.13,2744.39,3020.13,2065.37,1038.85,13170.87,1,Promo modérée
41,2022-04-23,4866.95,2389.39,3998.87,1607.12,2651.98,15514.309999999998,1,Promo modérée
41,2022-04-30,1446.44,843.88,3929.48,464.27,3655.62,10339.689999999999,1,Promo modérée
41,2022-05-07,3548.67,2524.74,1880.56,2498.96,817.12,11270.050000000001,1,Promo modérée
41,2022-05-14,763.77,1220.04,1830.94,1815.06,183.6,5813.41,1,Promo modérée
41,2022-05-21,2305.87,550.36,3288.56,3348.39,1311.09,10804.27,1,Promo modérée
41,2022-05-28,2051.99,2275.31,2995.06,3311.11,1970.19,12603.66,1,Promo modérée
41,2022-06-04,4140.18,473.43,3927.36,2393.33,3510.5,14444.800000000001,1,Promo modérée
41,2022-06-11,4353.83,487.19,96.55,475.38,1457.85,6870.799999999999,1,Promo modérée
41,2022-06-18,4055.26,246.64,2716.76,3338.66,541.63,10898.949999999999,1,Promo modérée
41,2022-06-25,4822.16,2309.3,1589.78,1525.44,651.12,10897.800000000001,1,Promo modérée
41,2022-07-02,129.83,3874.35,6790.15,5637.24,6372.96,22804.53,1,Promo forte
41,2022-07-09,4633.25,385.15,3788.32,2716.11,2774.66,14297.49,1,Promo modérée
41,2022-07-16,3783.17,2433.42,809.11,166.62,3612.83,10805.15,1,Promo modérée
41,2022-07-23,2914.09,2561.97,126.27,3039.5,3992.59,12634.42,1,Promo modérée
41,2022-07-30,2953.38,1479.47,3340.35,1759.12,2111.04,11643.36,1,Promo modérée
41,2022-08-06,4155.48,2493.28,1277.53,2016.78,693.53,10636.6,1,Promo modérée
41,2022-08-13,2244.67,2535.24,2925.48,1109.05,1093.65,9908.089999999998,1,Promo modérée
41,2022-08-20,2793.43,1839.22,3550.01,3038.7,670.65,11892.01,1,Promo modérée
41,2022-08-27,2554.42,2324.71,373.72,1059.38,116.02,6428.250000000001,1,Promo modérée
41,2022-09-03,510.68,3324.96,4636.48,300.1,7745.63,16517.85,1,Promo modérée
41,2022-09-10,1061.03,174.71,3919.62,853.45,2858.99,8867.8,1,Promo modérée
41,2022-09-17,92.22,2508.58,1914.66,1815.98,1849.61,8181.05,1,Promo modérée
41,2022-09-24,2184.97,2610.04,123.39,1243.92,1934.19,8096.51,1,Promo modérée
41,2022-10-01,384.22,603.37,3013.47,3064.35,3279.73,10345.14,1,Promo modérée
41,2022-10-08,1925.39,151.5,2838.7,1762.23,4084.23,10762.05,1,Promo modérée
41,2022-10-15,3217.83,2371.25,1761.14,814.82,4121.05,12286.09,1,Promo modérée
41,2022-10-22,62.0,1345.59,2009.84,1317.32,674.88,5409.63,1,Promo modérée
41,2022-10-29,3762.12,2013.47,3759.73,1329.75,3537.9,14402.97,1,Promo modérée
41,2022-11-05,209.96,241.46,383.7,1010.42,2660.08,4505.62,1,Promo faible
41,2022-11-12,588.45,29.94,2778.72,2504.64,2799.64,8701.39,1,Promo modérée
41,2022-11-19,4945.7,895.86,1964.54,3247.73,2079.55,13133.380000000001,1,Promo modérée
41,2022-11-26,6217.92,2102.04,677.87,3926.79,6625.25,19549.87,1,Promo modérée
41,2022-12-03,3420.61,40.09,2534.11,1419.89,2037.94,9452.640000000001,1,Promo modérée
41,2022-12-10,4800.59,2830.62,2575.67,3162.95,3380.74,16750.57,1,Promo modérée
41,2022-12-17,224.04,2494.03,2332.92,204.53,3922.93,9178.449999999999,1,Promo modérée
41,2022-12-24,4366.0,899.84,2541.22,2672.49,3544.96,14024.509999999998,1,Promo modérée
41,2022-12-31,82.51,986.83,3827.63,1147.94,9502.14,15547.05,1,Promo modérée
41,2023-01-07,7156.62,6394.17,4159.65,5331.57,1934.05,24976.06,1,Promo forte
41,2023-01-14,1058.32,2163.98,3749.35,1377.61,1451.08,9800.34,1,Promo modérée
41,2023-01-21,3115.38,1987.27,391.32,2442.24,4051.43,11987.64,1,Promo modérée
41,2023-01-28,1928.84,2456.13,2159.59,1431.28,3236.66,11212.5,1,Promo modérée
41,2023-02-04,592.56,1603.05,177.72,2361.06,1080.01,5814.4,1,Promo modérée
41,2023-02-11,4401.85,2293.61,2404.29,2444.89,1868.97,13413.609999999999,1,Promo modérée
41,2023-02-18,3461.62,899.83,3183.96,368.35,2812.56,10726.32,1,Promo modérée
41,2023-02-25,2795.16,197.68,1003.21,2526.75,4254.4,10777.199999999999,1,Promo modérée
41,2023-03-04,3975.02,1882.94,460.64,1269.32,1128.15,8716.07,1,Promo modérée
41,2023-03-11,4183.42,2369.46,568.88,79.69,564.97,7766.42,1,Promo modérée
41,2023-03-18,972.92,1767.13,2966.17,2128.21,4471.36,12305.79,1,Promo modérée
41,2023-03-25,4262.4,2840.75,3888.22,1859.82,2723.67,15574.859999999999,1,Promo modérée
41,2023-04-01,2183.19,558.5,3546.61,2665.95,2782.83,11737.08,1,Promo modérée
41,2023-04-08,3288.76,2573.74,3031.95,1657.02,1180.28,11731.750000000002,1,Promo modérée
41,2023-04-15,3914.82,511.67,2284.45,2822.81,2525.8,12059.55,1,Promo modérée
41,2023-04-22,4125.25,2470.13,1130.92,2796.21,164.86,10687.37,1,Promo modérée
41,2023-04-29,208.6,1833.51,1253.93,55.87,1939.03,5290.94,1,Promo modérée
41,2023-05-06,4985.68,258.13,353.11,2495.36,3368.84,11461.12,1,Promo modérée
41,2023-05-13,4949.51,1903.36,2960.46,2877.86,3594.91,16286.1,1,Promo modérée
41,2023-05-20,2989.93,2641.08,1221.92,107.28,1472.32,8432.53,1,Promo modérée
41,2023-05-27,3345.6,1737.03,331.93,3380.99,2780.07,11575.619999999999,1,Promo modérée
41,2023-06-03,2880.94,2902.07,525.95,2656.2,2588.18,11553.34,1,Promo modérée
41,2023-06-10,904.09,1385.13,3621.15,17.52,2196.86,8124.750000000002,1,Promo modérée
41,2023-06-17,1620.34,857.88,196.48,1761.21,2051.24,6487.15,1,Promo modérée
41,2023-06-24,4719.84,2899.38,13.69,596.92,3999.51,12229.34,1,Promo modérée
41,2023-07-01,8402.02,1609.77,885.93,6236.6,9747.8,26882.12,1,Promo forte
41,2023-07-08,1752.03,657.08,247.14,2562.97,655.46,5874.679999999999,1,Promo modérée
41,2023-07-15,349.71,2631.83,3118.94,3008.3,3907.49,13016.269999999999,1,Promo modérée
41,2023-07-22,831.16,1967.32,1308.0,162.64,353.92,4623.04,1,Promo faible
41,2023-07-29,278.72,1181.2,509.76,3022.42,4355.72,9347.82,1,Promo modérée
41,2023-08-05,2426.36,2502.3,2135.5,1924.86,2014.65,11003.67,1,Promo modérée
41,2023-08-12,3950.89,1873.91,1365.11,79.13,4031.01,11300.05,1,Promo modérée
41,2023-08-19,434.09,2396.3,2585.84,2174.06,4137.29,11727.580000000002,1,Promo modérée
41,2023-08-26,4371.11,2644.42,2362.35,2303.5,4039.93,15721.31,1,Promo modérée
41,2023-09-02,6988.79,1805.56,3519.28,3623.56,1438.45,17375.64,1,Promo modérée
41,2023-09-09,4742.66,739.03,1868.06,114.63,867.25,8331.630000000001,1,Promo modérée
41,2023-09-16,2325.05,2164.03,3705.17,1724.93,3782.4,13701.58,1,Promo modérée
41,2023-09-23,520.92,2817.34,706.71,1646.26,2098.64,7789.870000000001,1,Promo modérée
41,2023-09-30,722.95,378.05,3300.27,2627.52,1992.08,9020.87,1,Promo modérée
41,2023-10-07,483.2,1354.11,2365.55,3450.04,403.24,8056.14,1,Promo modérée
41,2023-10-14,3917.38,943.68,857.2,966.32,3439.77,10124.35,1,Promo modérée
41,2023-10-21,2126.25,2743.58,3452.78,1131.82,1475.73,10930.16,1,Promo modérée
41,2023-10-28,1211.69,566.56,558.17,39.98,1262.77,3639.17,1,Promo faible
41,2023-11-04,2599.79,2833.71,1388.29,108.58,1630.64,8561.01,1,Promo modérée
41,2023-11-11,1486.15,2910.79,3330.54,2394.87,2692.47,12814.82,1,Promo modérée
41,2023-11-18,520.34,888.46,2116.48,1638.14,1545.81,6709.23,1,Promo modérée
41,2023-11-25,7712.61,5554.66,4636.4,7300.95,3499.13,28703.75,1,Promo forte
41,2023-12-02,1932.87,2094.45,2280.73,190.37,3190.85,9689.269999999999,1,Promo modérée
41,2023-12-09,4374.34,807.59,756.57,465.19,4402.13,10805.82,1,Promo modérée
41,2023-12-16,4566.67,1391.42,2263.82,778.73,1458.69,10459.33,1,Promo modérée
41,2023-12-23,9350.73,4868.04,6694.55,1372.03,4902.05,27187.399999999998,1,Promo forte
41,2023-12-30,10920.61,4077.12,4547.57,3388.68,181.13,23115.11,1,Promo forte
41,2024-01-06,10208.6,2570.9,3752.35,7508.57,6577.81,30618.23,1,Promo forte
41,2024-01-13,1584.67,2652.74,2046.04,3337.76,1445.95,11067.16,1,Promo modérée
41,2024-01-20,905.44,1144.5,3181.55,436.66,362.16,6030.3099999999995,1,Promo modérée
41,2024-01-27,4730.89,733.58,1367.29,2937.58,3649.74,13419.08,1,Promo modérée
41,2024-02-03,791.69,153.52,3104.32,459.59,1608.36,6117.48,1,Promo modérée
41,2024-02-10,4049.71,837.45,3237.4,950.32,3119.0,12193.88,1,Promo modérée
41,2024-02-17,3250.16,2560.03,737.16,2314.36,574.88,9436.59,1,Promo modérée
41,2024-02-24,4196.36,860.37,1384.58,2241.42,993.22,9675.949999999999,1,Promo modérée
41,2024-03-02,4700.54,1344.6,836.96,1647.01,449.7,8978.81,1,Promo modérée
41,2024-03-09,2603.3,40.62,2098.55,11.44,4163.36,8917.27,1,Promo modérée
41,2024-03-16,2654.48,367.03,1892.43,1069.28,3427.13,9410.35,1,Promo modérée
41,2024-03-23,1300.98,2302.71,1752.44,1491.61,3907.04,10754.779999999999,1,Promo modérée
41,2024-03-30,4322.57,943.02,2627.28,3248.28,3238.9,14380.050000000001,1,Promo modérée
41,2024-04-06,3445.19,350.57,2627.16,510.98,304.26,7238.16,1,Promo modérée
41,2024-04-13,2956.95,643.69,608.18,2125.46,1003.27,7337.549999999999,1,Promo modérée
41,2024-04-20,4155.19,1035.72,826.88,3353.7,3424.84,12796.33,1,Promo modérée
41,2024-04-27,547.0,662.88,1212.94,3490.15,1899.4,7812.370000000001,1,Promo modérée
41,2024-05-04,1216.29,2647.27,2662.74,1579.67,3691.27,11797.24,1,Promo modérée
41,2024-05-11,1297.79,630.1,1895.9,469.72,3365.15,7658.66,1,Promo modérée
41,2024-05-18,746.35,1261.3,1285.08,2807.24,3235.67,9335.64,1,Promo modérée
41,2024-05-25,160.37,403.86,3023.9,400.36,3076.92,7065.41,1,Promo modérée
41,2024-06-01,4485.19,1708.49,2031.49,1782.86,4104.37,14112.400000000001,1,Promo modérée
41,2024-06-08,4768.72,389.18,2744.77,1485.96,3766.96,13155.59,1,Promo modérée
41,2024-06-15,2147.62,2100.65,928.62,2835.12,239.24,8251.25,1,Promo modérée
41,2024-06-22,537.24,2990.23,3998.24,1819.31,2556.04,11901.060000000001,1,Promo modérée
41,2024-06-29,1154.7,1290.74,2130.03,2509.5,675.68,7760.650000000001,1,Promo modérée
41,2024-07-06,7286.0,4747.39,4193.48,1980.67,4765.78,22973.32,1,Promo forte
41,2024-07-13,4448.07,1914.72,1618.96,390.8,3382.94,11755.49,1,Promo modérée
41,2024-07-20,2688.11,1891.23,326.17,2328.48,873.86,8107.849999999999,1,Promo modérée
41,2024-07-27,3524.61,285.32,1547.62,982.33,1792.9,8132.780000000001,1,Promo modérée
41,2024-08-03,3655.63,2176.1,3394.87,1397.36,3417.67,14041.63,1,Promo modérée
41,2024-08-10,2592.69,549.61,3902.3,2978.87,4421.4,14444.87,1,Promo modérée
41,2024-08-17,1198.97,1907.42,3152.92,1745.6,1333.68,9338.59,1,Promo modérée
41,2024-08-24,4491.17,2769.75,502.02,3486.39,4364.2,15613.529999999999,1,Promo modérée
41,2024-08-31,2281.57,2729.1,1540.5,2758.62,1880.76,11190.550000000001,1,Promo modérée
41,2024-09-07,5976.94,6061.1,6511.65,555.69,7592.02,26697.4,1,Promo forte
41,2024-09-14,3746.89,1910.89,2689.48,3124.33,1682.87,13154.46,1,Promo modérée
41,2024-09-21,3167.93,972.75,3436.06,1202.52,1290.75,10070.01,1,Promo modérée
41,2024-09-28,2486.13,619.03,126.09,1632.67,3341.84,8205.76,1,Promo modérée
41,2024-10-05,2115.81,778.91,2276.97,2837.6,100.5,8109.789999999999,1,Promo modérée
41,2024-10-12,2888.48,1550.18,3854.65,453.78,3330.64,12077.73,1,Promo modérée
41,2024-10-19,767.56,1687.71,2954.47,1858.75,2838.61,10107.1,1,Promo modérée
41,2024-10-26,1421.5,2813.09,1835.47,2360.89,997.61,9428.560000000001,1,Promo modérée
41,2024-11-02,2872.1,287.91,1467.68,854.59,1144.81,6627.09,1,Promo modérée
41,2024-11-09,2919.79,785.34,1103.48,2838.6,3989.14,11636.35,1,Promo modérée
41,2024-11-16,831.0,2585.12,3395.29,1282.76,1313.04,9407.21,1,Promo modérée
41,2024-11-23,5405.02,3116.89,1109.71,3881.98,7354.05,20867.649999999998,1,Promo forte
41,2024-11-30,9474.1,1564.6,259.97,4128.92,5736.97,21164.56,1,Promo forte
41,2024-12-07,722.86,689.42,1530.14,1726.94,419.4,5088.76,1,Promo modérée
41,2024-12-14,1174.59,2160.17,207.04,1780.6,1621.45,6943.849999999999,1,Promo modérée
41,2024-12-21,6943.6,4223.0,2923.36,6775.81,9750.09,30615.86,1,Promo forte
42,2022-01-01,4252.19,1927.37,8091.67,5704.28,4362.96,24338.469999999998,1,Promo forte
42,2022-01-08,4181.5,2434.22,3987.45,67.77,2431.71,13102.649999999998,1,Promo modérée
42,2022-01-15,7.58,279.1,1520.24,1151.27,3933.01,6891.200000000001,1,Promo modérée
42,2022-01-22,662.0,873.8,2507.17,41.96,4356.45,8441.380000000001,1,Promo modérée
42,2022-01-29,2946.11,1985.95,3443.35,3015.45,126.77,11517.630000000001,1,Promo modérée
42,2022-02-05,1585.7,1040.86,398.49,3464.02,3718.13,10207.2,1,Promo modérée
42,2022-02-12,870.06,2160.94,2278.47,2534.25,2445.54,10289.259999999998,1,Promo modérée
42,2022-02-19,1896.18,947.38,2012.68,2045.64,992.17,7894.05,1,Promo modérée
42,2022-02-26,1473.21,2728.75,3018.0,1681.0,2965.98,11866.939999999999,1,Promo modérée
42,2022-03-05,2540.88,1866.19,1521.79,1855.54,384.46,8168.86,1,Promo modérée
42,2022-03-12,919.02,1569.17,3123.79,1447.33,1654.69,8714.0,1,Promo modérée
42,2022-03-19,825.44,1983.68,120.57,2933.19,4146.73,10009.61,1,Promo modérée
42,2022-03-26,1586.3,2319.5,1936.96,1219.22,711.31,7773.290000000001,1,Promo modérée
42,2022-04-02,645.05,516.12,1975.19,1491.2,2332.66,6960.22,1,Promo modérée
42,2022-04-09,1601.77,1638.9,399.55,2505.9,2502.42,8648.54,1,Promo modérée
42,2022-04-16,1335.05,1144.25,53.97,1943.62,3831.59,8308.48,1,Promo modérée
42,2022-04-23,1565.11,2989.75,259.32,736.48,3983.6,9534.26,1,Promo modérée
42,2022-04-30,3428.64,1405.57,2091.78,621.81,521.48,8069.279999999999,1,Promo modérée
42,2022-05-07,4450.39,2334.56,3592.51,585.28,3291.12,14253.86,1,Promo modérée
42,2022-05-14,2173.02,64.44,2093.43,1442.55,2803.78,8577.22,1,Promo modérée
42,2022-05-21,2087.19,2447.85,2617.2,2383.6,1021.17,10557.01,1,Promo modérée
42,2022-05-28,2723.47,1471.52,1774.64,1647.15,2893.0,10509.78,1,Promo modérée
42,2022-06-04,87.94,1321.38,2044.5,2948.72,4152.79,10555.33,1,Promo modérée
42,2022-06-11,1374.86,2732.22,1674.61,3465.22,492.82,9739.73,1,Promo modérée
42,2022-06-18,4187.34,1276.36,3411.97,971.01,2123.51,11970.19,1,Promo modérée
42,2022-06-25,3935.73,2242.92,1434.21,3472.96,4382.27,15468.09,1,Promo modérée
42,2022-07-02,165.35,4169.92,4867.82,4850.01,5701.95,19755.05,1,Promo modérée
42,2022-07-09,1828.27,66.0,3506.22,520.57,2619.78,8540.84,1,Promo modérée
42,2022-07-16,446.1,1270.55,1917.91,93.09,2196.65,5924.300000000001,1,Promo modérée
42,2022-07-23,4135.22,1084.8,902.47,888.72,2689.73,9700.94,1,Promo modérée
42,2022-07-30,2417.14,1239.85,3788.79,843.47,1082.43,9371.68,1,Promo modérée
42,2022-08-06,4100.16,821.86,1531.57,691.87,2850.06,9995.519999999999,1,Promo modérée
42,2022-08-13,175.67,1666.11,2455.75,1505.54,4055.93,9859.0,1,Promo modérée
42,2022-08-20,4945.29,693.92,1581.98,1614.13,3876.79,12712.11,1,Promo modérée
42,2022-08-27,774.89,2849.04,711.03,1466.75,370.17,6171.88,1,Promo modérée
42,2022-09-03,1924.76,2508.32,5467.97,2537.29,7047.55,19485.89,1,Promo modérée
42,2022-09-10,2848.17,179.69,3696.1,2751.32,1991.05,11466.33,1,Promo modérée
42,2022-09-17,1872.43,2446.06,727.7,617.09,2347.55,8010.83,1,Promo modérée
42,2022-09-24,3784.41,1406.62,3336.3,1389.42,3721.9,13638.65,1,Promo modérée
42,2022-10-01,1840.46,2295.43,1446.1,312.89,3864.8,9759.68,1,Promo modérée
42,2022-10-08,4304.83,1663.34,352.28,2438.11,2739.73,11498.289999999999,1,Promo modérée
42,2022-10-15,472.67,2735.83,141.54,1490.18,3878.0,8718.220000000001,1,Promo modérée
42,2022-10-22,2142.91,2154.23,951.71,2456.44,4495.39,12200.68,1,Promo modérée
42,2022-10-29,2851.37,820.89,3659.93,2954.68,380.75,10667.619999999999,1,Promo modérée
42,2022-11-05,1600.09,1548.08,2319.09,1489.72,1856.61,8813.59,1,Promo modérée
42,2022-11-12,3536.26,1265.89,3863.15,1.13,344.17,9010.6,1,Promo modérée
42,2022-11-19,2660.26,1581.34,2382.25,3478.07,4443.05,14544.970000000001,1,Promo modérée
42,2022-11-26,6849.57,2055.49,5568.43,4789.36,8944.37,28207.22,1,Promo forte
42,2022-12-03,1580.91,171.83,1277.33,241.55,4164.5,7436.12,1,Promo modérée
42,2022-12-10,269.63,1787.36,939.07,618.3,2550.44,6164.799999999999,1,Promo modérée
42,2022-12-17,291.93,704.76,2267.96,3081.5,3660.44,10006.59,1,Promo modérée
42,2022-12-24,6547.13,3258.83,3383.02,6835.52,8211.22,28235.72,1,Promo forte
42,2022-12-31,10381.98,2935.7,7087.21,2219.16,8644.39,31268.44,1,Promo forte
42,2023-01-07,4972.5,3261.75,6360.67,2975.48,9516.17,27086.57,1,Promo forte
42,2023-01-14,1296.24,1240.36,3526.07,1914.53,1508.0,9485.2,1,Promo modérée
42,2023-01-21,361.0,1862.19,1679.16,1500.67,1053.36,6456.38,1,Promo modérée
42,2023-01-28,229.25,674.15,1949.77,2160.38,646.55,5660.1,1,Promo modérée
42,2023-02-04,3291.67,2343.28,727.51,1127.55,1997.06,9487.070000000002,1,Promo modérée
42,2023-02-11,2373.94,2471.39,2037.84,699.1,1860.29,9442.560000000001,1,Promo modérée
42,2023-02-18,1901.51,130.92,2532.42,164.86,862.23,5591.9400000000005,1,Promo modérée
42,2023-02-25,1709.26,2691.41,2660.73,1567.11,307.5,8936.01,1,Promo modérée
42,2023-03-04,38.55,2227.94,581.24,1822.26,72.37,4742.360000000001,1,Promo faible
42,2023-03-11,1331.67,330.92,2584.28,379.94,2776.96,7403.77,1,Promo modérée
42,2023-03-18,209.05,988.27,3565.55,503.35,3558.74,8824.96,1,Promo modérée
42,2023-03-25,340.99,2388.9,278.76,1101.77,2908.05,7018.47,1,Promo modérée
42,2023-04-01,1818.35,1799.83,193.93,1585.14,2737.78,8135.030000000001,1,Promo modérée
42,2023-04-08,3307.59,232.94,1521.33,1668.08,1586.19,8316.130000000001,1,Promo modérée
42,2023-04-15,4326.27,1425.65,270.99,1932.72,2665.07,10620.7,1,Promo modérée
42,2023-04-22,873.87,365.2,2775.8,1189.37,4499.73,9703.97,1,Promo modérée
42,2023-04-29,4470.02,1376.8,2085.42,3055.95,28.13,11016.32,1,Promo modérée
42,2023-05-06,2674.67,1642.59,1321.0,3087.81,1354.88,10080.95,1,Promo modérée
42,2023-05-13,2634.74,2294.04,1795.09,975.56,2719.07,10418.5,1,Promo modérée
42,2023-05-20,1002.39,2012.73,3212.31,2654.87,2697.92,11580.22,1,Promo modérée
42,2023-05-27,3288.6,505.88,79.73,3258.98,4208.78,11341.970000000001,1,Promo modérée
42,2023-06-03,3631.17,1005.6,3183.65,2355.55,2834.91,13010.880000000001,1,Promo modérée
42,2023-06-10,4694.62,681.37,1490.33,2893.73,938.96,10699.009999999998,1,Promo modérée
42,2023-06-17,4041.82,887.47,229.1,3384.66,2633.28,11176.33,1,Promo modérée
42,2023-06-24,3163.15,1207.43,1300.37,2294.23,3898.82,11864.0,1,Promo modérée
42,2023-07-01,8525.56,2026.52,1007.02,5250.48,1198.74,18008.320000000003,1,Promo modérée
42,2023-07-08,4480.88,2041.27,686.55,3078.07,2252.44,12539.210000000001,1,Promo modérée
42,2023-07-15,4027.62,1975.85,1911.77,792.54,1269.76,9977.539999999999,1,Promo modérée
42,2023-07-22,115.52,2834.02,351.72,2305.48,3649.61,9256.35,1,Promo modérée
42,2023-07-29,4481.37,2737.32,1747.82,1696.72,2185.41,12848.64,1,Promo modérée
42,2023-08-05,2715.28,2550.59,2980.65,1220.15,833.91,10300.58,1,Promo modérée
42,2023-08-12,3820.87,1583.26,678.11,999.41,2600.52,9682.17,1,Promo modérée
42,2023-08-19,3912.72,2094.39,1012.63,3433.9,1814.35,12267.99,1,Promo modérée
42,2023-08-26,3519.56,502.69,2658.05,3061.01,3595.57,13336.880000000001,1,Promo modérée
42,2023-09-02,6381.61,6227.92,4124.4,2329.27,1888.65,20951.850000000002,1,Promo forte
42,2023-09-09,4258.09,1789.42,3459.55,1496.12,2681.0,13684.18,1,Promo modérée
42,2023-09-16,3032.93,746.41,2939.01,3439.92,582.44,10740.710000000001,1,Promo modérée
42,2023-09-23,682.92,111.22,651.73,2477.78,628.52,4552.17,1,Promo faible
42,2023-09-30,4949.24,2019.82,562.78,1073.42,4432.52,13037.779999999999,1,Promo modérée
42,2023-10-07,4403.52,85.32,1228.94,1705.17,2814.73,10237.68,1,Promo modérée
42,2023-10-14,1776.84,2795.06,1098.51,2049.57,1341.43,9061.41,1,Promo modérée
42,2023-10-21,3120.85,2847.27,277.09,2509.52,5.65,8760.38,1,Promo modérée
42,2023-10-28,3610.76,87.84,1981.73,2366.35,1068.98,9115.66,1,Promo modérée
42,2023-11-04,1664.57,2441.94,867.64,1245.53,461.96,6681.64,1,Promo modérée
42,2023-11-11,372.07,2510.87,1974.77,2415.18,3695.11,10968.0,1,Promo modérée
42,2023-11-18,189.16,1433.72,1802.71,214.34,1180.66,4820.59,1,Promo faible
42,2023-11-25,3729.79,5202.32,3677.17,4022.5,1440.94,18072.719999999998,1,Promo modérée
42,2023-12-02,270.99,428.67,1783.11,2564.01,746.7,5793.4800000000005,1,Promo modérée
42,2023-12-09,3012.62,746.24,2880.76,2954.05,3920.81,13514.48,1,Promo modérée
42,2023-12-16,856.35,2632.82,1057.23,157.55,1937.33,6641.28,1,Promo modérée
42,2023-12-23,9959.31,4654.67,7414.91,3170.74,3154.06,28353.69,1,Promo forte
42,2023-12-30,4066.96,2958.81,124.54,6774.76,5062.96,18988.03,1,Promo modérée
42,2024-01-06,2357.04,2282.65,3417.24,2951.44,5946.16,16954.53,1,Promo modérée
42,2024-01-13,4742.84,718.55,2249.88,212.43,4133.8,12057.5,1,Promo modérée
42,2024-01-20,1311.26,2101.85,3660.59,2065.83,3875.57,13015.099999999999,1,Promo modérée
42,2024-01-27,4399.34,1664.71,3197.77,2808.71,2911.33,14981.859999999999,1,Promo modérée
42,2024-02-03,3214.56,2723.43,3086.77,1163.6,3706.66,13895.02,1,Promo modérée
42,2024-02-10,2001.62,156.97,1951.03,2563.04,2387.07,9059.73,1,Promo modérée
42,2024-02-17,4649.41,287.58,891.87,2504.46,1323.45,9656.77,1,Promo modérée
42,2024-02-24,412.34,1158.41,1332.99,2835.28,2811.95,8550.970000000001,1,Promo modérée
42,2024-03-02,183.62,862.4,3094.8,1869.31,1839.7,7849.829999999999,1,Promo modérée
42,2024-03-09,2611.96,2350.51,1655.3,127.19,3755.12,10500.08,1,Promo modérée
42,2024-03-16,4984.53,2710.08,164.41,2726.57,2703.77,13289.36,1,Promo modérée
42,2024-03-23,63.49,2619.32,3763.36,255.45,3239.27,9940.89,1,Promo modérée
42,2024-03-30,4627.55,481.05,1503.84,2950.3,457.13,10019.87,1,Promo modérée
42,2024-04-06,738.03,281.02,1694.38,2950.84,2393.33,8057.6,1,Promo modérée
42,2024-04-13,128.66,935.45,3077.52,1821.95,1412.35,7375.93,1,Promo modérée
42,2024-04-20,750.82,1390.72,3358.36,3442.8,1723.76,10666.460000000001,1,Promo modérée
42,2024-04-27,3010.8,927.88,2425.36,3096.37,1689.87,11150.279999999999,1,Promo modérée
42,2024-05-04,478.65,1008.63,3306.19,1401.12,4355.53,10550.119999999999,1,Promo modérée
42,2024-05-11,1512.23,2780.68,465.34,100.59,994.62,5853.46,1,Promo modérée
42,2024-05-18,720.77,1689.54,72.73,1952.32,2347.99,6783.349999999999,1,Promo modérée
42,2024-05-25,2648.87,2165.98,2100.02,3227.94,4245.79,14388.600000000002,1,Promo modérée
42,2024-06-01,4969.65,802.31,74.16,3367.79,1006.73,10220.64,1,Promo modérée
42,2024-06-08,3044.12,2287.67,3229.47,3093.46,757.96,12412.68,1,Promo modérée
42,2024-06-15,1521.12,961.93,3568.32,3183.29,66.72,9301.38,1,Promo modérée
42,2024-06-22,3141.63,137.42,764.87,1519.72,4315.66,9879.3,1,Promo modérée
42,2024-06-29,3834.85,2077.49,3102.99,2847.57,1375.84,13238.74,1,Promo modérée
42,2024-07-06,10124.45,5841.03,7077.87,165.93,8788.1,31997.379999999997,1,Promo forte
42,2024-07-13,3813.1,2439.09,1373.38,1141.23,3312.82,12079.62,1,Promo modérée
42,2024-07-20,162.17,227.07,2292.35,735.98,3486.53,6904.1,1,Promo modérée
42,2024-07-27,1296.2,756.9,3129.55,1824.71,1137.04,8144.4,1,Promo modérée
42,2024-08-03,4827.35,2548.77,712.49,1778.46,2187.35,12054.42,1,Promo modérée
42,2024-08-10,4726.27,2697.79,2135.39,2123.52,3835.81,15518.78,1,Promo modérée
42,2024-08-17,46.89,932.8,1614.07,2372.7,1380.87,6347.329999999999,1,Promo modérée
42,2024-08-24,703.36,19.07,946.45,3285.84,4297.47,9252.19,1,Promo modérée
42,2024-08-31,1871.54,1926.74,3593.01,2543.9,1575.28,11510.470000000001,1,Promo modérée
42,2024-09-07,23.75,1096.71,8159.16,255.06,5900.79,15435.469999999998,1,Promo modérée
42,2024-09-14,611.65,188.82,215.63,299.64,3134.78,4450.52,1,Promo faible
42,2024-09-21,4551.28,1432.45,3852.23,673.79,137.81,10647.56,1,Promo modérée
42,2024-09-28,2285.78,2553.53,767.34,1748.72,1872.02,9227.390000000001,1,Promo modérée
42,2024-10-05,4867.9,2267.47,619.91,1782.25,3526.82,13064.349999999999,1,Promo modérée
42,2024-10-12,99.77,2191.79,2443.54,940.37,2835.11,8510.58,1,Promo modérée
42,2024-10-19,3128.54,2352.44,1462.8,251.31,2721.99,9917.08,1,Promo modérée
42,2024-10-26,2764.33,2452.45,3329.22,239.04,1328.02,10113.060000000001,1,Promo modérée
42,2024-11-02,2763.43,793.84,3316.93,700.86,1619.35,9194.41,1,Promo modérée
42,2024-11-09,98.69,1267.39,2993.66,3412.85,230.76,8003.35,1,Promo modérée
42,2024-11-16,4619.42,2428.07,1246.92,3290.67,473.64,12058.72,1,Promo modérée
42,2024-11-23,8917.86,6044.71,84.73,2224.84,993.56,18265.7,1,Promo modérée
42,2024-11-30,5653.66,4605.16,6859.46,676.62,4827.69,22622.589999999997,1,Promo forte
42,2024-12-07,374.97,1530.97,3362.32,2496.69,3877.87,11642.82,1,Promo modérée
42,2024-12-14,1260.81,1143.71,2748.17,2258.83,497.13,7908.650000000001,1,Promo modérée
42,2024-12-21,1543.62,3588.24,7084.68,3071.56,7289.42,22577.52,1,Promo forte
43,2022-01-01,4602.86,732.89,2035.34,6723.86,5609.25,19704.2,1,Promo modérée
43,2022-01-08,3827.21,1788.16,2735.27,1125.07,942.73,10418.439999999999,1,Promo modérée
43,2022-01-15,12.7,2569.1,2727.48,1563.59,4351.6,11224.470000000001,1,Promo modérée
43,2022-01-22,864.76,383.89,1039.11,978.85,4342.43,7609.040000000001,1,Promo modérée
43,2022-01-29,1786.21,955.56,1089.53,1080.65,3393.91,8305.86,1,Promo modérée
43,2022-02-05,4315.0,237.89,2539.55,1790.66,1493.74,10376.84,1,Promo modérée
43,2022-02-12,3587.96,2836.06,1334.55,2613.57,4304.74,14676.880000000001,1,Promo modérée
43,2022-02-19,1434.45,998.3,2749.15,2762.13,1799.96,9743.99,1,Promo modérée
43,2022-02-26,4715.32,2627.81,2916.04,3210.37,3678.26,17147.799999999996,1,Promo modérée
43,2022-03-05,3731.14,1664.31,3043.83,3323.82,2036.39,13799.489999999998,1,Promo modérée
43,2022-03-12,2638.69,2136.65,1403.84,503.52,1062.95,7745.650000000001,1,Promo modérée
43,2022-03-19,4183.51,2998.37,1248.82,2515.28,769.95,11715.930000000002,1,Promo modérée
43,2022-03-26,4258.28,520.01,3714.42,214.37,1295.92,10003.0,1,Promo modérée
43,2022-04-02,4295.17,1788.49,929.39,1966.45,3038.85,12018.35,1,Promo modérée
43,2022-04-09,3038.49,96.5,2998.09,3412.36,1375.05,10920.49,1,Promo modérée
43,2022-04-16,2366.7,1595.54,152.97,3150.77,1180.27,8446.25,1,Promo modérée
43,2022-04-23,3302.5,1321.99,1407.27,1890.3,4312.34,12234.400000000001,1,Promo modérée
43,2022-04-30,3267.09,339.03,2157.9,2671.38,903.64,9339.04,1,Promo modérée
43,2022-05-07,846.02,2281.65,1455.9,2401.6,2220.16,9205.33,1,Promo modérée
43,2022-05-14,553.79,2800.22,613.54,2569.27,2231.32,8768.14,1,Promo modérée
43,2022-05-21,335.44,2549.55,2003.81,2360.87,1986.66,9236.33,1,Promo modérée
43,2022-05-28,3586.15,1648.29,3390.08,3223.55,4052.64,15900.71,1,Promo modérée
43,2022-06-04,3559.84,483.86,3991.8,376.26,2731.92,11143.68,1,Promo modérée
43,2022-06-11,4979.63,2943.83,2097.41,729.22,823.24,11573.329999999998,1,Promo modérée
43,2022-06-18,2626.07,2618.56,282.87,1904.31,3154.58,10586.39,1,Promo modérée
43,2022-06-25,4985.29,2666.2,356.39,2011.9,3539.13,13558.91,1,Promo modérée
43,2022-07-02,4536.06,2587.18,7363.33,2430.55,6384.75,23301.87,1,Promo forte
43,2022-07-09,3407.86,2992.58,3233.72,2220.63,2111.15,13965.94,1,Promo modérée
43,2022-07-16,1769.94,1199.39,864.17,1685.82,3062.05,8581.369999999999,1,Promo modérée
43,2022-07-23,1564.02,2583.99,47.74,2505.67,1877.64,8579.06,1,Promo modérée
43,2022-07-30,430.23,475.3,1681.34,3306.18,1318.83,7211.879999999999,1,Promo modérée
43,2022-08-06,2507.31,1734.86,840.62,3242.92,497.57,8823.279999999999,1,Promo modérée
43,2022-08-13,1665.77,2369.84,2869.47,2877.55,1788.74,11571.37,1,Promo modérée
43,2022-08-20,1092.22,1010.01,770.71,451.89,1637.84,4962.67,1,Promo faible
43,2022-08-27,4790.03,1076.53,550.57,1068.19,3560.75,11046.07,1,Promo modérée
43,2022-09-03,5261.2,416.91,1531.82,1612.74,4589.46,13412.130000000001,1,Promo modérée
43,2022-09-10,1602.46,1210.51,3597.61,85.32,2810.63,9306.529999999999,1,Promo modérée
43,2022-09-17,1693.16,412.25,878.47,201.06,3441.27,6626.21,1,Promo modérée
43,2022-09-24,1546.02,364.0,2135.24,3308.53,1864.77,9218.56,1,Promo modérée
43,2022-10-01,2112.41,1490.7,2979.43,489.41,2572.26,9644.21,1,Promo modérée
43,2022-10-08,2325.51,1000.05,3298.81,3460.86,974.86,11060.090000000002,1,Promo modérée
43,2022-10-15,4551.69,817.97,1433.49,2981.73,2208.71,11993.59,1,Promo modérée
43,2022-10-22,2139.58,1353.9,423.95,899.98,751.49,5568.9,1,Promo modérée
43,2022-10-29,643.55,2935.78,754.07,1226.57,3180.95,8740.919999999998,1,Promo modérée
43,2022-11-05,3327.92,2576.25,3892.8,736.0,553.18,11086.150000000001,1,Promo modérée
43,2022-11-12,2799.62,1949.38,3403.57,951.36,2498.6,11602.53,1,Promo modérée
43,2022-11-19,4862.53,2283.77,971.17,2506.44,1337.87,11961.779999999999,1,Promo modérée
43,2022-11-26,3355.19,1358.65,5443.81,2233.56,356.86,12748.070000000002,1,Promo modérée
43,2022-12-03,892.58,1162.15,1323.68,3482.23,137.11,6997.749999999999,1,Promo modérée
43,2022-12-10,3981.35,2076.46,3712.13,83.17,933.05,10786.159999999998,1,Promo modérée
43,2022-12-17,2905.11,2797.72,3685.17,132.99,1861.51,11382.5,1,Promo modérée
43,2022-12-24,10732.66,476.59,7186.77,1506.52,5710.27,25612.81,1,Promo forte
43,2022-12-31,4253.34,4226.93,4896.44,592.3,407.49,14376.499999999998,1,Promo modérée
43,2023-01-07,937.53,1775.81,7539.85,3195.49,5784.05,19232.73,1,Promo modérée
43,2023-01-14,783.98,1492.5,3267.42,934.23,640.44,7118.57,1,Promo modérée
43,2023-01-21,3346.84,2420.16,2984.76,260.5,2078.42,11090.68,1,Promo modérée
43,2023-01-28,1530.14,2816.5,2839.99,14.09,1281.28,8482.0,1,Promo modérée
43,2023-02-04,4020.54,2729.97,1463.17,3019.09,3274.51,14507.28,1,Promo modérée
43,2023-02-11,1011.14,623.66,3604.01,1392.7,3588.5,10220.01,1,Promo modérée
43,2023-02-18,4285.47,1469.78,2760.54,2645.83,543.41,11705.03,1,Promo modérée
43,2023-02-25,4590.42,1723.07,3641.91,1082.96,2864.82,13903.18,1,Promo modérée
43,2023-03-04,942.41,2525.76,3208.95,3422.4,322.85,10422.37,1,Promo modérée
43,2023-03-11,791.95,2110.01,2674.16,313.9,4192.5,10082.52,1,Promo modérée
43,2023-03-18,2059.83,834.41,3229.53,688.06,2799.56,9611.39,1,Promo modérée
43,2023-03-25,102.64,1266.76,1435.89,3089.83,1190.23,7085.35,1,Promo modérée
43,2023-04-01,805.28,2666.41,439.72,3441.61,3935.89,11288.91,1,Promo modérée
43,2023-04-08,4937.13,104.48,1526.84,3389.36,1662.26,11620.07,1,Promo modérée
43,2023-04-15,4738.03,847.69,3261.58,965.43,328.43,10141.16,1,Promo modérée
43,2023-04-22,3057.88,788.08,949.1,1692.04,160.35,6647.450000000001,1,Promo modérée
43,2023-04-29,2826.95,78.54,3649.42,1953.22,1423.84,9931.97,1,Promo modérée
43,2023-05-06,2049.6,2028.54,1190.62,1782.47,1146.96,8198.19,1,Promo modérée
43,2023-05-13,3772.52,2008.48,2029.48,3400.09,3975.37,15185.939999999999,1,Promo modérée
43,2023-05-20,4479.64,2226.17,511.53,2462.76,1139.01,10819.11,1,Promo modérée
43,2023-05-27,819.88,657.7,3851.64,2437.39,3052.3,10818.91,1,Promo modérée
43,2023-06-03,3901.38,1412.08,1024.03,2214.73,942.57,9494.789999999999,1,Promo modérée
43,2023-06-10,2208.49,2264.64,2638.39,1398.96,319.63,8830.109999999999,1,Promo modérée
43,2023-06-17,1533.36,226.33,998.18,1096.96,2030.94,5885.77,1,Promo modérée
43,2023-06-24,3731.64,381.6,1315.13,413.28,3112.84,8954.49,1,Promo modérée
43,2023-07-01,3014.55,1896.41,723.76,1026.75,2123.39,8784.86,1,Promo modérée
43,2023-07-08,4727.11,1205.27,1777.33,237.07,685.13,8631.909999999998,1,Promo modérée
43,2023-07-15,3736.31,2071.75,2830.65,1913.8,3052.07,13604.579999999998,1,Promo modérée
43,2023-07-22,69.59,2667.89,1073.06,180.38,1909.92,5900.84,1,Promo modérée
43,2023-07-29,2871.9,2277.57,3199.01,2471.73,20.42,10840.63,1,Promo modérée
43,2023-08-05,3661.21,1744.76,1854.26,407.54,366.69,8034.46,1,Promo modérée
43,2023-08-12,4615.99,2620.76,3456.13,1254.74,4172.27,16119.890000000001,1,Promo modérée
43,2023-08-19,2148.23,2484.05,1634.13,3096.26,1056.48,10419.150000000001,1,Promo modérée
43,2023-08-26,4226.29,2472.53,1298.14,2932.91,1553.21,12483.079999999998,1,Promo modérée
43,2023-09-02,3460.56,852.34,4244.44,3937.45,1571.19,14065.980000000001,1,Promo modérée
43,2023-09-09,733.26,2757.27,797.66,230.87,1818.76,6337.82,1,Promo modérée
43,2023-09-16,285.05,1404.06,155.33,1240.1,1634.79,4719.33,1,Promo faible
43,2023-09-23,2668.82,60.57,3302.09,1283.03,311.88,7626.39,1,Promo modérée
43,2023-09-30,2778.88,2381.76,2958.15,3275.67,2.83,11397.29,1,Promo modérée
43,2023-10-07,3444.45,1584.25,1620.08,3133.95,1190.09,10972.82,1,Promo modérée
43,2023-10-14,3590.3,2705.67,362.25,3396.55,129.77,10184.54,1,Promo modérée
43,2023-10-21,3598.34,1517.07,432.76,1841.08,1440.23,8829.48,1,Promo modérée
43,2023-10-28,2466.49,1954.29,498.55,2900.12,3766.22,11585.67,1,Promo modérée
43,2023-11-04,3816.45,933.46,1244.38,3307.67,1898.36,11200.32,1,Promo modérée
43,2023-11-11,3988.71,2287.51,676.66,871.91,3448.07,11272.86,1,Promo modérée
43,2023-11-18,1426.18,28.96,1283.87,3401.77,3968.87,10109.650000000001,1,Promo modérée
43,2023-11-25,4098.77,6018.84,479.18,5651.77,3953.72,20202.280000000002,1,Promo forte
43,2023-12-02,3244.28,1983.95,308.55,2083.95,3198.31,10819.04,1,Promo modérée
43,2023-12-09,208.24,2092.25,3187.91,1388.88,2442.78,9320.06,1,Promo modérée
43,2023-12-16,1852.58,904.31,953.0,1693.61,3774.05,9177.55,1,Promo modérée
43,2023-12-23,10376.54,4179.36,920.45,4871.36,1745.84,22093.550000000003,1,Promo forte
43,2023-12-30,6141.19,6021.37,2604.82,626.76,5470.66,20864.8,1,Promo forte
43,2024-01-06,7762.19,1574.28,8069.92,2671.04,7553.38,27630.81,1,Promo forte
43,2024-01-13,464.45,1353.66,1740.43,1256.53,4415.25,9230.32,1,Promo modérée
43,2024-01-20,1017.33,1900.21,1334.71,2845.22,4358.09,11455.56,1,Promo modérée
43,2024-01-27,1504.83,2911.4,3116.81,3381.49,1679.58,12594.109999999999,1,Promo modérée
43,2024-02-03,4405.51,1389.54,1156.71,1115.96,3136.27,11203.99,1,Promo modérée
43,2024-02-10,3905.1,421.92,1469.55,1897.46,2044.52,9738.55,1,Promo modérée
43,2024-02-17,1310.91,253.86,1859.55,599.79,1162.01,5186.12,1,Promo modérée
43,2024-02-24,1912.03,1218.4,614.55,562.29,667.78,4975.05,1,Promo faible
43,2024-03-02,629.37,2959.42,1866.7,765.21,4244.76,10465.46,1,Promo modérée
43,2024-03-09,4896.1,911.92,3911.22,1155.75,1041.38,11916.369999999999,1,Promo modérée
43,2024-03-16,1198.86,2506.19,3336.05,999.34,3390.93,11431.37,1,Promo modérée
43,2024-03-23,3931.14,879.95,1337.85,562.75,1795.74,8507.43,1,Promo modérée
43,2024-03-30,506.79,1565.0,3460.32,1174.76,1065.61,7772.4800000000005,1,Promo modérée
43,2024-04-06,3546.11,463.11,240.98,894.9,756.41,5901.509999999999,1,Promo modérée
43,2024-04-13,2095.03,1578.66,1737.94,129.8,3063.15,8604.580000000002,1,Promo modérée
43,2024-04-20,4451.9,2787.36,3252.56,372.21,4051.01,14915.039999999999,1,Promo modérée
43,2024-04-27,3754.3,2391.29,3471.6,1666.25,3511.14,14794.58,1,Promo modérée
43,2024-05-04,4792.07,251.82,2130.51,1137.99,1541.4,9853.789999999999,1,Promo modérée
43,2024-05-11,93.78,1799.4,1275.67,2912.72,2700.03,8781.6,1,Promo modérée
43,2024-05-18,2168.26,1076.6,3495.42,115.76,2406.48,9262.52,1,Promo modérée
43,2024-05-25,2082.56,2367.61,3807.82,2183.49,1749.77,12191.25,1,Promo modérée
43,2024-06-01,3980.65,1501.28,3855.21,2806.68,1890.07,14033.89,1,Promo modérée
43,2024-06-08,4328.64,2566.32,2299.87,1330.08,45.45,10570.360000000002,1,Promo modérée
43,2024-06-15,3805.42,1860.34,2343.43,1587.67,1997.7,11594.560000000001,1,Promo modérée
43,2024-06-22,3854.49,112.93,591.89,1101.47,3813.9,9474.68,1,Promo modérée
43,2024-06-29,1248.47,2928.01,1957.22,3280.59,1929.72,11344.01,1,Promo modérée
43,2024-07-06,7362.81,3100.96,8286.71,1227.1,4243.7,24221.28,1,Promo forte
43,2024-07-13,4249.19,1126.54,1974.52,1426.3,2198.94,10975.49,1,Promo modérée
43,2024-07-20,324.43,1571.48,3635.17,1393.87,887.67,7812.62,1,Promo modérée
43,2024-07-27,1239.11,1442.97,1831.98,217.03,2393.28,7124.369999999999,1,Promo modérée
43,2024-08-03,3760.49,581.92,1606.41,499.04,600.41,7048.2699999999995,1,Promo modérée
43,2024-08-10,1386.17,1204.09,2427.21,338.2,3748.74,9104.41,1,Promo modérée
43,2024-08-17,1075.24,649.3,241.5,2684.79,1320.44,5971.27,1,Promo modérée
43,2024-08-24,2089.13,1002.46,1957.72,1098.28,3917.54,10065.130000000001,1,Promo modérée
43,2024-08-31,3718.63,1060.3,1045.75,1257.84,987.68,8070.200000000001,1,Promo modérée
43,2024-09-07,3527.39,5159.81,197.35,2325.99,4476.49,15687.03,1,Promo modérée
43,2024-09-14,2551.25,1723.65,2649.59,1327.8,286.36,8538.65,1,Promo modérée
43,2024-09-21,4644.02,2251.63,2769.21,2295.15,1163.58,13123.59,1,Promo modérée
43,2024-09-28,4076.33,750.63,165.71,1499.44,3678.08,10170.19,1,Promo modérée
43,2024-10-05,2944.5,2098.41,1047.44,348.94,2397.51,8836.8,1,Promo modérée
43,2024-10-12,4353.92,1921.55,2580.94,1415.67,1859.64,12131.72,1,Promo modérée
43,2024-10-19,1308.42,1484.26,1539.12,2868.2,3697.59,10897.59,1,Promo modérée
43,2024-10-26,1078.3,840.69,333.92,2372.38,1426.03,6051.32,1,Promo modérée
43,2024-11-02,1186.23,2545.61,1525.08,2876.99,673.93,8807.84,1,Promo modérée
43,2024-11-09,4350.08,1167.98,712.25,2017.95,3755.1,12003.36,1,Promo modérée
43,2024-11-16,36.51,1286.02,2791.0,2486.6,2865.2,9465.329999999998,1,Promo modérée
43,2024-11-23,5258.06,1188.97,5584.94,1161.04,9535.13,22728.14,1,Promo forte
43,2024-11-30,5118.3,4299.34,2018.33,5232.17,8116.87,24785.01,1,Promo forte
43,2024-12-07,1278.74,1220.19,2689.04,3489.72,1668.68,10346.37,1,Promo modérée
43,2024-12-14,2302.04,2613.82,1279.98,368.21,2352.21,8916.26,1,Promo modérée
43,2024-12-21,3818.91,6574.47,1210.58,6529.23,2283.19,20416.38,1,Promo forte
44,2022-01-01,243.4,1893.26,5813.32,6850.96,6631.92,21432.86,1,Promo forte
44,2022-01-08,2724.53,1415.0,1346.59,2182.38,2862.97,10531.470000000001,1,Promo modérée
44,2022-01-15,2741.81,108.26,599.51,599.36,2846.88,6895.82,1,Promo modérée
44,2022-01-22,807.78,2228.1,14.61,1487.12,847.46,5385.070000000001,1,Promo modérée
44,2022-01-29,3344.07,2072.68,10.55,1111.6,392.8,6931.7,1,Promo modérée
44,2022-02-05,2419.03,99.1,3382.37,92.28,277.38,6270.16,1,Promo modérée
44,2022-02-12,1442.23,1563.11,106.49,1850.25,2014.95,6977.03,1,Promo modérée
44,2022-02-19,2149.16,1305.39,2589.09,3329.68,3883.64,13256.96,1,Promo modérée
44,2022-02-26,1091.1,1763.0,2019.82,2272.74,843.39,7990.05,1,Promo modérée
44,2022-03-05,3393.1,2704.81,488.4,30.59,743.19,7360.09,1,Promo modérée
44,2022-03-12,2080.23,2145.72,3583.54,1336.38,4498.6,13644.47,1,Promo modérée
44,2022-03-19,4054.6,2723.4,2029.27,821.62,3121.68,12750.570000000002,1,Promo modérée
44,2022-03-26,4510.09,2248.75,2974.62,2055.16,2122.39,13911.009999999998,1,Promo modérée
44,2022-04-02,2774.29,1988.67,2914.21,1569.25,1603.42,10849.84,1,Promo modérée
44,2022-04-09,4373.3,2931.21,2308.41,511.02,1924.0,12047.94,1,Promo modérée
44,2022-04-16,2369.64,649.29,998.09,3055.79,3505.77,10578.58,1,Promo modérée
44,2022-04-23,3415.86,1153.34,1588.71,928.65,1502.68,8589.24,1,Promo modérée
44,2022-04-30,2889.36,777.77,2667.42,3171.55,311.25,9817.35,1,Promo modérée
44,2022-05-07,4398.25,189.3,3622.92,235.19,1294.23,9739.890000000001,1,Promo modérée
44,2022-05-14,3921.81,2694.83,2267.51,552.13,356.36,9792.64,1,Promo modérée
44,2022-05-21,240.78,1234.64,2201.54,2094.02,21.64,5792.62,1,Promo modérée
44,2022-05-28,1540.93,1756.12,1425.87,1039.36,1851.29,7613.57,1,Promo modérée
44,2022-06-04,1903.66,605.48,3033.47,2533.1,3990.67,12066.380000000001,1,Promo modérée
44,2022-06-11,3278.0,571.18,2516.7,2943.0,2429.75,11738.63,1,Promo modérée
44,2022-06-18,4592.99,1927.93,2168.39,2231.92,1448.74,12369.97,1,Promo modérée
44,2022-06-25,1969.48,1563.01,784.33,644.17,1582.71,6543.7,1,Promo modérée
44,2022-07-02,1948.86,5694.67,1765.3,7443.14,9775.3,26627.27,1,Promo forte
44,2022-07-09,3547.96,306.13,11.95,671.65,848.39,5386.08,1,Promo modérée
44,2022-07-16,1007.34,277.98,2664.37,1693.99,2998.44,8642.12,1,Promo modérée
44,2022-07-23,137.85,2574.37,1506.43,474.65,3400.15,8093.449999999999,1,Promo modérée
44,2022-07-30,3774.63,2266.77,399.74,2146.29,1620.62,10208.05,1,Promo modérée
44,2022-08-06,4934.07,960.84,620.5,1280.65,86.86,7882.919999999999,1,Promo modérée
44,2022-08-13,2863.09,539.72,1320.42,3189.75,1330.78,9243.76,1,Promo modérée
44,2022-08-20,1156.31,372.5,187.3,3387.51,1862.57,6966.19,1,Promo modérée
44,2022-08-27,3540.12,1733.93,3236.31,387.33,1186.2,10083.890000000001,1,Promo modérée
44,2022-09-03,1208.8,4368.01,5812.35,7170.6,3199.01,21758.770000000004,1,Promo forte
44,2022-09-10,3176.58,730.92,2911.85,2704.52,3431.37,12955.240000000002,1,Promo modérée
44,2022-09-17,4560.97,1357.93,982.7,415.88,3589.2,10906.68,1,Promo modérée
44,2022-09-24,4837.91,2432.66,1600.11,1600.02,4180.79,14651.490000000002,1,Promo modérée
44,2022-10-01,2946.42,1432.73,2825.83,236.78,879.95,8321.71,1,Promo modérée
44,2022-10-08,1304.46,1936.71,3677.11,580.93,851.68,8350.890000000001,1,Promo modérée
44,2022-10-15,2724.1,1160.48,1125.06,2552.54,3581.52,11143.699999999999,1,Promo modérée
44,2022-10-22,1406.25,512.86,3759.85,1478.69,2895.75,10053.4,1,Promo modérée
44,2022-10-29,4592.62,400.63,3535.68,2484.47,2571.35,13584.75,1,Promo modérée
44,2022-11-05,3726.55,1936.33,3970.0,3404.22,1800.02,14837.12,1,Promo modérée
44,2022-11-12,1679.91,2223.69,2600.55,3390.44,2471.67,12366.26,1,Promo modérée
44,2022-11-19,4048.38,2777.96,2492.76,2549.92,4313.88,16182.900000000001,1,Promo modérée
44,2022-11-26,9609.5,4080.48,6509.64,100.58,3362.76,23662.96,1,Promo forte
44,2022-12-03,2762.74,577.48,1888.91,1815.35,4449.29,11493.77,1,Promo modérée
44,2022-12-10,3229.71,1068.26,1858.52,973.44,4321.93,11451.86,1,Promo modérée
44,2022-12-17,2388.71,1402.7,1671.15,2981.32,4406.32,12850.199999999999,1,Promo modérée
44,2022-12-24,2393.25,1194.2,2469.0,10.19,9320.16,15386.8,1,Promo modérée
44,2022-12-31,6068.63,4644.53,2709.09,7373.65,7527.09,28322.99,1,Promo forte
44,2023-01-07,4968.67,1715.29,8775.98,6532.35,2356.07,24348.36,1,Promo forte
44,2023-01-14,128.66,263.31,715.91,1695.4,1715.8,4519.08,1,Promo faible
44,2023-01-21,861.55,1829.13,178.12,1357.57,4026.99,8253.36,1,Promo modérée
44,2023-01-28,4682.01,874.83,1573.01,2058.55,419.45,9607.850000000002,1,Promo modérée
44,2023-02-04,1869.15,1036.13,2772.89,1209.32,1457.34,8344.83,1,Promo modérée
44,2023-02-11,1827.68,834.71,3636.07,1672.67,1055.59,9026.720000000001,1,Promo modérée
44,2023-02-18,2311.14,1217.51,3489.53,1662.79,1689.11,10370.080000000002,1,Promo modérée
44,2023-02-25,325.62,1624.4,1817.05,606.87,480.6,4854.54,1,Promo faible
44,2023-03-04,3778.12,579.97,496.51,3480.94,2014.7,10350.240000000002,1,Promo modérée
44,2023-03-11,594.8,2525.44,737.07,3284.18,2584.1,9725.59,1,Promo modérée
44,2023-03-18,3217.2,2142.88,1374.86,3285.89,2519.16,12539.99,1,Promo modérée
44,2023-03-25,3476.4,832.49,903.62,1979.03,885.51,8077.05,1,Promo modérée
44,2023-04-01,1802.59,1381.57,2697.44,2738.22,2992.87,11612.689999999999,1,Promo modérée
44,2023-04-08,4819.36,1403.54,3665.46,1278.85,1171.7,12338.910000000002,1,Promo modérée
44,2023-04-15,2606.55,2203.42,3584.59,1901.15,750.44,11046.150000000001,1,Promo modérée
44,2023-04-22,305.19,507.34,1145.0,996.48,3776.39,6730.4,1,Promo modérée
44,2023-04-29,1257.51,119.5,1521.05,1614.16,4071.44,8583.66,1,Promo modérée
44,2023-05-06,1290.62,857.14,10.23,273.74,803.27,3234.9999999999995,1,Promo faible
44,2023-05-13,3258.75,179.02,3091.59,2121.55,1786.79,10437.7,1,Promo modérée
44,2023-05-20,1646.66,399.61,2672.86,1405.5,4438.35,10562.98,1,Promo modérée
44,2023-05-27,1813.41,2515.55,846.7,3313.52,196.11,8685.29,1,Promo modérée
44,2023-06-03,4350.24,2712.06,2342.14,3347.2,3095.12,15846.759999999998,1,Promo modérée
44,2023-06-10,3632.04,1307.82,2827.47,968.84,2857.23,11593.4,1,Promo modérée
44,2023-06-17,1565.37,2588.41,216.63,3149.13,2938.4,10457.94,1,Promo modérée
44,2023-06-24,1595.73,2883.22,3011.03,3208.78,1344.92,12043.68,1,Promo modérée
44,2023-07-01,5969.43,2616.68,41.24,3601.65,1194.36,13423.36,1,Promo modérée
44,2023-07-08,737.19,1689.93,2909.85,3165.89,4023.15,12526.009999999998,1,Promo modérée
44,2023-07-15,2934.73,2034.86,2415.89,3043.89,2866.94,13296.31,1,Promo modérée
44,2023-07-22,3307.53,2929.08,879.53,2902.49,760.71,10779.34,1,Promo modérée
44,2023-07-29,1604.62,2921.16,26.21,2173.49,3897.49,10622.97,1,Promo modérée
44,2023-08-05,2247.58,1275.3,2799.57,2559.23,2316.43,11198.11,1,Promo modérée
44,2023-08-12,4352.4,799.38,3145.73,1789.1,558.12,10644.730000000001,1,Promo modérée
44,2023-08-19,821.96,625.61,904.52,2358.83,2873.7,7584.62,1,Promo modérée
44,2023-08-26,624.3,2125.88,1504.89,2212.45,1922.49,8390.01,1,Promo modérée
44,2023-09-02,2217.07,4120.67,2421.74,3304.64,559.2,12623.32,1,Promo modérée
44,2023-09-09,4855.45,2725.32,3885.63,3105.47,506.29,15078.160000000002,1,Promo modérée
44,2023-09-16,4610.89,2909.08,1038.58,2038.09,2089.99,12686.63,1,Promo modérée
44,2023-09-23,613.68,1035.33,3011.1,2393.95,2840.37,9894.43,1,Promo modérée
44,2023-09-30,3477.76,1946.04,618.99,863.3,1698.63,8604.720000000001,1,Promo modérée
44,2023-10-07,1241.76,430.9,2941.24,3397.03,4022.82,12033.75,1,Promo modérée
44,2023-10-14,3265.35,628.8,1865.95,307.71,2343.61,8411.42,1,Promo modérée
44,2023-10-21,4951.93,195.31,2469.17,897.3,3971.08,12484.79,1,Promo modérée
44,2023-10-28,1757.22,560.14,2903.6,2860.26,2080.78,10162.0,1,Promo modérée
44,2023-11-04,1378.79,2823.91,853.78,1309.55,1276.62,7642.65,1,Promo modérée
44,2023-11-11,3429.5,690.82,3870.98,1857.63,2541.16,12390.09,1,Promo modérée
44,2023-11-18,3206.31,1417.4,2865.6,3148.46,229.73,10867.5,1,Promo modérée
44,2023-11-25,1964.53,3779.4,3058.29,3911.3,9489.76,22203.28,1,Promo forte
44,2023-12-02,531.18,2905.56,2728.75,67.32,2139.77,8372.58,1,Promo modérée
44,2023-12-09,1615.89,886.52,2867.85,1660.92,1310.98,8342.16,1,Promo modérée
44,2023-12-16,1398.5,846.37,1863.41,3336.05,1460.97,8905.3,1,Promo modérée
44,2023-12-23,1515.46,5658.57,463.22,5473.35,2005.45,15116.050000000001,1,Promo modérée
44,2023-12-30,872.66,2380.43,1595.68,7180.28,5243.27,17272.32,1,Promo modérée
44,2024-01-06,8892.72,271.26,6121.42,3015.78,5726.32,24027.5,1,Promo forte
44,2024-01-13,2134.63,846.54,1982.91,3332.05,4269.98,12566.11,1,Promo modérée
44,2024-01-20,2994.75,2609.81,2059.98,1294.19,2928.53,11887.26,1,Promo modérée
44,2024-01-27,4018.15,871.48,1932.49,1902.3,3451.81,12176.23,1,Promo modérée
44,2024-02-03,2632.79,90.07,979.92,1281.54,1438.9,6423.219999999999,1,Promo modérée
44,2024-02-10,1431.04,1424.48,839.85,278.37,1944.6,5918.34,1,Promo modérée
44,2024-02-17,1598.51,370.79,1572.59,1497.78,1636.04,6675.71,1,Promo modérée
44,2024-02-24,2106.09,960.57,3278.29,3488.84,815.0,10648.79,1,Promo modérée
44,2024-03-02,485.98,1629.77,2454.02,3370.67,3038.54,10978.98,1,Promo modérée
44,2024-03-09,3089.9,798.75,3688.82,1497.54,673.27,9748.28,1,Promo modérée
44,2024-03-16,3061.62,664.54,581.71,2300.42,23.57,6631.86,1,Promo modérée
44,2024-03-23,1091.1,2505.0,2340.13,1090.08,1129.94,8156.25,1,Promo modérée
44,2024-03-30,1661.5,2161.1,2949.11,725.63,1719.91,9217.25,1,Promo modérée
44,2024-04-06,4866.47,1576.13,2877.38,322.12,3746.29,13388.39,1,Promo modérée
44,2024-04-13,3885.05,2234.64,1960.92,1582.06,2085.41,11748.08,1,Promo modérée
44,2024-04-20,4810.58,785.36,1934.5,3107.27,1860.71,12498.419999999998,1,Promo modérée
44,2024-04-27,1824.51,114.77,1603.32,2852.87,522.27,6917.74,1,Promo modérée
44,2024-05-04,243.63,2662.65,2509.3,1813.46,1141.16,8370.2,1,Promo modérée
44,2024-05-11,2894.56,631.63,3813.11,2643.87,1720.17,11703.34,1,Promo modérée
44,2024-05-18,2796.54,1667.51,2294.68,440.32,1573.02,8772.07,1,Promo modérée
44,2024-05-25,4714.07,737.33,1757.43,3435.29,840.55,11484.669999999998,1,Promo modérée
44,2024-06-01,4860.81,510.22,2751.71,2433.48,3234.94,13791.160000000002,1,Promo modérée
44,2024-06-08,3375.1,164.49,2920.31,1843.05,778.49,9081.439999999999,1,Promo modérée
44,2024-06-15,2904.86,2887.1,1183.86,2667.28,3253.85,12896.95,1,Promo modérée
44,2024-06-22,2088.39,2458.79,1980.12,2797.2,162.56,9487.06,1,Promo modérée
44,2024-06-29,2848.94,1561.0,1464.43,222.63,3448.84,9545.84,1,Promo modérée
44,2024-07-06,10717.82,931.64,2220.78,3758.86,5183.09,22812.19,1,Promo forte
44,2024-07-13,1292.2,882.58,3521.43,1331.24,2503.64,9531.09,1,Promo modérée
44,2024-07-20,1401.1,2852.28,880.87,2726.17,1640.69,9501.11,1,Promo modérée
44,2024-07-27,771.83,2117.48,3328.95,1363.14,1785.38,9366.78,1,Promo modérée
44,2024-08-03,1549.76,2721.77,1301.54,960.53,1730.89,8264.49,1,Promo modérée
44,2024-08-10,3831.17,2850.41,3564.38,333.18,2045.59,12624.73,1,Promo modérée
44,2024-08-17,2461.12,1239.73,1823.11,1291.86,4367.8,11183.619999999999,1,Promo modérée
44,2024-08-24,466.7,430.26,3816.23,1984.46,717.56,7415.210000000001,1,Promo modérée
44,2024-08-31,1392.47,1220.92,2317.29,3472.63,4302.6,12705.910000000002,1,Promo modérée
44,2024-09-07,3666.07,1449.19,6586.29,699.45,9314.5,21715.5,1,Promo forte
44,2024-09-14,3879.95,2517.57,3868.68,3246.0,2799.49,16311.69,1,Promo modérée
44,2024-09-21,3690.13,2579.45,383.64,2017.7,1482.83,10153.75,1,Promo modérée
44,2024-09-28,819.92,2764.34,3869.08,193.98,1493.04,9140.36,1,Promo modérée
44,2024-10-05,3458.31,1613.37,955.36,2640.17,3524.75,12191.96,1,Promo modérée
44,2024-10-12,104.19,2219.61,224.2,1105.81,612.72,4266.53,1,Promo faible
44,2024-10-19,3043.72,108.33,3333.44,533.85,3610.96,10630.3,1,Promo modérée
44,2024-10-26,3190.5,2608.54,1041.19,1280.9,4487.72,12608.849999999999,1,Promo modérée
44,2024-11-02,2507.76,775.33,952.58,2101.63,826.43,7163.7300000000005,1,Promo modérée
44,2024-11-09,1798.42,2977.51,3916.31,2795.08,1542.24,13029.56,1,Promo modérée
44,2024-11-16,29.94,130.6,2002.39,2132.6,1405.77,5701.300000000001,1,Promo modérée
44,2024-11-23,7152.21,3609.14,1570.71,4743.83,3188.63,20264.52,1,Promo forte
44,2024-11-30,8140.14,4756.95,2966.57,3932.79,2318.92,22115.370000000003,1,Promo forte
44,2024-12-07,4958.08,2570.89,886.8,1457.8,399.77,10273.339999999998,1,Promo modérée
44,2024-12-14,4585.06,1389.02,2569.23,1405.59,3732.56,13681.46,1,Promo modérée
44,2024-12-21,7925.99,2146.77,6911.39,5773.15,6873.59,29630.890000000003,1,Promo forte
45,2022-01-01,5672.45,3928.67,8453.68,5008.71,5697.19,28760.699999999997,1,Promo forte
45,2022-01-08,263.49,988.41,2581.77,3033.79,3646.65,10514.11,1,Promo modérée
45,2022-01-15,1856.32,1677.3,121.65,1297.82,2513.85,7466.9400000000005,1,Promo modérée
45,2022-01-22,1539.37,305.19,945.05,304.17,1808.9,4902.68,1,Promo faible
45,2022-01-29,3459.71,1173.95,1188.0,1717.23,455.58,7994.469999999999,1,Promo modérée
45,2022-02-05,4213.55,2840.55,1188.3,919.52,3168.48,12330.4,1,Promo modérée
45,2022-02-12,2386.84,105.62,210.62,187.9,2213.05,5104.030000000001,1,Promo modérée
45,2022-02-19,1119.01,45.3,624.41,2101.16,2964.78,6854.66,1,Promo modérée
45,2022-02-26,3840.04,499.44,1882.27,1825.32,3466.6,11513.67,1,Promo modérée
45,2022-03-05,1422.65,388.42,1201.67,1144.28,575.37,4732.39,1,Promo faible
45,2022-03-12,3275.06,2109.56,2228.73,1930.51,90.1,9633.960000000001,1,Promo modérée
45,2022-03-19,2671.54,855.93,3683.54,60.8,1233.26,8505.07,1,Promo modérée
45,2022-03-26,739.87,645.53,3994.52,831.08,2426.41,8637.41,1,Promo modérée
45,2022-04-02,3002.87,2434.73,3292.11,1541.57,1014.19,11285.470000000001,1,Promo modérée
45,2022-04-09,975.62,125.8,3774.76,1690.62,3224.67,9791.470000000001,1,Promo modérée
45,2022-04-16,4568.1,1756.73,285.45,680.69,1067.47,8358.439999999999,1,Promo modérée
45,2022-04-23,908.6,2616.17,3595.75,616.69,1034.33,8771.54,1,Promo modérée
45,2022-04-30,2446.44,315.15,130.18,1637.36,547.5,5076.63,1,Promo modérée
45,2022-05-07,4078.13,1318.28,3838.82,389.18,1453.43,11077.84,1,Promo modérée
45,2022-05-14,4238.08,2789.89,3750.99,1953.59,2984.86,15717.41,1,Promo modérée
45,2022-05-21,1536.05,2638.23,573.94,2001.32,2343.04,9092.579999999998,1,Promo modérée
45,2022-05-28,4706.52,357.9,1499.44,1627.94,2151.32,10343.12,1,Promo modérée
45,2022-06-04,3250.01,223.09,2389.99,3034.13,2922.89,11820.11,1,Promo modérée
45,2022-06-11,1934.68,2279.63,77.26,223.87,3867.4,8382.84,1,Promo modérée
45,2022-06-18,4236.73,2860.02,382.2,1479.96,2582.81,11541.72,1,Promo modérée
45,2022-06-25,2477.89,2043.15,2762.7,261.32,3426.35,10971.41,1,Promo modérée
45,2022-07-02,2883.02,6204.22,1212.35,6947.12,7334.49,24581.199999999997,1,Promo forte
45,2022-07-09,3728.06,2654.4,977.13,3201.1,2753.74,13314.43,1,Promo modérée
45,2022-07-16,3166.16,1662.07,245.9,631.72,61.05,5766.9,1,Promo modérée
45,2022-07-23,2246.61,2813.44,1308.03,2740.96,1839.45,10948.490000000002,1,Promo modérée
45,2022-07-30,2858.1,1480.95,2810.14,649.68,2668.18,10467.050000000001,1,Promo modérée
45,2022-08-06,4413.39,1464.7,769.17,3101.43,1613.61,11362.300000000001,1,Promo modérée
45,2022-08-13,781.56,2600.92,1550.5,67.47,1374.46,6374.91,1,Promo modérée
45,2022-08-20,2639.27,2509.13,1264.15,1349.03,2428.62,10190.199999999999,1,Promo modérée
45,2022-08-27,475.07,2850.75,3289.65,2680.49,2233.64,11529.599999999999,1,Promo modérée
45,2022-09-03,683.53,1954.59,970.45,2003.75,7647.99,13260.31,1,Promo modérée
45,2022-09-10,4366.88,1792.91,1122.56,526.95,2266.69,10075.99,1,Promo modérée
45,2022-09-17,3546.35,2571.65,3535.83,186.53,3263.66,13104.02,1,Promo modérée
45,2022-09-24,4637.08,876.92,1666.61,2143.0,4123.39,13447.0,1,Promo modérée
45,2022-10-01,1821.99,541.54,2679.33,1847.31,3480.59,10370.76,1,Promo modérée
45,2022-10-08,2341.22,1348.7,1262.61,2543.96,2167.05,9663.54,1,Promo modérée
45,2022-10-15,1018.89,727.21,992.3,835.96,1222.39,4796.75,1,Promo faible
45,2022-10-22,1330.89,2902.72,2141.96,2136.91,3309.69,11822.17,1,Promo modérée
45,2022-10-29,727.2,2371.13,429.27,1938.65,471.63,5937.88,1,Promo modérée
45,2022-11-05,3249.69,2085.75,3555.93,3072.05,4396.75,16360.170000000002,1,Promo modérée
45,2022-11-12,1835.71,2220.89,34.18,61.79,3222.26,7374.83,1,Promo modérée
45,2022-11-19,2609.56,2226.89,804.18,1920.78,1485.27,9046.68,1,Promo modérée
45,2022-11-26,1037.29,3583.32,4753.9,5510.96,3186.89,18072.36,1,Promo modérée
45,2022-12-03,4534.83,2049.44,1519.99,2067.27,771.29,10942.82,1,Promo modérée
45,2022-12-10,956.24,1171.96,967.33,2919.87,3139.58,9154.98,1,Promo modérée
45,2022-12-17,3776.49,1808.51,2154.31,981.82,340.84,9061.97,1,Promo modérée
45,2022-12-24,6302.27,6548.7,797.65,3643.42,5957.36,23249.4,1,Promo forte
45,2022-12-31,4773.68,4083.61,7927.66,4241.52,5995.37,27021.84,1,Promo forte
45,2023-01-07,6293.94,1303.83,5120.95,2293.61,864.51,15876.84,1,Promo modérée
45,2023-01-14,438.1,660.4,3043.22,339.13,3747.26,8228.11,1,Promo modérée
45,2023-01-21,4322.76,1618.69,3111.79,262.07,608.17,9923.480000000001,1,Promo modérée
45,2023-01-28,3326.03,2039.65,3510.27,2718.64,4396.64,15991.23,1,Promo modérée
45,2023-02-04,1336.81,2922.74,3479.52,226.3,3650.89,11616.26,1,Promo modérée
45,2023-02-11,3379.34,2441.3,397.55,2546.11,921.4,9685.7,1,Promo modérée
45,2023-02-18,4657.98,2087.0,470.3,3270.81,688.0,11174.09,1,Promo modérée
45,2023-02-25,2479.65,1400.51,407.59,1729.05,672.78,6689.58,1,Promo modérée
45,2023-03-04,11.86,109.93,1980.14,2378.21,3687.81,8167.950000000001,1,Promo modérée
45,2023-03-11,1150.51,1018.98,2732.53,2105.74,1663.42,8671.18,1,Promo modérée
45,2023-03-18,1615.08,1139.55,2300.35,2034.51,2647.54,9737.029999999999,1,Promo modérée
45,2023-03-25,2680.15,2964.69,724.2,2542.47,2129.34,11040.85,1,Promo modérée
45,2023-04-01,4361.19,2154.99,307.6,2497.22,157.57,9478.57,1,Promo modérée
45,2023-04-08,3039.45,2894.92,3420.73,1190.75,3753.68,14299.53,1,Promo modérée
45,2023-04-15,349.48,1584.35,1658.65,3219.59,1823.18,8635.25,1,Promo modérée
45,2023-04-22,2589.96,1782.03,302.98,194.45,798.95,5668.369999999999,1,Promo modérée
45,2023-04-29,3571.85,778.43,273.57,1323.61,3275.26,9222.72,1,Promo modérée
45,2023-05-06,1653.3,66.9,3646.17,2473.76,1661.11,9501.24,1,Promo modérée
45,2023-05-13,4236.12,606.94,2906.67,790.31,396.66,8936.699999999999,1,Promo modérée
45,2023-05-20,2763.8,1224.38,3028.7,2640.96,3685.41,13343.25,1,Promo modérée
45,2023-05-27,3240.27,316.43,2202.68,2523.94,1831.88,10115.2,1,Promo modérée
45,2023-06-03,263.15,2205.48,3699.39,3174.43,4020.23,13362.68,1,Promo modérée
45,2023-06-10,4479.74,2514.48,3131.91,2365.03,2782.73,15273.89,1,Promo modérée
45,2023-06-17,2765.8,1450.12,3402.38,2974.19,794.69,11387.18,1,Promo modérée
45,2023-06-24,4207.55,1440.15,1879.96,3449.93,2336.47,13314.06,1,Promo modérée
45,2023-07-01,2904.41,2840.66,6596.79,2110.54,6946.26,21398.660000000003,1,Promo forte
45,2023-07-08,3648.43,2520.19,1387.41,1250.09,3478.9,12285.019999999999,1,Promo modérée
45,2023-07-15,1175.19,73.07,1096.59,2360.71,4118.64,8824.2,1,Promo modérée
45,2023-07-22,3672.0,2064.68,3228.37,3016.05,3686.0,15667.099999999999,1,Promo modérée
45,2023-07-29,1068.99,2357.93,1375.72,1398.95,1697.22,7898.81,1,Promo modérée
45,2023-08-05,530.44,1117.83,1661.23,24.82,3992.18,7326.5,1,Promo modérée
45,2023-08-12,3172.6,2880.87,2846.92,2205.86,3549.71,14655.96,1,Promo modérée
45,2023-08-19,385.47,2559.92,3870.56,1430.14,3857.24,12103.33,1,Promo modérée
45,2023-08-26,3153.34,2388.44,820.87,308.72,997.43,7668.800000000001,1,Promo modérée
45,2023-09-02,9415.81,662.3,7585.86,3826.96,6538.63,28029.559999999998,1,Promo forte
45,2023-09-09,2638.33,764.41,1631.79,1571.02,4115.3,10720.849999999999,1,Promo modérée
45,2023-09-16,2041.55,2918.91,3310.71,3289.21,1787.51,13347.890000000001,1,Promo modérée
45,2023-09-23,1339.33,314.8,802.94,2214.91,1224.82,5896.799999999999,1,Promo modérée
45,2023-09-30,2488.11,1044.19,292.15,1727.73,3484.64,9036.82,1,Promo modérée
45,2023-10-07,4114.09,1026.04,457.73,2142.07,4022.57,11762.5,1,Promo modérée
45,2023-10-14,4043.48,179.51,3561.82,1467.05,4039.28,13291.14,1,Promo modérée
45,2023-10-21,308.9,2065.25,2391.1,2542.01,3225.23,10532.49,1,Promo modérée
45,2023-10-28,1059.66,1891.96,811.48,3014.29,441.96,7219.349999999999,1,Promo modérée
45,2023-11-04,3422.29,2091.97,1100.13,1178.79,4114.88,11908.060000000001,1,Promo modérée
45,2023-11-11,740.03,294.87,237.54,2207.03,1442.69,4922.16,1,Promo faible
45,2023-11-18,4147.18,1954.99,3093.15,2020.29,2212.37,13427.98,1,Promo modérée
45,2023-11-25,10195.18,1691.01,5894.67,3682.48,6212.73,27676.07,1,Promo forte
45,2023-12-02,202.64,1708.9,3714.56,2282.24,2179.82,10088.16,1,Promo modérée
45,2023-12-09,3088.87,1702.23,3827.24,2924.92,2739.86,14283.12,1,Promo modérée
45,2023-12-16,3334.74,405.46,1721.81,3284.53,1468.35,10214.890000000001,1,Promo modérée
45,2023-12-23,4696.13,4744.65,7815.81,848.28,7607.24,25712.11,1,Promo forte
45,2023-12-30,251.69,2202.08,8369.86,154.3,2204.84,13182.77,1,Promo modérée
45,2024-01-06,6150.75,3708.5,6216.97,1014.41,4948.53,22039.16,1,Promo forte
45,2024-01-13,4954.2,1789.27,3444.76,2917.85,4231.2,17337.28,1,Promo modérée
45,2024-01-20,2604.11,753.93,2626.68,3172.88,1609.6,10767.199999999999,1,Promo modérée
45,2024-01-27,4447.13,2800.61,3616.97,1388.29,1294.29,13547.29,1,Promo modérée
45,2024-02-03,3193.71,2251.26,2304.62,2107.02,3405.1,13261.710000000001,1,Promo modérée
45,2024-02-10,1307.24,2746.78,3355.57,3134.1,1337.85,11881.54,1,Promo modérée
45,2024-02-17,1317.61,667.22,2248.39,1918.33,1900.41,8051.959999999999,1,Promo modérée
45,2024-02-24,185.39,457.78,1188.5,2205.33,4369.21,8406.21,1,Promo modérée
45,2024-03-02,1266.37,1473.2,3586.85,38.44,2189.84,8554.7,1,Promo modérée
45,2024-03-09,3096.16,2046.23,1424.74,1810.81,1231.07,9609.009999999998,1,Promo modérée
45,2024-03-16,4600.27,1976.57,1823.71,3238.88,4050.66,15690.09,1,Promo modérée
45,2024-03-23,2037.69,2379.04,2794.56,170.28,528.19,7909.759999999998,1,Promo modérée
45,2024-03-30,2991.9,1693.74,1585.02,110.03,866.12,7246.8099999999995,1,Promo modérée
45,2024-04-06,1735.64,1579.29,310.77,233.44,2211.99,6071.13,1,Promo modérée
45,2024-04-13,4346.18,975.69,1422.86,2906.14,4382.26,14033.130000000001,1,Promo modérée
45,2024-04-20,3408.93,1387.65,1072.65,375.3,3901.29,10145.82,1,Promo modérée
45,2024-04-27,3231.6,2722.85,1040.86,1217.75,3578.08,11791.14,1,Promo modérée
45,2024-05-04,2263.22,118.35,2037.76,2588.89,990.16,7998.379999999999,1,Promo modérée
45,2024-05-11,730.34,2170.95,938.19,3472.22,2393.08,9704.779999999999,1,Promo modérée
45,2024-05-18,4756.07,1551.81,3217.51,1059.77,3215.34,13800.5,1,Promo modérée
45,2024-05-25,4791.06,465.64,1017.64,2030.63,4413.12,12718.09,1,Promo modérée
45,2024-06-01,4961.64,1886.15,2127.82,1950.43,2887.03,13813.070000000002,1,Promo modérée
45,2024-06-08,2389.77,933.2,855.35,3237.6,146.7,7562.62,1,Promo modérée
45,2024-06-15,1126.78,2937.3,3623.8,3376.0,4482.55,15546.43,1,Promo modérée
45,2024-06-22,2177.79,851.22,152.29,254.5,96.49,3532.29,1,Promo faible
45,2024-06-29,4440.07,419.24,207.7,1117.83,3208.44,9393.279999999999,1,Promo modérée
45,2024-07-06,10547.8,2247.7,5204.61,449.29,632.16,19081.56,1,Promo modérée
45,2024-07-13,3679.79,420.13,2672.07,3348.57,2117.42,12237.98,1,Promo modérée
45,2024-07-20,3602.93,1291.83,2469.54,594.88,1742.54,9701.720000000001,1,Promo modérée
45,2024-07-27,528.27,220.97,592.08,2773.38,291.84,4406.540000000001,1,Promo faible
45,2024-08-03,994.97,1348.62,2741.81,2751.18,557.47,8394.05,1,Promo modérée
45,2024-08-10,2343.33,410.62,3058.2,251.14,4030.06,10093.35,1,Promo modérée
45,2024-08-17,4949.75,2575.8,2031.73,2517.9,3326.66,15401.84,1,Promo modérée
45,2024-08-24,3844.92,1567.85,1584.82,3389.55,1867.6,12254.74,1,Promo modérée
45,2024-08-31,4038.08,2944.13,595.62,3066.4,2358.64,13002.869999999999,1,Promo modérée
45,2024-09-07,1735.82,4693.21,2647.01,1981.59,497.58,11555.210000000001,1,Promo modérée
45,2024-09-14,2436.36,2424.81,3717.79,1803.66,1814.88,12197.5,1,Promo modérée
45,2024-09-21,4104.55,2466.78,2739.91,1650.14,1816.45,12777.83,1,Promo modérée
45,2024-09-28,4158.92,1121.55,2194.62,977.07,3766.11,12218.27,1,Promo modérée
45,2024-10-05,679.21,2021.28,1245.56,2711.02,293.25,6950.32,1,Promo modérée
45,2024-10-12,2310.72,838.94,129.31,2317.4,3916.99,9513.36,1,Promo modérée
45,2024-10-19,3489.96,1192.14,3678.17,1970.41,3386.03,13716.710000000001,1,Promo modérée
45,2024-10-26,71.87,2230.9,1352.34,1500.76,2529.24,7685.11,1,Promo modérée
45,2024-11-02,1277.62,143.21,695.71,1508.13,1539.33,5164.0,1,Promo modérée
45,2024-11-09,4074.11,2571.97,2363.25,411.5,1827.81,11248.64,1,Promo modérée
45,2024-11-16,3650.32,459.32,1780.51,677.45,46.28,6613.88,1,Promo modérée
45,2024-11-23,2531.52,2219.0,4581.11,1472.8,8246.16,19050.59,1,Promo modérée
45,2024-11-30,6870.76,6231.89,6085.52,6258.44,4341.09,29787.7,1,Promo forte
45,2024-12-07,2361.6,302.24,2693.49,2538.84,882.89,8779.06,1,Promo modérée
45,2024-12-14,4380.93,1461.89,3261.01,755.14,287.69,10146.660000000002,1,Promo modérée
45,2024-12-21,3473.01,264.58,2120.6,3892.29,1057.04,10807.52,1,Promo modérée
46,2022-01-01,5067.79,6482.04,487.56,3626.97,2826.18,18490.539999999997,1,Promo modérée
46,2022-01-08,2269.4,1362.69,1982.81,1454.98,2013.64,9083.519999999999,1,Promo modérée
46,2022-01-15,1053.94,1632.56,11.24,3223.85,2390.04,8311.630000000001,1,Promo modérée
46,2022-01-22,2353.66,120.81,3127.22,2767.23,3158.8,11527.720000000001,1,Promo modérée
46,2022-01-29,909.77,1536.87,2167.03,2676.06,1565.64,8855.369999999999,1,Promo modérée
46,2022-02-05,451.27,2239.05,2383.36,53.68,3232.09,8359.45,1,Promo modérée
46,2022-02-12,599.98,2757.1,3595.65,3150.91,1621.63,11725.27,1,Promo modérée
46,2022-02-19,2843.85,964.21,2318.22,2074.33,4081.78,12282.390000000001,1,Promo modérée
46,2022-02-26,77.68,1375.76,2614.77,2779.29,2012.7,8860.2,1,Promo modérée
46,2022-03-05,4974.39,1229.83,1545.08,1029.28,2189.2,10967.779999999999,1,Promo modérée
46,2022-03-12,3905.46,2746.9,379.62,1575.38,319.69,8927.050000000001,1,Promo modérée
46,2022-03-19,1488.38,1136.62,1906.23,2767.81,661.49,7960.529999999999,1,Promo modérée
46,2022-03-26,949.32,1312.61,2742.36,1571.31,4077.08,10652.68,1,Promo modérée
46,2022-04-02,1984.54,1147.54,3240.02,32.74,2030.01,8434.85,1,Promo modérée
46,2022-04-09,4238.54,107.29,1221.7,36.74,744.86,6349.129999999999,1,Promo modérée
46,2022-04-16,614.35,2056.9,2772.5,2542.22,3443.88,11429.849999999999,1,Promo modérée
46,2022-04-23,4853.88,672.93,1112.5,2015.92,3515.66,12170.89,1,Promo modérée
46,2022-04-30,1264.77,1852.31,1431.16,1126.39,1592.98,7267.610000000001,1,Promo modérée
46,2022-05-07,1410.8,2562.9,3480.74,1587.87,3131.31,12173.619999999999,1,Promo modérée
46,2022-05-14,3847.05,2554.97,70.85,1702.42,1232.65,9407.94,1,Promo modérée
46,2022-05-21,3850.32,808.4,351.33,765.5,2696.09,8471.64,1,Promo modérée
46,2022-05-28,2482.63,33.02,2367.63,1138.55,2385.87,8407.7,1,Promo modérée
46,2022-06-04,1907.76,1266.0,222.24,2409.59,878.78,6684.37,1,Promo modérée
46,2022-06-11,1211.93,1346.14,184.88,848.13,3531.82,7122.900000000001,1,Promo modérée
46,2022-06-18,639.15,1575.76,465.26,2722.53,2342.5,7745.200000000001,1,Promo modérée
46,2022-06-25,141.34,1570.54,2709.86,817.79,4439.37,9678.9,1,Promo modérée
46,2022-07-02,7323.28,4118.51,7235.01,2343.61,8692.3,29712.710000000003,1,Promo forte
46,2022-07-09,3649.79,2925.75,486.91,1095.75,3513.22,11671.42,1,Promo modérée
46,2022-07-16,3370.32,1757.46,3060.95,3080.39,3731.86,15000.980000000001,1,Promo modérée
46,2022-07-23,4398.25,1678.84,2004.94,2746.1,2489.89,13318.02,1,Promo modérée
46,2022-07-30,1126.16,538.35,953.69,2561.41,2948.99,8128.6,1,Promo modérée
46,2022-08-06,1892.93,437.45,3338.5,2984.08,490.71,9143.669999999998,1,Promo modérée
46,2022-08-13,4511.85,184.91,2535.14,77.26,4177.19,11486.349999999999,1,Promo modérée
46,2022-08-20,3736.49,2918.99,3968.21,2833.88,3812.37,17269.94,1,Promo modérée
46,2022-08-27,2505.81,2875.47,2329.74,1943.91,3720.09,13375.02,1,Promo modérée
46,2022-09-03,5537.48,2406.39,2926.19,1649.73,8850.57,21370.36,1,Promo forte
46,2022-09-10,3056.05,2.08,1071.57,3497.72,4386.49,12013.91,1,Promo modérée
46,2022-09-17,4661.08,1437.4,3903.6,1888.42,2901.78,14792.28,1,Promo modérée
46,2022-09-24,2512.19,1179.98,3876.17,1668.18,567.95,9804.470000000001,1,Promo modérée
46,2022-10-01,1912.61,2742.15,3791.02,187.46,555.4,9188.64,1,Promo modérée
46,2022-10-08,1138.11,2751.75,2752.94,2159.08,3530.96,12332.84,1,Promo modérée
46,2022-10-15,3766.04,1696.98,47.18,738.92,4333.05,10582.170000000002,1,Promo modérée
46,2022-10-22,20.41,1321.96,1777.3,2841.32,817.05,6778.04,1,Promo modérée
46,2022-10-29,1314.48,762.16,926.07,1119.28,2415.11,6537.1,1,Promo modérée
46,2022-11-05,503.52,2833.08,1234.36,50.87,1139.2,5761.03,1,Promo modérée
46,2022-11-12,3663.13,1405.79,2242.41,2130.69,1218.17,10660.19,1,Promo modérée
46,2022-11-19,2763.01,1620.34,482.45,29.19,400.25,5295.24,1,Promo modérée
46,2022-11-26,2369.89,2616.37,761.85,1650.18,4016.35,11414.640000000001,1,Promo modérée
46,2022-12-03,751.99,582.56,480.36,560.29,1901.31,4276.51,1,Promo faible
46,2022-12-10,4043.81,765.36,2660.1,203.0,4320.97,11993.240000000002,1,Promo modérée
46,2022-12-17,1881.18,2686.97,1052.8,2337.7,1620.47,9579.119999999999,1,Promo modérée
46,2022-12-24,3045.81,3219.38,5401.58,3601.96,7974.73,23243.46,1,Promo forte
46,2022-12-31,5356.48,6121.59,4994.61,4084.04,7167.3,27724.02,1,Promo forte
46,2023-01-07,9635.36,4488.75,3442.16,4270.99,3005.19,24842.45,1,Promo forte
46,2023-01-14,3043.46,2083.69,384.09,2829.19,3709.56,12049.99,1,Promo modérée
46,2023-01-21,1342.87,547.51,2554.14,1274.37,4198.63,9917.52,1,Promo modérée
46,2023-01-28,2592.79,1157.41,3343.98,1006.75,61.69,8162.62,1,Promo modérée
46,2023-02-04,3690.5,2326.6,1742.23,2917.75,773.7,11450.78,1,Promo modérée
46,2023-02-11,1690.75,54.01,2813.4,2393.86,2025.98,8978.0,1,Promo modérée
46,2023-02-18,3656.79,688.55,379.03,291.15,2124.08,7139.599999999999,1,Promo modérée
46,2023-02-25,260.01,2566.02,2642.71,614.32,3070.71,9153.77,1,Promo modérée
46,2023-03-04,1195.66,248.54,3384.48,2074.93,1636.51,8540.12,1,Promo modérée
46,2023-03-11,3830.4,601.57,2637.05,1520.13,2250.71,10839.86,1,Promo modérée
46,2023-03-18,1122.76,1229.79,2876.91,1782.8,4058.1,11070.36,1,Promo modérée
46,2023-03-25,2323.86,45.04,3093.75,1266.31,1172.07,7901.029999999999,1,Promo modérée
46,2023-04-01,1163.84,1938.36,2681.7,1461.85,2558.29,9804.04,1,Promo modérée
46,2023-04-08,3589.23,203.18,2010.03,1844.13,3502.19,11148.76,1,Promo modérée
46,2023-04-15,800.15,118.55,3063.76,598.17,205.2,4785.83,1,Promo faible
46,2023-04-22,4714.68,2564.43,1257.84,1661.0,2325.7,12523.650000000001,1,Promo modérée
46,2023-04-29,3814.1,1667.8,3311.12,188.08,4069.38,13050.48,1,Promo modérée
46,2023-05-06,4901.31,2850.83,906.18,1515.16,701.74,10875.22,1,Promo modérée
46,2023-05-13,1203.93,2976.72,2061.76,1256.83,4109.23,11608.47,1,Promo modérée
46,2023-05-20,3825.66,2081.33,1483.17,1643.18,2334.55,11367.89,1,Promo modérée
46,2023-05-27,2348.6,1708.76,852.65,1856.95,3357.12,10124.079999999998,1,Promo modérée
46,2023-06-03,3766.7,2250.21,984.68,2162.63,3505.08,12669.300000000001,1,Promo modérée
46,2023-06-10,1531.7,1803.93,1158.71,3294.85,873.6,8662.79,1,Promo modérée
46,2023-06-17,1568.91,2429.4,1216.59,565.0,4199.11,9979.01,1,Promo modérée
46,2023-06-24,4012.06,166.75,1327.89,2730.29,2304.62,10541.61,1,Promo modérée
46,2023-07-01,8895.74,3723.55,6504.62,1638.81,3914.71,24677.43,1,Promo forte
46,2023-07-08,542.78,1277.25,3754.88,3307.98,1335.07,10217.96,1,Promo modérée
46,2023-07-15,1784.27,51.03,1037.59,3150.97,2011.4,8035.26,1,Promo modérée
46,2023-07-22,3121.44,2758.25,1676.4,2326.05,1983.17,11865.31,1,Promo modérée
46,2023-07-29,3341.93,1158.42,3670.22,2264.3,89.61,10524.48,1,Promo modérée
46,2023-08-05,1610.08,1616.76,697.6,861.78,1966.13,6752.35,1,Promo modérée
46,2023-08-12,4313.37,1944.02,1873.98,3314.3,3311.22,14756.889999999998,1,Promo modérée
46,2023-08-19,1007.46,1037.91,2038.47,550.78,93.52,4728.14,1,Promo faible
46,2023-08-26,4034.27,917.56,3752.85,1330.85,3585.17,13620.7,1,Promo modérée
46,2023-09-02,7789.1,5082.45,62.72,5804.44,4674.74,23413.449999999997,1,Promo forte
46,2023-09-09,1477.94,1675.82,547.71,2362.76,853.26,6917.490000000001,1,Promo modérée
46,2023-09-16,1111.55,983.01,217.67,3273.19,536.29,6121.71,1,Promo modérée
46,2023-09-23,1216.07,2339.64,1854.75,1599.74,2456.6,9466.8,1,Promo modérée
46,2023-09-30,4060.41,1555.82,2510.95,3031.62,2141.97,13300.769999999999,1,Promo modérée
46,2023-10-07,525.8,1743.66,185.64,546.59,2694.93,5696.62,1,Promo modérée
46,2023-10-14,2823.71,1602.75,248.07,2359.97,2308.06,9342.56,1,Promo modérée
46,2023-10-21,868.56,658.0,821.18,3117.82,3149.98,8615.539999999999,1,Promo modérée
46,2023-10-28,2381.12,2486.77,1327.71,77.74,1491.96,7765.299999999999,1,Promo modérée
46,2023-11-04,504.56,293.52,795.25,1247.36,2397.3,5237.99,1,Promo modérée
46,2023-11-11,2744.43,2210.47,1367.79,1649.83,128.67,8101.19,1,Promo modérée
46,2023-11-18,4124.94,2838.16,2385.59,186.91,3324.72,12860.319999999998,1,Promo modérée
46,2023-11-25,3066.24,2818.4,6479.0,1024.63,2841.32,16229.59,1,Promo modérée
46,2023-12-02,3702.77,2333.66,657.57,933.18,2309.13,9936.310000000001,1,Promo modérée
46,2023-12-09,4245.17,13.46,456.88,193.78,2156.22,7065.51,1,Promo modérée
46,2023-12-16,4952.68,2560.42,2948.75,2070.91,1091.47,13624.23,1,Promo modérée
46,2023-12-23,1870.99,3710.05,6101.48,2302.04,7722.14,21706.7,1,Promo forte
46,2023-12-30,1739.39,3715.27,8352.44,6899.76,3205.16,23912.02,1,Promo forte
46,2024-01-06,10971.72,5264.63,3433.97,4685.77,3605.45,27961.54,1,Promo forte
46,2024-01-13,210.99,2819.82,3469.13,1265.47,4308.89,12074.300000000001,1,Promo modérée
46,2024-01-20,4047.91,2819.86,1126.04,1862.34,3904.48,13760.63,1,Promo modérée
46,2024-01-27,1576.8,356.1,1090.99,2319.77,49.25,5392.91,1,Promo modérée
46,2024-02-03,249.68,1655.35,711.07,847.75,829.06,4292.91,1,Promo faible
46,2024-02-10,4757.98,2334.39,3312.06,604.83,3013.41,14022.669999999998,1,Promo modérée
46,2024-02-17,2071.16,451.62,3891.43,2396.98,217.9,9029.089999999998,1,Promo modérée
46,2024-02-24,886.53,1223.64,2502.22,1277.69,1713.98,7604.0599999999995,1,Promo modérée
46,2024-03-02,763.25,137.78,3302.14,1928.96,3724.66,9856.79,1,Promo modérée
46,2024-03-09,4112.67,1702.0,2433.36,1210.45,907.27,10365.750000000002,1,Promo modérée
46,2024-03-16,2171.54,2229.74,432.19,1452.63,1912.16,8198.26,1,Promo modérée
46,2024-03-23,3491.92,867.28,3475.65,1690.32,1486.68,11011.85,1,Promo modérée
46,2024-03-30,3616.06,2571.37,3393.6,2326.13,4306.33,16213.49,1,Promo modérée
46,2024-04-06,4087.0,1201.31,1701.24,914.29,1009.99,8913.83,1,Promo modérée
46,2024-04-13,3694.2,1110.37,3687.82,1150.55,500.11,10143.05,1,Promo modérée
46,2024-04-20,3786.97,329.81,3416.32,597.45,309.06,8439.61,1,Promo modérée
46,2024-04-27,4263.38,2409.92,3238.55,3117.37,3893.45,16922.670000000002,1,Promo modérée
46,2024-05-04,3215.49,369.99,844.58,2705.35,2922.01,10057.42,1,Promo modérée
46,2024-05-11,1401.66,1015.67,1111.25,122.46,1177.08,4828.12,1,Promo faible
46,2024-05-18,1320.63,1733.05,125.31,3122.02,2014.82,8315.83,1,Promo modérée
46,2024-05-25,4626.01,1120.39,1004.34,1161.51,1840.42,9752.670000000002,1,Promo modérée
46,2024-06-01,1426.5,1151.43,1868.55,2091.56,588.15,7126.1900000000005,1,Promo modérée
46,2024-06-08,4734.64,61.43,3245.41,1791.04,2784.66,12617.18,1,Promo modérée
46,2024-06-15,3700.95,1678.77,1793.83,1747.66,3705.92,12627.13,1,Promo modérée
46,2024-06-22,1665.61,2034.71,342.17,1946.81,3848.55,9837.849999999999,1,Promo modérée
46,2024-06-29,347.65,213.87,1701.76,733.28,918.88,3915.4399999999996,1,Promo faible
46,2024-07-06,3199.72,529.45,6008.1,4509.18,2099.96,16346.41,1,Promo modérée
46,2024-07-13,490.15,1374.56,107.93,1453.2,4092.38,7518.22,1,Promo modérée
46,2024-07-20,4966.92,1014.77,1117.4,1999.49,3353.93,12452.51,1,Promo modérée
46,2024-07-27,806.55,1530.35,189.39,2939.99,2824.47,8290.749999999998,1,Promo modérée
46,2024-08-03,3323.48,1122.67,2210.6,569.41,3497.06,10723.22,1,Promo modérée
46,2024-08-10,1233.52,1385.61,1545.63,2168.69,2533.43,8866.880000000001,1,Promo modérée
46,2024-08-17,3226.72,2566.75,2165.06,678.43,2819.7,11456.66,1,Promo modérée
46,2024-08-24,3088.81,454.7,3264.89,2226.32,2411.14,11445.859999999999,1,Promo modérée
46,2024-08-31,1313.79,2444.71,1335.96,2907.48,1476.04,9477.98,1,Promo modérée
46,2024-09-07,9893.75,2452.88,4149.86,184.97,9660.32,26341.780000000002,1,Promo forte
46,2024-09-14,2665.26,701.55,1948.44,1136.8,2015.94,8467.99,1,Promo modérée
46,2024-09-21,4025.26,1581.76,2255.91,2868.72,200.25,10931.9,1,Promo modérée
46,2024-09-28,1331.24,2686.6,2753.95,2135.54,2354.04,11261.369999999999,1,Promo modérée
46,2024-10-05,1832.1,2497.39,2528.84,2153.45,1028.76,10040.539999999999,1,Promo modérée
46,2024-10-12,386.37,1517.09,2735.43,569.24,1896.5,7104.629999999999,1,Promo modérée
46,2024-10-19,3625.12,1907.98,2854.54,2035.27,3761.25,14184.16,1,Promo modérée
46,2024-10-26,195.56,586.96,3235.51,2892.02,3684.39,10594.44,1,Promo modérée
46,2024-11-02,4684.74,1670.04,655.54,2576.27,1331.46,10918.05,1,Promo modérée
46,2024-11-09,2432.52,2936.2,1757.09,2951.73,4356.43,14433.97,1,Promo modérée
46,2024-11-16,4189.75,1100.21,799.62,2808.12,2686.12,11583.82,1,Promo modérée
46,2024-11-23,3144.61,5408.47,5144.92,7618.04,9063.48,30379.52,1,Promo forte
46,2024-11-30,984.71,3758.33,3546.16,4199.93,2364.4,14853.53,1,Promo modérée
46,2024-12-07,4354.17,1169.98,2312.66,1002.32,3640.9,12480.029999999999,1,Promo modérée
46,2024-12-14,3182.44,2878.54,2593.54,3347.38,1370.61,13372.510000000002,1,Promo modérée
46,2024-12-21,5283.99,4531.39,8202.39,3215.07,9422.28,30655.120000000003,1,Promo forte
47,2022-01-01,2726.19,4576.6,4812.76,2239.12,2829.35,17184.02,1,Promo modérée
47,2022-01-08,4852.16,2455.42,2099.8,1825.96,871.25,12104.59,1,Promo modérée
47,2022-01-15,265.49,2883.74,799.62,1926.45,336.19,6211.489999999999,1,Promo modérée
47,2022-01-22,783.36,1536.42,182.74,684.64,612.78,3799.9400000000005,1,Promo faible
47,2022-01-29,1791.11,127.78,2782.62,135.64,2487.52,7324.67,1,Promo modérée
47,2022-02-05,2638.88,1598.11,153.12,2694.57,4302.94,11387.619999999999,1,Promo modérée
47,2022-02-12,3793.4,645.29,3005.7,505.38,3206.26,11156.03,1,Promo modérée
47,2022-02-19,472.34,2474.97,3500.7,2407.96,4391.49,13247.460000000001,1,Promo modérée
47,2022-02-26,3292.07,2398.58,658.99,2777.22,418.37,9545.23,1,Promo modérée
47,2022-03-05,2124.39,1821.83,1696.89,878.19,1142.15,7663.449999999999,1,Promo modérée
47,2022-03-12,370.77,43.48,641.62,674.55,1213.76,2944.18,1,Promo faible
47,2022-03-19,3150.94,1670.12,1762.26,2218.93,4058.4,12860.65,1,Promo modérée
47,2022-03-26,2260.12,1706.39,2690.47,130.41,2160.9,8948.289999999999,1,Promo modérée
47,2022-04-02,4706.66,2555.53,1450.28,1871.88,2660.9,13245.250000000002,1,Promo modérée
47,2022-04-09,4245.91,1213.05,523.66,2129.98,1607.67,9720.27,1,Promo modérée
47,2022-04-16,3079.1,257.97,2757.45,2634.57,1058.42,9787.51,1,Promo modérée
47,2022-04-23,3045.98,1552.71,3968.63,1429.24,806.81,10803.369999999999,1,Promo modérée
47,2022-04-30,2860.06,2140.25,1345.29,2956.6,2671.67,11973.869999999999,1,Promo modérée
47,2022-05-07,1820.21,961.68,3799.79,954.79,3944.54,11481.01,1,Promo modérée
47,2022-05-14,1067.08,1059.83,3966.33,1417.42,2946.76,10457.42,1,Promo modérée
47,2022-05-21,1412.28,742.1,105.1,707.38,1180.86,4147.72,1,Promo faible
47,2022-05-28,944.91,2807.18,1228.39,325.25,3762.69,9068.42,1,Promo modérée
47,2022-06-04,2226.79,1673.72,1606.6,1738.81,3056.97,10302.89,1,Promo modérée
47,2022-06-11,2354.68,11.37,3014.04,3181.8,2936.78,11498.67,1,Promo modérée
47,2022-06-18,310.28,63.55,3856.67,1541.66,2755.59,8527.75,1,Promo modérée
47,2022-06-25,2880.39,2188.94,3403.26,445.56,1250.81,10168.96,1,Promo modérée
47,2022-07-02,364.57,5560.55,3686.62,2535.06,5255.18,17401.98,1,Promo modérée
47,2022-07-09,3859.48,1402.25,1475.65,2910.04,779.81,10427.229999999998,1,Promo modérée
47,2022-07-16,2562.62,649.17,3483.07,855.46,1412.85,8963.17,1,Promo modérée
47,2022-07-23,4559.03,952.93,984.94,1670.16,1661.51,9828.57,1,Promo modérée
47,2022-07-30,4103.81,2270.45,21.74,1493.11,760.37,8649.48,1,Promo modérée
47,2022-08-06,4451.55,1770.14,3992.52,1693.03,3975.75,15882.990000000002,1,Promo modérée
47,2022-08-13,376.5,588.19,3150.15,3246.1,1500.6,8861.54,1,Promo modérée
47,2022-08-20,4908.97,2546.36,1453.44,1072.13,3686.64,13667.54,1,Promo modérée
47,2022-08-27,765.79,2096.15,2839.72,947.61,1791.14,8440.41,1,Promo modérée
47,2022-09-03,2344.54,3902.29,6794.52,29.9,1126.38,14197.630000000001,1,Promo modérée
47,2022-09-10,1618.43,2445.33,2449.71,1965.65,3335.4,11814.52,1,Promo modérée
47,2022-09-17,1694.77,2107.07,925.93,174.51,258.36,5160.64,1,Promo modérée
47,2022-09-24,1721.57,1333.46,2970.16,795.9,2137.79,8958.88,1,Promo modérée
47,2022-10-01,3157.67,1458.89,659.03,1608.07,4405.95,11289.61,1,Promo modérée
47,2022-10-08,1950.61,1849.8,2275.89,1016.53,2101.86,9194.689999999999,1,Promo modérée
47,2022-10-15,805.84,917.95,1333.33,3466.44,2654.2,9177.759999999998,1,Promo modérée
47,2022-10-22,3024.37,2392.15,2514.22,3139.28,2703.19,13773.210000000001,1,Promo modérée
47,2022-10-29,4258.09,1279.68,2509.84,1385.34,3625.74,13058.69,1,Promo modérée
47,2022-11-05,3525.64,85.43,3366.0,1217.88,3568.6,11763.550000000001,1,Promo modérée
47,2022-11-12,3517.59,1203.09,3751.47,1430.72,1578.39,11481.259999999998,1,Promo modérée
47,2022-11-19,2313.17,2580.03,1904.47,1682.03,1140.48,9620.18,1,Promo modérée
47,2022-11-26,2422.07,2632.87,5004.41,5855.56,3165.72,19080.63,1,Promo modérée
47,2022-12-03,1055.02,2312.83,648.13,2046.7,1276.35,7339.030000000001,1,Promo modérée
47,2022-12-10,2962.6,1117.31,2680.67,457.95,3217.37,10435.9,1,Promo modérée
47,2022-12-17,1476.48,701.44,3816.72,3204.75,2457.6,11656.99,1,Promo modérée
47,2022-12-24,5397.83,3992.63,584.97,383.7,4588.89,14948.02,1,Promo modérée
47,2022-12-31,8429.12,2972.81,4217.01,5282.39,4696.43,25597.760000000002,1,Promo forte
47,2023-01-07,9478.78,774.71,6218.33,356.73,9831.29,26659.84,1,Promo forte
47,2023-01-14,4631.82,1880.01,2303.75,1501.89,1280.67,11598.14,1,Promo modérée
47,2023-01-21,2650.46,2509.69,110.43,988.06,231.85,6490.49,1,Promo modérée
47,2023-01-28,2809.01,2751.72,894.3,1967.85,2442.52,10865.4,1,Promo modérée
47,2023-02-04,4912.69,1438.96,3214.64,2021.46,4397.05,15984.8,1,Promo modérée
47,2023-02-11,2184.76,232.23,880.79,336.93,2190.39,5825.1,1,Promo modérée
47,2023-02-18,650.35,298.04,1240.08,3060.46,3548.35,8797.28,1,Promo modérée
47,2023-02-25,1908.84,27.31,3280.43,592.24,3230.61,9039.43,1,Promo modérée
47,2023-03-04,4443.15,2249.61,1312.74,2091.32,3219.87,13316.689999999999,1,Promo modérée
47,2023-03-11,978.58,2733.72,2850.72,3108.48,1911.39,11582.89,1,Promo modérée
47,2023-03-18,2404.73,2078.04,2209.38,2678.74,3862.96,13233.849999999999,1,Promo modérée
47,2023-03-25,1617.33,127.74,3952.39,2096.56,1023.93,8817.95,1,Promo modérée
47,2023-04-01,2423.34,2383.8,1563.65,687.81,3457.79,10516.39,1,Promo modérée
47,2023-04-08,1445.67,117.54,822.09,1165.04,318.08,3868.42,1,Promo faible
47,2023-04-15,826.29,129.09,1874.36,1199.75,3495.3,7524.79,1,Promo modérée
47,2023-04-22,2026.2,377.67,2332.06,140.71,3207.26,8083.900000000001,1,Promo modérée
47,2023-04-29,776.93,399.37,2884.86,2709.88,3326.4,10097.44,1,Promo modérée
47,2023-05-06,4982.53,2931.83,2367.34,731.64,1073.24,12086.58,1,Promo modérée
47,2023-05-13,515.55,2532.33,2128.47,3463.93,3388.42,12028.7,1,Promo modérée
47,2023-05-20,4525.81,690.2,3461.47,1063.66,998.54,10739.68,1,Promo modérée
47,2023-05-27,685.3,1135.59,1354.17,2981.07,2575.14,8731.27,1,Promo modérée
47,2023-06-03,4235.49,2347.61,3159.5,913.36,4450.89,15106.850000000002,1,Promo modérée
47,2023-06-10,2477.07,160.02,1576.69,1225.4,2912.27,8351.45,1,Promo modérée
47,2023-06-17,2639.96,1603.91,3922.87,1532.1,882.87,10581.710000000001,1,Promo modérée
47,2023-06-24,2569.66,1222.06,137.11,608.1,2158.95,6695.88,1,Promo modérée
47,2023-07-01,958.51,4475.41,5231.37,4868.1,1553.52,17086.91,1,Promo modérée
47,2023-07-08,517.5,2611.95,2104.82,3113.81,1974.15,10322.23,1,Promo modérée
47,2023-07-15,3844.55,727.92,750.89,709.31,4205.25,10237.92,1,Promo modérée
47,2023-07-22,4290.43,338.65,432.05,1107.43,1859.41,8027.97,1,Promo modérée
47,2023-07-29,4027.51,2265.84,161.56,522.86,3294.87,10272.64,1,Promo modérée
47,2023-08-05,3175.71,826.7,332.06,1512.3,3194.32,9041.09,1,Promo modérée
47,2023-08-12,1081.57,493.67,3451.13,2868.61,2759.94,10654.92,1,Promo modérée
47,2023-08-19,123.33,1255.77,1536.87,3323.23,1612.05,7851.25,1,Promo modérée
47,2023-08-26,3154.83,1789.65,46.82,2447.24,250.33,7688.869999999999,1,Promo modérée
47,2023-09-02,7781.2,704.19,7026.46,3548.52,323.04,19383.41,1,Promo modérée
47,2023-09-09,190.0,885.61,3179.71,3284.37,2577.99,10117.68,1,Promo modérée
47,2023-09-16,4966.06,2098.24,1704.35,3125.95,4028.31,15922.909999999998,1,Promo modérée
47,2023-09-23,3534.17,1612.08,3107.0,1806.55,1445.55,11505.349999999999,1,Promo modérée
47,2023-09-30,1303.48,1771.75,2648.3,2823.97,2654.94,11202.44,1,Promo modérée
47,2023-10-07,4231.33,1668.45,1821.26,2667.56,558.35,10946.95,1,Promo modérée
47,2023-10-14,4867.85,1703.24,2356.45,2294.84,1789.76,13012.140000000001,1,Promo modérée
47,2023-10-21,4400.98,302.76,2519.58,1600.25,176.47,9000.039999999999,1,Promo modérée
47,2023-10-28,1664.91,2867.2,425.7,2041.57,2184.85,9184.23,1,Promo modérée
47,2023-11-04,1590.9,1253.94,845.44,2186.34,4449.05,10325.670000000002,1,Promo modérée
47,2023-11-11,2362.74,1701.13,3581.93,2435.82,612.1,10693.72,1,Promo modérée
47,2023-11-18,4153.73,70.78,3889.8,2149.46,3600.22,13863.99,1,Promo modérée
47,2023-11-25,5967.66,947.69,4994.15,4811.85,4376.6,21097.949999999997,1,Promo forte
47,2023-12-02,1713.65,1889.29,2475.45,317.16,1064.21,7459.759999999999,1,Promo modérée
47,2023-12-09,1451.57,1042.42,3094.52,1785.81,3927.85,11302.17,1,Promo modérée
47,2023-12-16,2675.26,2556.57,2236.08,884.5,2463.93,10816.34,1,Promo modérée
47,2023-12-23,2210.33,3683.69,4669.6,4771.16,8389.46,23724.239999999998,1,Promo forte
47,2023-12-30,5418.06,4286.26,3878.75,2782.92,1112.7,17478.69,1,Promo modérée
47,2024-01-06,7573.29,913.17,8590.88,5840.77,3888.07,26806.179999999997,1,Promo forte
47,2024-01-13,359.42,2274.36,1318.33,1986.39,3798.14,9736.64,1,Promo modérée
47,2024-01-20,2500.12,1837.38,283.92,2090.07,2598.38,9309.869999999999,1,Promo modérée
47,2024-01-27,3436.66,1685.68,552.83,1217.62,287.04,7179.83,1,Promo modérée
47,2024-02-03,2829.9,1316.48,2010.93,2486.25,2176.77,10820.330000000002,1,Promo modérée
47,2024-02-10,734.05,2353.38,2107.62,2593.12,2310.43,10098.6,1,Promo modérée
47,2024-02-17,4865.22,1818.97,1145.76,151.99,3547.87,11529.810000000001,1,Promo modérée
47,2024-02-24,1201.78,1196.2,2030.63,172.8,3098.61,7700.02,1,Promo modérée
47,2024-03-02,327.42,1022.59,1097.45,5.32,3112.44,5565.22,1,Promo modérée
47,2024-03-09,4501.2,2060.7,686.99,1225.36,4274.92,12749.17,1,Promo modérée
47,2024-03-16,836.52,452.67,2749.24,3093.79,1350.95,8483.17,1,Promo modérée
47,2024-03-23,1817.61,97.76,2038.07,730.37,578.69,5262.5,1,Promo modérée
47,2024-03-30,4345.33,367.48,894.52,428.66,1590.86,7626.849999999999,1,Promo modérée
47,2024-04-06,3107.88,68.97,1737.48,998.69,4493.23,10406.25,1,Promo modérée
47,2024-04-13,2883.24,1601.29,2904.63,1172.35,313.57,8875.08,1,Promo modérée
47,2024-04-20,221.13,2964.28,3962.26,346.56,1548.08,9042.310000000001,1,Promo modérée
47,2024-04-27,3560.67,1092.05,1719.55,2015.68,4361.41,12749.36,1,Promo modérée
47,2024-05-04,3700.87,1340.63,2636.42,2938.23,469.52,11085.67,1,Promo modérée
47,2024-05-11,1547.99,1287.06,1050.73,1144.87,1484.22,6514.87,1,Promo modérée
47,2024-05-18,3825.97,2092.13,186.3,1588.28,830.13,8522.81,1,Promo modérée
47,2024-05-25,4065.32,974.34,2774.55,656.84,575.82,9046.869999999999,1,Promo modérée
47,2024-06-01,773.63,1129.97,3526.63,54.62,932.3,6417.15,1,Promo modérée
47,2024-06-08,797.57,2489.02,1420.25,1600.61,2082.83,8390.279999999999,1,Promo modérée
47,2024-06-15,41.52,1514.43,2096.1,837.69,2503.67,6993.41,1,Promo modérée
47,2024-06-22,3832.15,1229.97,1949.99,3386.32,3923.03,14321.460000000001,1,Promo modérée
47,2024-06-29,2021.22,2039.25,2315.66,1770.06,3665.02,11811.210000000001,1,Promo modérée
47,2024-07-06,4349.35,1404.34,2384.05,3054.05,7326.9,18518.690000000002,1,Promo modérée
47,2024-07-13,1998.33,338.09,1158.81,383.7,3684.98,7563.91,1,Promo modérée
47,2024-07-20,3760.44,2299.48,857.7,3482.72,2559.51,12959.85,1,Promo modérée
47,2024-07-27,3766.48,1228.23,3467.41,1668.63,4052.74,14183.49,1,Promo modérée
47,2024-08-03,1784.12,567.74,3461.28,3441.57,3639.37,12894.079999999998,1,Promo modérée
47,2024-08-10,2047.82,58.43,2963.48,1465.68,2964.71,9500.119999999999,1,Promo modérée
47,2024-08-17,779.88,2673.25,726.25,1479.93,2372.34,8031.650000000001,1,Promo modérée
47,2024-08-24,4611.41,2586.27,3940.42,2083.83,1802.32,15024.25,1,Promo modérée
47,2024-08-31,3271.21,876.88,3568.55,1933.0,310.59,9960.23,1,Promo modérée
47,2024-09-07,8562.93,1331.38,2186.73,4903.27,8628.08,25612.39,1,Promo forte
47,2024-09-14,4457.55,834.22,2763.74,399.04,2772.94,11227.490000000002,1,Promo modérée
47,2024-09-21,3542.6,2571.47,2748.31,1830.02,3528.72,14221.119999999999,1,Promo modérée
47,2024-09-28,4944.83,1068.27,337.96,1062.16,447.47,7860.6900000000005,1,Promo modérée
47,2024-10-05,337.22,1689.32,175.31,3096.13,4146.22,9444.2,1,Promo modérée
47,2024-10-12,1225.7,2275.79,1719.92,3220.83,4390.61,12832.849999999999,1,Promo modérée
47,2024-10-19,3454.92,1822.13,2716.1,1363.1,4321.31,13677.560000000001,1,Promo modérée
47,2024-10-26,2724.0,27.03,1838.73,1032.24,910.62,6532.62,1,Promo modérée
47,2024-11-02,2494.37,2795.01,1756.9,1646.91,4236.11,12929.3,1,Promo modérée
47,2024-11-09,271.81,2971.2,3074.44,995.17,3423.85,10736.47,1,Promo modérée
47,2024-11-16,32.3,337.26,3539.18,3439.33,4029.17,11377.24,1,Promo modérée
47,2024-11-23,3750.36,6589.58,5508.32,2617.99,6179.37,24645.62,1,Promo forte
47,2024-11-30,2802.71,4881.13,1701.2,4066.03,6945.88,20396.95,1,Promo forte
47,2024-12-07,1713.77,1638.79,2052.61,656.08,3383.88,9445.130000000001,1,Promo modérée
47,2024-12-14,2160.93,2366.76,2855.03,1345.88,4029.81,12758.410000000002,1,Promo modérée
47,2024-12-21,3548.38,3704.2,104.19,2855.49,3276.26,13488.519999999999,1,Promo modérée
48,2022-01-01,4481.28,1066.3,2317.43,7501.3,5080.51,20446.82,1,Promo forte
48,2022-01-08,4328.09,2498.75,1471.55,2710.48,3385.12,14393.989999999998,1,Promo modérée
48,2022-01-15,1693.48,2438.15,2211.81,703.2,431.22,7477.860000000001,1,Promo modérée
48,2022-01-22,4120.78,1343.54,3462.63,1556.13,756.55,11239.630000000001,1,Promo modérée
48,2022-01-29,3284.58,674.7,1263.72,2083.74,378.58,7685.32,1,Promo modérée
48,2022-02-05,1104.03,2003.46,2216.12,601.77,3722.22,9647.599999999999,1,Promo modérée
48,2022-02-12,4840.19,1325.43,2912.89,1581.89,844.03,11504.43,1,Promo modérée
48,2022-02-19,1205.54,1372.34,3264.96,2147.72,291.01,8281.57,1,Promo modérée
48,2022-02-26,2780.81,1115.67,326.02,2955.51,3051.12,10229.130000000001,1,Promo modérée
48,2022-03-05,3437.67,1000.59,630.06,3171.93,470.93,8711.18,1,Promo modérée
48,2022-03-12,2544.12,563.99,3466.33,1405.2,69.42,8049.0599999999995,1,Promo modérée
48,2022-03-19,2055.7,1362.28,3439.42,2053.88,3012.13,11923.41,1,Promo modérée
48,2022-03-26,1716.52,644.52,813.56,3002.3,3737.66,9914.56,1,Promo modérée
48,2022-04-02,1242.84,1872.18,2170.96,919.35,4204.52,10409.85,1,Promo modérée
48,2022-04-09,4168.12,2374.3,3323.9,2233.52,3202.27,15302.11,1,Promo modérée
48,2022-04-16,4350.36,1688.8,704.26,495.99,2004.41,9243.82,1,Promo modérée
48,2022-04-23,308.1,2160.5,2075.85,2542.44,2179.27,9266.16,1,Promo modérée
48,2022-04-30,2911.87,621.47,1475.56,3047.02,943.2,8999.12,1,Promo modérée
48,2022-05-07,876.61,2075.91,3630.16,695.9,3028.29,10306.869999999999,1,Promo modérée
48,2022-05-14,4169.77,66.64,2268.25,1115.73,3966.12,11586.510000000002,1,Promo modérée
48,2022-05-21,4401.71,2178.84,432.7,363.72,3678.05,11055.02,1,Promo modérée
48,2022-05-28,563.53,1120.94,3580.91,2869.49,3244.54,11379.41,1,Promo modérée
48,2022-06-04,3869.29,935.93,2482.5,1266.42,379.78,8933.92,1,Promo modérée
48,2022-06-11,3094.28,304.15,349.87,3304.08,483.86,7536.24,1,Promo modérée
48,2022-06-18,555.6,2306.45,3123.15,3154.2,3175.45,12314.849999999999,1,Promo modérée
48,2022-06-25,2954.65,2175.6,721.78,1529.75,1944.47,9326.25,1,Promo modérée
48,2022-07-02,884.16,2165.96,6166.75,5224.04,6216.02,20656.93,1,Promo forte
48,2022-07-09,3271.68,1783.36,886.09,3200.05,4392.02,13533.2,1,Promo modérée
48,2022-07-16,1816.98,2928.4,2190.89,1962.2,4292.91,13191.380000000001,1,Promo modérée
48,2022-07-23,4318.26,2760.27,1977.14,330.92,2728.01,12114.6,1,Promo modérée
48,2022-07-30,3555.81,1288.13,3311.68,2452.92,554.22,11162.76,1,Promo modérée
48,2022-08-06,1700.91,988.38,457.95,748.38,3210.6,7106.219999999999,1,Promo modérée
48,2022-08-13,3972.17,2343.54,3392.0,2974.2,3055.78,15737.69,1,Promo modérée
48,2022-08-20,521.2,568.11,3113.15,3314.89,3031.36,10548.710000000001,1,Promo modérée
48,2022-08-27,4470.83,2394.14,3934.39,2895.45,1791.94,15486.749999999998,1,Promo modérée
48,2022-09-03,4258.42,191.06,461.27,5162.84,1133.18,11206.77,1,Promo modérée
48,2022-09-10,1265.36,1238.71,2918.23,3214.5,1306.35,9943.15,1,Promo modérée
48,2022-09-17,4698.65,2788.03,3033.91,1932.33,435.39,12888.31,1,Promo modérée
48,2022-09-24,1473.78,272.22,678.14,190.46,1874.4,4489.0,1,Promo faible
48,2022-10-01,1222.21,2107.17,3015.29,1900.88,3631.55,11877.099999999999,1,Promo modérée
48,2022-10-08,639.8,637.87,2234.77,3315.22,374.4,7202.0599999999995,1,Promo modérée
48,2022-10-15,2915.26,2481.05,2538.77,1720.84,1285.5,10941.42,1,Promo modérée
48,2022-10-22,3598.68,2883.13,480.94,2132.99,1076.35,10172.089999999998,1,Promo modérée
48,2022-10-29,4477.27,1607.06,2948.27,1482.27,831.97,11346.84,1,Promo modérée
48,2022-11-05,470.4,1191.04,2186.58,2484.5,2848.05,9180.57,1,Promo modérée
48,2022-11-12,3430.08,106.3,2134.0,2323.01,1858.23,9851.62,1,Promo modérée
48,2022-11-19,1995.27,1959.26,744.03,2922.16,2997.3,10618.02,1,Promo modérée
48,2022-11-26,777.57,2816.56,2302.42,6288.59,7452.2,19637.34,1,Promo modérée
48,2022-12-03,3390.29,93.35,3522.9,2396.71,3897.43,13300.68,1,Promo modérée
48,2022-12-10,923.55,331.98,60.17,1044.5,446.69,2806.89,1,Promo faible
48,2022-12-17,351.76,2178.36,2005.57,22.67,1436.48,5994.84,1,Promo modérée
48,2022-12-24,8560.63,518.42,3113.77,2296.12,1362.49,15851.429999999998,1,Promo modérée
48,2022-12-31,1588.24,3098.88,8586.07,1904.12,6960.28,22137.589999999997,1,Promo forte
48,2023-01-07,4761.79,1973.39,4804.87,1075.59,8062.88,20678.52,1,Promo forte
48,2023-01-14,3172.29,854.4,3226.83,2222.57,571.56,10047.65,1,Promo modérée
48,2023-01-21,182.17,1669.51,924.51,488.69,3480.76,6745.64,1,Promo modérée
48,2023-01-28,1804.81,2072.55,3022.17,2197.49,3550.9,12647.92,1,Promo modérée
48,2023-02-04,2163.17,1834.56,1511.59,834.59,1069.18,7413.09,1,Promo modérée
48,2023-02-11,2655.1,1102.61,3074.87,3227.08,1979.95,12039.61,1,Promo modérée
48,2023-02-18,4939.99,1752.97,1154.44,1970.29,4431.13,14248.82,1,Promo modérée
48,2023-02-25,4284.12,1833.49,3240.41,616.86,4086.16,14061.04,1,Promo modérée
48,2023-03-04,4811.13,235.49,581.63,3236.97,3195.79,12061.009999999998,1,Promo modérée
48,2023-03-11,1615.08,1082.25,2021.11,1929.31,3681.44,10329.19,1,Promo modérée
48,2023-03-18,3388.01,2604.07,2229.82,1822.95,3155.83,13200.68,1,Promo modérée
48,2023-03-25,3055.22,97.87,3063.29,1958.84,3031.44,11206.66,1,Promo modérée
48,2023-04-01,2965.71,1961.37,200.95,2596.48,3578.62,11303.130000000001,1,Promo modérée
48,2023-04-08,3775.34,2095.86,3702.43,1220.69,2835.62,13629.940000000002,1,Promo modérée
48,2023-04-15,422.44,295.36,2047.2,599.14,328.19,3692.33,1,Promo faible
48,2023-04-22,4362.75,1394.24,894.79,454.32,633.7,7739.799999999999,1,Promo modérée
48,2023-04-29,1973.34,371.45,1333.8,2940.61,3651.29,10270.490000000002,1,Promo modérée
48,2023-05-06,3217.96,1688.03,2608.27,187.94,4190.04,11892.24,1,Promo modérée
48,2023-05-13,362.66,2623.5,636.36,381.86,3505.37,7509.75,1,Promo modérée
48,2023-05-20,359.43,1025.93,1852.73,237.07,2609.29,6084.450000000001,1,Promo modérée
48,2023-05-27,3950.92,1004.9,2131.47,194.14,1452.0,8733.43,1,Promo modérée
48,2023-06-03,4500.79,843.11,3061.39,631.22,2355.37,11391.879999999997,1,Promo modérée
48,2023-06-10,4223.5,324.98,118.57,2831.64,1202.1,8700.789999999999,1,Promo modérée
48,2023-06-17,2761.15,877.21,1810.95,1358.69,3127.74,9935.74,1,Promo modérée
48,2023-06-24,2146.88,2555.4,947.9,3076.33,495.06,9221.57,1,Promo modérée
48,2023-07-01,3585.53,974.4,5562.58,7420.28,6515.28,24058.07,1,Promo forte
48,2023-07-08,2347.29,1079.95,2958.27,414.71,2397.56,9197.78,1,Promo modérée
48,2023-07-15,3862.93,850.01,1439.59,2589.69,1283.96,10026.18,1,Promo modérée
48,2023-07-22,2299.52,57.71,1625.52,1009.17,455.77,5447.6900000000005,1,Promo modérée
48,2023-07-29,4698.71,344.35,2282.04,291.51,120.63,7737.240000000001,1,Promo modérée
48,2023-08-05,450.84,1086.31,1887.18,1181.36,2593.12,7198.8099999999995,1,Promo modérée
48,2023-08-12,1878.27,2281.94,559.79,2999.62,1490.63,9210.25,1,Promo modérée
48,2023-08-19,1283.02,1817.28,735.85,2767.09,3201.05,9804.29,1,Promo modérée
48,2023-08-26,3438.23,1460.52,2036.95,2964.47,3475.44,13375.61,1,Promo modérée
48,2023-09-02,1667.66,4262.12,6085.33,7478.32,4511.47,24004.9,1,Promo forte
48,2023-09-09,3201.62,1357.11,2061.01,2959.29,4226.0,13805.029999999999,1,Promo modérée
48,2023-09-16,2465.8,2986.25,1413.91,2168.91,2956.64,11991.509999999998,1,Promo modérée
48,2023-09-23,3214.21,1231.45,1300.33,1912.51,1560.53,9219.03,1,Promo modérée
48,2023-09-30,413.92,2370.07,78.5,2097.71,3161.99,8122.1900000000005,1,Promo modérée
48,2023-10-07,3775.43,938.13,1342.23,2270.19,2059.52,10385.5,1,Promo modérée
48,2023-10-14,1029.8,190.22,474.5,1449.91,1347.07,4491.5,1,Promo faible
48,2023-10-21,3289.64,1717.52,3305.59,1057.99,611.2,9981.94,1,Promo modérée
48,2023-10-28,737.92,2959.54,3869.24,2303.18,966.68,10836.56,1,Promo modérée
48,2023-11-04,1592.37,2741.1,3594.23,1914.96,3080.57,12923.23,1,Promo modérée
48,2023-11-11,1614.19,1955.0,3826.51,705.42,1766.41,9867.53,1,Promo modérée
48,2023-11-18,4554.0,2514.16,3108.54,115.15,1829.23,12121.08,1,Promo modérée
48,2023-11-25,3955.58,457.43,6511.97,3221.05,2320.28,16466.309999999998,1,Promo modérée
48,2023-12-02,4653.22,1131.32,2337.89,1760.3,2966.42,12849.15,1,Promo modérée
48,2023-12-09,2414.15,708.08,1736.01,102.56,2823.98,7784.780000000001,1,Promo modérée
48,2023-12-16,1436.2,121.16,426.31,3193.62,3201.13,8378.42,1,Promo modérée
48,2023-12-23,9624.35,258.42,5742.14,4363.04,5397.64,25385.59,1,Promo forte
48,2023-12-30,9574.35,3193.76,6077.36,3199.85,3566.83,25612.15,1,Promo forte
48,2024-01-06,3964.0,2862.82,7224.94,3064.99,395.68,17512.43,1,Promo modérée
48,2024-01-13,4672.11,2575.6,1783.7,2484.61,683.32,12199.34,1,Promo modérée
48,2024-01-20,1163.82,2504.07,2288.71,2744.69,422.94,9124.230000000001,1,Promo modérée
48,2024-01-27,279.14,2172.85,411.91,3001.28,560.36,6425.54,1,Promo modérée
48,2024-02-03,2980.42,1715.83,1609.05,1888.21,531.86,8725.37,1,Promo modérée
48,2024-02-10,3069.68,771.89,889.32,1717.46,1203.12,7651.469999999999,1,Promo modérée
48,2024-02-17,4864.55,1762.37,3327.5,160.1,8.66,10123.18,1,Promo modérée
48,2024-02-24,696.79,2935.7,2118.8,359.11,1863.89,7974.29,1,Promo modérée
48,2024-03-02,1565.51,1543.02,1993.94,1635.0,2325.8,9063.27,1,Promo modérée
48,2024-03-09,1437.85,2033.14,1319.61,670.3,3480.98,8941.88,1,Promo modérée
48,2024-03-16,1297.98,1958.21,850.13,76.42,3665.72,7848.459999999999,1,Promo modérée
48,2024-03-23,4179.35,935.09,1881.81,1427.7,1980.46,10404.41,1,Promo modérée
48,2024-03-30,3374.2,252.61,244.73,2385.53,3124.3,9381.369999999999,1,Promo modérée
48,2024-04-06,3771.74,1235.66,1822.57,3045.75,114.39,9990.109999999999,1,Promo modérée
48,2024-04-13,3035.36,2027.02,643.01,1980.01,2092.1,9777.5,1,Promo modérée
48,2024-04-20,2452.84,2805.53,1247.55,130.72,2978.99,9615.630000000001,1,Promo modérée
48,2024-04-27,753.86,1367.13,3197.48,3000.86,3752.37,12071.7,1,Promo modérée
48,2024-05-04,4425.75,627.82,1755.06,2135.22,3444.08,12387.929999999998,1,Promo modérée
48,2024-05-11,1787.6,8.14,799.19,3393.43,1393.87,7382.2300000000005,1,Promo modérée
48,2024-05-18,2152.08,2513.96,2651.14,82.02,915.56,8314.76,1,Promo modérée
48,2024-05-25,4125.06,1421.51,2008.72,1495.86,1397.1,10448.250000000002,1,Promo modérée
48,2024-06-01,511.32,53.9,677.77,2663.57,1730.69,5637.25,1,Promo modérée
48,2024-06-08,4681.32,222.65,833.4,2504.44,4487.29,12729.099999999999,1,Promo modérée
48,2024-06-15,3154.16,1704.18,1168.82,2339.77,3278.03,11644.960000000001,1,Promo modérée
48,2024-06-22,641.25,218.15,3111.4,2366.95,2920.64,9258.39,1,Promo modérée
48,2024-06-29,2326.42,1538.53,3112.07,761.96,1953.38,9692.36,1,Promo modérée
48,2024-07-06,6445.04,1334.14,74.52,2431.44,4248.49,14533.630000000001,1,Promo modérée
48,2024-07-13,963.69,467.15,975.37,1258.89,2625.66,6290.76,1,Promo modérée
48,2024-07-20,2750.46,2475.52,2566.36,3235.93,3154.16,14182.43,1,Promo modérée
48,2024-07-27,948.38,649.32,2968.18,1351.2,1460.43,7377.51,1,Promo modérée
48,2024-08-03,2514.21,23.16,261.12,948.52,626.34,4373.349999999999,1,Promo faible
48,2024-08-10,1198.14,2907.24,3452.75,2605.89,1544.11,11708.130000000001,1,Promo modérée
48,2024-08-17,603.2,2004.32,929.61,2373.04,2467.36,8377.53,1,Promo modérée
48,2024-08-24,3265.63,2586.16,2563.83,492.5,1163.02,10071.14,1,Promo modérée
48,2024-08-31,4153.37,1533.86,1857.37,1228.1,3051.91,11824.609999999999,1,Promo modérée
48,2024-09-07,6428.26,2589.73,1028.51,1241.2,6501.71,17789.41,1,Promo modérée
48,2024-09-14,2988.24,1403.07,2.95,2700.15,640.43,7734.84,1,Promo modérée
48,2024-09-21,771.36,2332.91,153.23,3224.79,907.14,7389.43,1,Promo modérée
48,2024-09-28,3294.12,2096.43,1403.44,2331.03,1928.26,11053.28,1,Promo modérée
48,2024-10-05,4335.71,611.18,1666.13,1627.07,2470.15,10710.24,1,Promo modérée
48,2024-10-12,4483.14,2552.74,2169.03,961.56,933.7,11100.17,1,Promo modérée
48,2024-10-19,4672.5,2388.84,3636.18,1747.79,174.98,12620.29,1,Promo modérée
48,2024-10-26,830.72,2551.49,3939.98,58.25,402.41,7782.85,1,Promo modérée
48,2024-11-02,342.55,1634.65,1346.13,3377.89,2138.76,8839.98,1,Promo modérée
48,2024-11-09,4434.78,1633.81,3296.56,992.35,501.72,10859.22,1,Promo modérée
48,2024-11-16,968.08,1912.84,787.74,1996.01,460.31,6124.9800000000005,1,Promo modérée
48,2024-11-23,3082.04,912.68,4606.41,783.35,8610.29,17994.77,1,Promo modérée
48,2024-11-30,4364.3,1009.79,1162.55,5693.96,2179.76,14410.36,1,Promo modérée
48,2024-12-07,3227.51,943.81,3409.87,1088.19,4372.07,13041.449999999999,1,Promo modérée
48,2024-12-14,980.66,295.11,2935.82,925.91,2877.63,8015.13,1,Promo modérée
48,2024-12-21,555.1,196.05,913.35,2919.73,9577.02,14161.25,1,Promo modérée
49,2022-01-01,10685.86,5454.58,4422.14,1766.97,5923.83,28253.380000000005,1,Promo forte
49,2022-01-08,2541.2,1827.66,1805.63,1555.51,4118.15,11848.15,1,Promo modérée
49,2022-01-15,2855.46,2298.48,2910.53,2479.92,3960.98,14505.37,1,Promo modérée
49,2022-01-22,4554.47,2472.81,296.34,2699.48,2250.51,12273.61,1,Promo modérée
49,2022-01-29,2151.05,1775.75,608.42,1802.79,2175.63,8513.64,1,Promo modérée
49,2022-02-05,3161.16,2508.57,2702.5,1627.67,2870.23,12870.13,1,Promo modérée
49,2022-02-12,2196.32,2212.8,3745.38,1361.36,389.02,9904.880000000001,1,Promo modérée
49,2022-02-19,256.92,1074.63,2677.38,626.31,2674.97,7310.209999999999,1,Promo modérée
49,2022-02-26,1741.98,2902.03,771.02,1588.74,1503.8,8507.57,1,Promo modérée
49,2022-03-05,872.22,1870.63,3769.26,3334.26,2701.91,12548.28,1,Promo modérée
49,2022-03-12,387.97,2368.41,491.94,1043.65,2549.81,6841.780000000001,1,Promo modérée
49,2022-03-19,2654.65,72.03,2964.31,1828.01,4260.15,11779.15,1,Promo modérée
49,2022-03-26,1742.43,1074.07,1723.34,73.52,3810.41,8423.77,1,Promo modérée
49,2022-04-02,4039.07,1838.96,1225.41,2148.59,2279.91,11531.94,1,Promo modérée
49,2022-04-09,1721.41,1677.86,2352.97,593.41,335.38,6681.03,1,Promo modérée
49,2022-04-16,2247.57,1182.2,3373.28,2175.31,2907.45,11885.810000000001,1,Promo modérée
49,2022-04-23,235.87,346.31,326.1,1545.03,3137.96,5591.27,1,Promo modérée
49,2022-04-30,3613.37,22.06,1249.37,2174.31,3920.18,10979.289999999999,1,Promo modérée
49,2022-05-07,4066.98,2316.2,3903.41,367.28,1533.17,12187.04,1,Promo modérée
49,2022-05-14,2107.76,1806.45,2635.81,359.26,4144.83,11054.11,1,Promo modérée
49,2022-05-21,2230.13,2084.88,638.41,892.45,4327.08,10172.95,1,Promo modérée
49,2022-05-28,2750.31,1097.32,1449.7,2222.74,1133.28,8653.35,1,Promo modérée
49,2022-06-04,1151.31,1977.03,3230.76,3012.68,2539.27,11911.050000000001,1,Promo modérée
49,2022-06-11,369.62,1809.05,2358.77,1087.46,159.58,5784.4800000000005,1,Promo modérée
49,2022-06-18,4699.92,197.8,2315.15,1151.13,3012.38,11376.380000000001,1,Promo modérée
49,2022-06-25,3035.28,2274.71,3459.55,2812.14,1470.18,13051.86,1,Promo modérée
49,2022-07-02,6294.87,4573.3,3746.96,6028.89,9161.02,29805.04,1,Promo forte
49,2022-07-09,1706.52,2356.39,3304.57,1161.95,3070.23,11599.66,1,Promo modérée
49,2022-07-16,3101.42,1140.38,47.33,320.73,1045.42,5655.280000000001,1,Promo modérée
49,2022-07-23,735.12,2585.46,1516.94,1181.18,2814.88,8833.580000000002,1,Promo modérée
49,2022-07-30,3115.51,1891.68,2224.24,3282.38,4223.66,14737.470000000001,1,Promo modérée
49,2022-08-06,2089.84,1047.08,3282.47,1319.04,1823.54,9561.97,1,Promo modérée
49,2022-08-13,2241.05,2244.41,1111.09,602.0,3163.32,9361.87,1,Promo modérée
49,2022-08-20,761.96,1280.11,1914.12,2680.92,878.35,7515.46,1,Promo modérée
49,2022-08-27,2285.96,1614.81,2999.26,939.06,2731.34,10570.43,1,Promo modérée
49,2022-09-03,5710.39,479.63,5953.81,5037.43,8675.6,25856.86,1,Promo forte
49,2022-09-10,861.27,186.64,1710.87,1639.06,2900.13,7297.97,1,Promo modérée
49,2022-09-17,146.82,2545.21,2519.22,653.24,1134.3,6998.79,1,Promo modérée
49,2022-09-24,2746.52,1747.61,2234.71,255.17,1850.64,8834.65,1,Promo modérée
49,2022-10-01,2418.44,2757.85,2445.82,1362.0,4106.6,13090.710000000001,1,Promo modérée
49,2022-10-08,2705.24,1295.24,781.62,1345.54,2840.56,8968.199999999999,1,Promo modérée
49,2022-10-15,914.96,2552.42,740.95,2314.13,532.62,7055.08,1,Promo modérée
49,2022-10-22,838.6,1785.65,3287.46,2498.64,4425.06,12835.41,1,Promo modérée
49,2022-10-29,2327.47,2302.31,730.19,2374.67,628.51,8363.15,1,Promo modérée
49,2022-11-05,4319.33,99.0,1194.17,1984.19,960.48,8557.17,1,Promo modérée
49,2022-11-12,3605.61,2863.1,3327.74,1919.97,1911.98,13628.4,1,Promo modérée
49,2022-11-19,3008.56,2920.51,3433.16,1926.56,4152.76,15441.55,1,Promo modérée
49,2022-11-26,2728.55,6263.61,149.52,5250.14,1485.56,15877.38,1,Promo modérée
49,2022-12-03,3841.33,361.44,386.24,2976.95,1015.98,8581.939999999999,1,Promo modérée
49,2022-12-10,4198.59,162.73,1792.39,3184.54,66.41,9404.66,1,Promo modérée
49,2022-12-17,2539.11,2580.76,3829.56,1792.81,2296.62,13038.86,1,Promo modérée
49,2022-12-24,19.73,4129.4,3005.07,3065.49,2192.23,12411.919999999998,1,Promo modérée
49,2022-12-31,623.48,3340.87,6425.42,5116.57,8554.74,24061.08,1,Promo forte
49,2023-01-07,1109.71,1581.64,3120.4,4163.78,4045.26,14020.789999999999,1,Promo modérée
49,2023-01-14,571.37,2693.87,568.39,3470.29,1924.88,9228.8,1,Promo modérée
49,2023-01-21,3145.72,2185.09,3781.29,1431.92,3175.98,13719.999999999998,1,Promo modérée
49,2023-01-28,67.09,1677.24,3460.36,2852.21,3650.62,11707.52,1,Promo modérée
49,2023-02-04,669.21,375.99,1414.7,330.87,1484.03,4274.8,1,Promo faible
49,2023-02-11,2182.03,2829.17,1044.58,3438.04,3876.98,13370.8,1,Promo modérée
49,2023-02-18,4095.24,274.09,339.11,1251.62,3172.17,9132.23,1,Promo modérée
49,2023-02-25,2806.14,2147.36,1093.12,1018.93,2106.8,9172.35,1,Promo modérée
49,2023-03-04,2435.54,1625.77,2597.66,2161.98,1676.33,10497.279999999999,1,Promo modérée
49,2023-03-11,671.75,17.77,118.71,3036.31,2060.22,5904.76,1,Promo modérée
49,2023-03-18,2695.34,2524.6,3974.87,2490.87,2888.25,14573.93,1,Promo modérée
49,2023-03-25,2572.16,2348.19,725.83,2630.08,41.22,8317.48,1,Promo modérée
49,2023-04-01,2651.99,1941.87,2066.67,1665.43,3787.32,12113.279999999999,1,Promo modérée
49,2023-04-08,4817.98,171.29,1688.03,2806.9,1663.61,11147.81,1,Promo modérée
49,2023-04-15,4142.94,1939.37,3347.68,2119.8,3645.94,15195.730000000001,1,Promo modérée
49,2023-04-22,2326.14,1498.76,2487.69,1537.54,1461.21,9311.34,1,Promo modérée
49,2023-04-29,2087.58,572.09,3289.36,2392.23,1544.24,9885.5,1,Promo modérée
49,2023-05-06,4964.49,413.65,308.75,1823.47,2107.93,9618.289999999999,1,Promo modérée
49,2023-05-13,3539.21,2743.58,1330.0,1082.82,2084.32,10779.93,1,Promo modérée
49,2023-05-20,2275.65,2716.56,16.12,2199.45,3957.0,11164.779999999999,1,Promo modérée
49,2023-05-27,4526.72,2412.05,445.56,2907.1,2439.82,12731.25,1,Promo modérée
49,2023-06-03,3180.9,2298.62,3322.73,2321.24,4453.42,15576.91,1,Promo modérée
49,2023-06-10,1811.68,1319.15,3845.6,257.36,2243.0,9476.79,1,Promo modérée
49,2023-06-17,1973.71,276.54,1506.88,2831.61,618.64,7207.38,1,Promo modérée
49,2023-06-24,1787.61,1441.06,746.63,2504.24,807.94,7287.48,1,Promo modérée
49,2023-07-01,8503.0,4904.72,7550.75,706.99,7187.84,28853.300000000003,1,Promo forte
49,2023-07-08,3695.56,417.86,1311.69,1679.77,2222.6,9327.480000000001,1,Promo modérée
49,2023-07-15,1990.36,2630.13,878.44,424.83,1077.31,7001.07,1,Promo modérée
49,2023-07-22,3480.26,1335.63,894.29,1533.34,2131.92,9375.44,1,Promo modérée
49,2023-07-29,724.99,1153.13,3169.25,1475.68,448.8,6971.85,1,Promo modérée
49,2023-08-05,2668.56,2238.24,2582.37,1834.35,966.64,10290.159999999998,1,Promo modérée
49,2023-08-12,478.43,1495.96,1310.12,1826.8,2039.02,7150.33,1,Promo modérée
49,2023-08-19,1042.17,2705.41,437.82,2567.02,3053.02,9805.44,1,Promo modérée
49,2023-08-26,1385.01,1577.08,3889.33,2137.72,1333.45,10322.59,1,Promo modérée
49,2023-09-02,9542.07,968.95,6907.48,7256.59,3137.39,27812.48,1,Promo forte
49,2023-09-09,1955.61,1162.02,1066.72,574.21,2289.56,7048.120000000001,1,Promo modérée
49,2023-09-16,4657.97,1321.13,1465.86,804.49,1358.42,9607.87,1,Promo modérée
49,2023-09-23,2255.51,510.61,3708.83,2469.1,1951.13,10895.18,1,Promo modérée
49,2023-09-30,166.97,820.96,2488.38,1707.73,1327.82,6511.860000000001,1,Promo modérée
49,2023-10-07,2969.07,1271.04,3052.15,705.66,1215.4,9213.32,1,Promo modérée
49,2023-10-14,4950.43,1781.59,277.85,1609.8,3953.26,12572.93,1,Promo modérée
49,2023-10-21,17.85,1848.76,2809.78,459.24,750.76,5886.39,1,Promo modérée
49,2023-10-28,4460.57,1304.98,3192.29,1385.95,3313.72,13657.51,1,Promo modérée
49,2023-11-04,2608.78,1946.61,1226.8,2249.31,634.66,8666.16,1,Promo modérée
49,2023-11-11,1705.34,982.3,3864.18,682.44,3253.31,10487.57,1,Promo modérée
49,2023-11-18,4395.54,1648.5,608.92,775.11,908.18,8336.25,1,Promo modérée
49,2023-11-25,2623.28,3938.9,7614.85,2290.6,3787.02,20254.65,1,Promo forte
49,2023-12-02,4216.38,2752.73,3601.9,1890.56,835.64,13297.21,1,Promo modérée
49,2023-12-09,4678.64,786.75,345.39,2787.02,3957.23,12555.03,1,Promo modérée
49,2023-12-16,2195.57,704.44,1847.69,1709.71,2061.42,8518.830000000002,1,Promo modérée
49,2023-12-23,4052.41,463.2,2830.35,1539.33,2879.32,11764.609999999999,1,Promo modérée
49,2023-12-30,8109.17,6236.59,6617.97,3626.35,5953.48,30543.559999999998,1,Promo forte
49,2024-01-06,8064.01,5670.86,8471.36,2708.8,9478.23,34393.259999999995,1,Promo forte
49,2024-01-13,170.06,1594.51,2339.27,882.81,4229.46,9216.11,1,Promo modérée
49,2024-01-20,2366.17,2503.6,552.72,1718.45,3513.43,10654.37,1,Promo modérée
49,2024-01-27,3523.34,2627.7,1443.25,1227.11,1443.89,10265.289999999999,1,Promo modérée
49,2024-02-03,3130.54,2987.87,1181.47,2221.75,4079.81,13601.44,1,Promo modérée
49,2024-02-10,4734.84,1523.95,1830.83,3023.82,1910.69,13024.130000000001,1,Promo modérée
49,2024-02-17,442.26,2655.48,724.88,217.76,2620.39,6660.77,1,Promo modérée
49,2024-02-24,104.57,139.24,3772.59,1861.49,1798.74,7676.63,1,Promo modérée
49,2024-03-02,1299.71,1101.78,3739.99,910.99,2977.14,10029.609999999999,1,Promo modérée
49,2024-03-09,509.56,2534.15,3846.77,237.91,345.81,7474.2,1,Promo modérée
49,2024-03-16,3986.1,447.25,151.34,3112.06,2112.93,9809.68,1,Promo modérée
49,2024-03-23,850.72,762.12,3623.23,743.15,1048.37,7027.589999999999,1,Promo modérée
49,2024-03-30,1995.07,2596.86,3358.79,3170.73,3789.23,14910.68,1,Promo modérée
49,2024-04-06,3418.09,2769.39,2667.64,727.82,4250.99,13833.929999999998,1,Promo modérée
49,2024-04-13,110.56,760.85,3826.29,1010.11,3472.32,9180.13,1,Promo modérée
49,2024-04-20,1198.13,172.57,3026.23,236.75,3248.09,7881.77,1,Promo modérée
49,2024-04-27,3070.86,222.89,2955.76,1361.6,580.11,8191.22,1,Promo modérée
49,2024-05-04,690.14,756.29,2898.6,2751.31,185.92,7282.26,1,Promo modérée
49,2024-05-11,615.29,1427.87,3084.21,1823.91,93.03,7044.3099999999995,1,Promo modérée
49,2024-05-18,4826.69,1794.49,2529.92,1820.81,1399.52,12371.429999999998,1,Promo modérée
49,2024-05-25,1838.31,1750.94,2513.97,2340.15,3151.42,11594.789999999999,1,Promo modérée
49,2024-06-01,350.7,2014.61,1094.66,697.04,2163.0,6320.01,1,Promo modérée
49,2024-06-08,4301.07,716.58,3034.87,1992.54,317.34,10362.4,1,Promo modérée
49,2024-06-15,1681.35,2791.04,2853.39,3247.2,446.7,11019.68,1,Promo modérée
49,2024-06-22,1074.02,2953.38,2173.66,1103.41,2990.23,10294.699999999999,1,Promo modérée
49,2024-06-29,2001.59,1980.18,2842.16,608.36,3951.72,11384.01,1,Promo modérée
49,2024-07-06,1986.03,613.92,8274.56,6556.51,898.72,18329.739999999998,1,Promo modérée
49,2024-07-13,2200.15,60.11,1294.88,2451.23,1027.93,7034.300000000001,1,Promo modérée
49,2024-07-20,1919.46,1623.45,923.49,2026.32,3288.15,9780.869999999999,1,Promo modérée
49,2024-07-27,1465.76,1355.06,1163.31,1056.56,2747.85,7788.539999999999,1,Promo modérée
49,2024-08-03,756.76,1878.57,2329.6,3034.31,4031.5,12030.74,1,Promo modérée
49,2024-08-10,3013.84,418.03,735.86,3190.01,4303.4,11661.14,1,Promo modérée
49,2024-08-17,2244.5,2756.4,30.13,2941.7,1334.59,9307.32,1,Promo modérée
49,2024-08-24,906.34,1991.76,3593.35,3153.68,4023.54,13668.669999999998,1,Promo modérée
49,2024-08-31,1419.27,855.68,151.3,1860.15,1389.42,5675.82,1,Promo modérée
49,2024-09-07,5680.42,3675.78,478.09,4002.82,6609.36,20446.47,1,Promo forte
49,2024-09-14,1801.58,2466.9,1314.94,2621.95,4265.23,12470.599999999999,1,Promo modérée
49,2024-09-21,3333.17,1566.95,3095.65,2974.73,4272.88,15243.380000000001,1,Promo modérée
49,2024-09-28,2438.28,2827.34,2938.71,1932.17,1607.79,11744.29,1,Promo modérée
49,2024-10-05,2491.02,1871.56,2130.46,1390.76,2993.77,10877.57,1,Promo modérée
49,2024-10-12,2737.99,2243.25,2340.98,3074.57,1287.87,11684.66,1,Promo modérée
49,2024-10-19,2651.83,385.18,3989.41,2701.72,1802.83,11530.97,1,Promo modérée
49,2024-10-26,1748.33,2933.12,1207.19,2019.31,3153.0,11060.949999999999,1,Promo modérée
49,2024-11-02,899.37,2624.96,886.4,121.6,175.23,4707.5599999999995,1,Promo faible
49,2024-11-09,487.31,2005.5,1199.26,1969.0,331.63,5992.7,1,Promo modérée
49,2024-11-16,4939.54,2223.12,1771.22,534.2,215.43,9683.51,1,Promo modérée
49,2024-11-23,9676.31,4947.79,752.03,5791.53,2641.46,23809.12,1,Promo forte
49,2024-11-30,601.39,5128.08,6247.66,1356.53,6777.22,20110.88,1,Promo forte
49,2024-12-07,326.98,2972.92,1424.37,1331.67,381.38,6437.320000000001,1,Promo modérée
49,2024-12-14,2918.24,2591.68,3991.22,1346.71,1760.51,12608.359999999999,1,Promo modérée
49,2024-12-21,7915.69,6507.18,5163.58,5270.02,7808.6,32665.07,1,Promo forte
50,2022-01-01,7368.69,1547.73,4733.5,2163.39,1034.91,16848.22,1,Promo modérée
50,2022-01-08,1604.89,2578.17,3641.53,1873.14,2206.63,11904.36,1,Promo modérée
50,2022-01-15,1193.73,816.44,2593.65,1129.96,1598.93,7332.71,1,Promo modérée
50,2022-01-22,620.68,432.85,3771.49,712.32,94.05,5631.389999999999,1,Promo modérée
50,2022-01-29,4588.33,2323.26,2387.17,1586.4,645.89,11531.05,1,Promo modérée
50,2022-02-05,4675.95,1978.56,3940.01,655.37,3291.26,14541.150000000001,1,Promo modérée
50,2022-02-12,3815.33,429.37,2532.78,221.17,166.04,7164.69,1,Promo modérée
50,2022-02-19,3421.7,1934.18,294.53,2373.42,2967.9,10991.73,1,Promo modérée
50,2022-02-26,4900.05,2255.53,1434.73,500.84,3690.63,12781.779999999999,1,Promo modérée
50,2022-03-05,1466.66,2888.95,2829.32,1871.96,1482.66,10539.55,1,Promo modérée
50,2022-03-12,3486.22,1744.34,3400.3,2186.69,658.25,11475.800000000001,1,Promo modérée
50,2022-03-19,1772.97,45.96,1326.82,92.19,3927.92,7165.860000000001,1,Promo modérée
50,2022-03-26,2514.64,2651.17,1193.66,782.31,1845.1,8986.88,1,Promo modérée
50,2022-04-02,2756.7,2124.5,2146.7,247.02,1777.36,9052.28,1,Promo modérée
50,2022-04-09,334.26,1217.86,1213.89,912.41,951.28,4629.7,1,Promo faible
50,2022-04-16,4002.37,44.21,445.82,1023.62,2897.55,8413.57,1,Promo modérée
50,2022-04-23,2045.68,2098.53,2192.11,615.69,3152.59,10104.6,1,Promo modérée
50,2022-04-30,2024.35,901.54,217.92,281.48,775.29,4200.58,1,Promo faible
50,2022-05-07,3601.11,631.13,170.21,926.18,3769.06,9097.69,1,Promo modérée
50,2022-05-14,4713.8,1153.1,2307.67,1583.0,4379.99,14137.56,1,Promo modérée
50,2022-05-21,3158.73,871.19,2698.58,2017.84,1957.92,10704.26,1,Promo modérée
50,2022-05-28,59.79,254.39,3798.74,2442.05,2849.93,9404.9,1,Promo modérée
50,2022-06-04,3171.91,508.65,1782.01,1983.65,4319.82,11766.039999999999,1,Promo modérée
50,2022-06-11,1919.34,1772.73,3133.23,2231.54,837.59,9894.43,1,Promo modérée
50,2022-06-18,2612.07,2018.93,1871.89,1579.72,3607.12,11689.73,1,Promo modérée
50,2022-06-25,1629.98,110.49,3357.88,2644.71,3076.54,10819.6,1,Promo modérée
50,2022-07-02,2194.52,1437.75,8453.16,3981.06,4419.22,20485.71,1,Promo forte
50,2022-07-09,616.67,1562.18,3695.0,3351.39,4479.82,13705.06,1,Promo modérée
50,2022-07-16,4031.2,2506.07,79.17,3299.76,3703.43,13619.630000000001,1,Promo modérée
50,2022-07-23,2993.25,1628.79,846.43,2965.95,3977.42,12411.84,1,Promo modérée
50,2022-07-30,4276.15,2253.91,1822.37,2540.92,324.56,11217.91,1,Promo modérée
50,2022-08-06,2388.14,178.65,1927.44,219.64,1557.15,6271.02,1,Promo modérée
50,2022-08-13,539.54,1583.21,1628.4,2939.53,3716.66,10407.34,1,Promo modérée
50,2022-08-20,3436.86,1589.36,2497.22,2428.01,4132.63,14084.080000000002,1,Promo modérée
50,2022-08-27,3518.15,2080.18,92.42,1677.9,2819.25,10187.9,1,Promo modérée
50,2022-09-03,484.88,3428.16,947.91,3269.04,2677.09,10807.08,1,Promo modérée
50,2022-09-10,1596.47,551.7,3980.59,113.27,2436.1,8678.130000000001,1,Promo modérée
50,2022-09-17,2990.19,2924.9,3393.81,1587.24,2148.34,13044.48,1,Promo modérée
50,2022-09-24,2371.05,135.21,480.53,766.65,4457.86,8211.3,1,Promo modérée
50,2022-10-01,3244.99,13.69,3951.57,2193.73,4447.11,13851.09,1,Promo modérée
50,2022-10-08,4249.46,1347.0,1883.74,1259.87,1946.95,10687.02,1,Promo modérée
50,2022-10-15,1955.83,1016.88,1974.1,540.36,3411.13,8898.3,1,Promo modérée
50,2022-10-22,170.2,589.55,3564.37,1333.66,4429.58,10087.36,1,Promo modérée
50,2022-10-29,4037.57,1883.52,3855.79,2415.38,221.18,12413.440000000002,1,Promo modérée
50,2022-11-05,2967.57,557.87,978.5,1920.05,3136.43,9560.42,1,Promo modérée
50,2022-11-12,27.36,1538.31,14.26,2077.14,139.08,3796.1499999999996,1,Promo faible
50,2022-11-19,1177.11,1620.16,3453.8,1882.21,1767.48,9900.76,1,Promo modérée
50,2022-11-26,4569.21,3699.89,6920.15,4080.95,9169.11,28439.31,1,Promo forte
50,2022-12-03,4077.29,1758.65,3784.69,2635.07,2023.49,14279.19,1,Promo modérée
50,2022-12-10,4328.12,1256.83,2740.68,535.71,3730.33,12591.67,1,Promo modérée
50,2022-12-17,2761.33,2666.4,3867.66,1286.25,1492.8,12074.439999999999,1,Promo modérée
50,2022-12-24,972.85,4264.95,2419.64,705.17,4095.27,12457.880000000001,1,Promo modérée
50,2022-12-31,1862.44,4024.03,7987.4,1489.28,9788.25,25151.4,1,Promo forte
50,2023-01-07,7377.46,3231.41,5663.04,272.34,3466.78,20011.03,1,Promo forte
50,2023-01-14,187.06,2565.95,676.26,3210.68,4260.57,10900.519999999999,1,Promo modérée
50,2023-01-21,1162.23,1147.32,1670.14,2960.37,616.13,7556.1900000000005,1,Promo modérée
50,2023-01-28,4889.73,46.9,958.21,1600.62,1153.46,8648.919999999998,1,Promo modérée
50,2023-02-04,2280.19,2939.31,498.44,2960.81,172.99,8851.74,1,Promo modérée
50,2023-02-11,2205.28,2687.01,3543.48,86.56,3919.58,12441.91,1,Promo modérée
50,2023-02-18,3611.02,826.07,2235.36,2410.85,2746.83,11830.130000000001,1,Promo modérée
50,2023-02-25,4276.73,2538.02,22.72,2943.03,679.45,10459.95,1,Promo modérée
50,2023-03-04,4133.23,2828.24,3810.78,321.43,4137.21,15230.89,1,Promo modérée
50,2023-03-11,2283.7,1575.34,2738.01,3306.45,4004.14,13907.64,1,Promo modérée
50,2023-03-18,1445.87,2240.24,3343.95,1119.41,3807.57,11957.039999999999,1,Promo modérée
50,2023-03-25,2805.16,1329.34,406.86,4.79,4217.63,8763.779999999999,1,Promo modérée
50,2023-04-01,612.91,2405.74,2905.57,1152.89,3103.21,10180.32,1,Promo modérée
50,2023-04-08,2637.27,699.66,2912.04,612.03,1536.54,8397.539999999999,1,Promo modérée
50,2023-04-15,3536.15,427.11,2264.2,1739.08,2675.27,10641.81,1,Promo modérée
50,2023-04-22,631.37,1968.32,2808.49,1920.33,2263.18,9591.69,1,Promo modérée
50,2023-04-29,4286.85,268.62,2113.48,1701.26,1703.17,10073.380000000001,1,Promo modérée
50,2023-05-06,2580.56,637.32,830.39,2265.21,417.27,6730.75,1,Promo modérée
50,2023-05-13,3343.15,424.93,1249.85,1955.65,1472.53,8446.11,1,Promo modérée
50,2023-05-20,1178.24,1591.66,1714.09,1993.3,2241.41,8718.7,1,Promo modérée
50,2023-05-27,4921.7,2598.22,1455.67,3131.75,3017.46,15124.8,1,Promo modérée
50,2023-06-03,2088.8,2396.15,1467.71,2572.78,1959.89,10485.33,1,Promo modérée
50,2023-06-10,2543.4,1908.22,1621.05,2260.56,3194.33,11527.56,1,Promo modérée
50,2023-06-17,3902.89,2294.59,3563.73,2911.8,3230.35,15903.359999999999,1,Promo modérée
50,2023-06-24,3909.05,2847.63,931.85,168.82,325.78,8183.13,1,Promo modérée
50,2023-07-01,9537.48,5791.64,3667.39,3813.52,3200.16,26010.19,1,Promo forte
50,2023-07-08,851.73,1210.2,3404.76,2290.8,2982.38,10739.87,1,Promo modérée
50,2023-07-15,1729.63,924.13,422.62,607.98,4303.56,7987.92,1,Promo modérée
50,2023-07-22,551.31,2222.72,3729.59,2049.03,2763.71,11316.36,1,Promo modérée
50,2023-07-29,4227.4,1837.23,1462.94,3090.71,4483.11,15101.39,1,Promo modérée
50,2023-08-05,208.78,2766.56,3037.59,187.07,2850.91,9050.91,1,Promo modérée
50,2023-08-12,4147.04,1717.24,3091.47,2360.86,1954.78,13271.390000000001,1,Promo modérée
50,2023-08-19,3815.31,2662.23,2444.18,3297.69,2509.7,14729.11,1,Promo modérée
50,2023-08-26,2303.8,261.33,502.81,400.61,1690.2,5158.75,1,Promo modérée
50,2023-09-02,6697.4,3935.95,7840.13,3128.57,617.21,22219.26,1,Promo forte
50,2023-09-09,3917.06,2195.9,919.41,1929.3,3556.48,12518.15,1,Promo modérée
50,2023-09-16,3994.84,452.98,1850.97,1066.23,1806.45,9171.470000000001,1,Promo modérée
50,2023-09-23,651.34,2523.86,79.74,708.42,4301.51,8264.87,1,Promo modérée
50,2023-09-30,2828.82,1015.74,835.88,3495.11,1534.97,9710.52,1,Promo modérée
50,2023-10-07,4880.78,2173.7,2333.1,2426.48,1620.62,13434.68,1,Promo modérée
50,2023-10-14,1255.43,2390.42,608.63,760.87,3388.92,8404.27,1,Promo modérée
50,2023-10-21,365.41,499.08,3010.11,2964.48,1723.75,8562.83,1,Promo modérée
50,2023-10-28,851.37,258.5,3141.89,2153.94,2406.7,8812.400000000001,1,Promo modérée
50,2023-11-04,1171.14,2523.79,658.49,1869.02,3117.03,9339.470000000001,1,Promo modérée
50,2023-11-11,1826.96,1882.31,2787.87,2066.14,4063.51,12626.789999999999,1,Promo modérée
50,2023-11-18,2650.82,1746.84,1291.14,2528.89,441.57,8659.26,1,Promo modérée
50,2023-11-25,4266.88,5313.35,277.82,3603.02,2515.69,15976.76,1,Promo modérée
50,2023-12-02,1648.5,977.62,2712.7,3374.84,936.65,9650.31,1,Promo modérée
50,2023-12-09,2250.23,1495.93,3520.92,310.12,3736.27,11313.47,1,Promo modérée
50,2023-12-16,2960.21,2185.13,1259.85,1375.36,4111.4,11891.95,1,Promo modérée
50,2023-12-23,6459.31,3927.52,8481.47,5782.02,6487.88,31138.2,1,Promo forte
50,2023-12-30,7849.13,264.53,4743.16,6873.65,512.63,20243.100000000002,1,Promo forte
50,2024-01-06,331.88,11.33,7888.54,5764.05,2865.77,16861.57,1,Promo modérée
50,2024-01-13,802.79,2044.39,3995.56,2758.1,2009.4,11610.24,1,Promo modérée
50,2024-01-20,4420.52,1771.68,2032.6,797.09,3755.06,12776.95,1,Promo modérée
50,2024-01-27,4926.01,1482.0,3262.97,2904.06,4416.8,16991.84,1,Promo modérée
50,2024-02-03,3038.2,2465.14,3655.15,1833.44,1880.37,12872.3,1,Promo modérée
50,2024-02-10,4205.64,762.94,2285.83,87.62,3589.9,10931.93,1,Promo modérée
50,2024-02-17,3979.07,600.86,1577.66,1984.07,1620.13,9761.79,1,Promo modérée
50,2024-02-24,857.52,1447.15,2241.51,3307.73,352.16,8206.07,1,Promo modérée
50,2024-03-02,4943.51,2422.9,251.8,749.39,2468.45,10836.05,1,Promo modérée
50,2024-03-09,1742.43,529.16,135.12,1136.68,1920.95,5464.34,1,Promo modérée
50,2024-03-16,1168.67,2853.5,2590.19,2372.66,2390.51,11375.53,1,Promo modérée
50,2024-03-23,1064.47,1715.29,2117.3,2245.79,2645.05,9787.900000000001,1,Promo modérée
50,2024-03-30,1499.67,247.27,508.89,2919.34,546.1,5721.27,1,Promo modérée
50,2024-04-06,3993.93,2976.99,3744.13,172.64,1158.79,12046.48,1,Promo modérée
50,2024-04-13,3297.96,893.88,2327.76,178.1,2160.82,8858.52,1,Promo modérée
50,2024-04-20,4409.62,2664.39,1584.43,907.06,442.86,10008.36,1,Promo modérée
50,2024-04-27,2773.62,485.78,3845.35,2564.15,210.54,9879.44,1,Promo modérée
50,2024-05-04,3589.9,2156.22,181.3,2058.45,4324.1,12309.970000000001,1,Promo modérée
50,2024-05-11,2477.43,2771.84,1521.12,3441.96,2444.07,12656.42,1,Promo modérée
50,2024-05-18,3461.55,1550.71,2951.7,2737.92,4191.13,14893.010000000002,1,Promo modérée
50,2024-05-25,463.61,1999.01,2898.85,2951.9,4120.86,12434.23,1,Promo modérée
50,2024-06-01,1607.38,2765.14,890.42,2593.48,1914.56,9770.98,1,Promo modérée
50,2024-06-08,2314.97,423.92,2417.91,808.71,2674.78,8640.289999999999,1,Promo modérée
50,2024-06-15,213.31,2485.51,997.23,993.78,1018.1,5707.93,1,Promo modérée
50,2024-06-22,3102.5,1586.32,2886.31,125.17,276.3,7976.599999999999,1,Promo modérée
50,2024-06-29,2885.79,2415.79,1676.62,1005.98,1056.77,9040.95,1,Promo modérée
50,2024-07-06,3062.54,2519.78,5206.23,5846.61,1957.28,18592.44,1,Promo modérée
50,2024-07-13,4186.68,571.4,3802.57,2893.19,1617.25,13071.09,1,Promo modérée
50,2024-07-20,2263.69,417.15,1915.07,2339.64,1670.77,8606.32,1,Promo modérée
50,2024-07-27,2637.95,1007.53,1381.73,2969.04,4202.96,12199.21,1,Promo modérée
50,2024-08-03,4871.96,726.84,3592.84,2586.55,4425.53,16203.719999999998,1,Promo modérée
50,2024-08-10,3269.86,2719.04,3354.69,193.8,2189.43,11726.82,1,Promo modérée
50,2024-08-17,1422.15,1843.89,826.53,2112.62,3906.86,10112.05,1,Promo modérée
50,2024-08-24,917.06,1412.47,3483.97,1969.66,2289.19,10072.35,1,Promo modérée
50,2024-08-31,2058.72,1242.55,1834.13,2409.88,3905.76,11451.04,1,Promo modérée
50,2024-09-07,8981.38,688.47,1009.78,371.9,1984.17,13035.699999999999,1,Promo modérée
50,2024-09-14,4301.38,979.74,2426.43,42.02,1646.14,9395.71,1,Promo modérée
50,2024-09-21,764.64,2235.65,756.01,405.46,1500.41,5662.17,1,Promo modérée
50,2024-09-28,296.67,2297.46,727.13,2606.81,4097.78,10025.849999999999,1,Promo modérée
50,2024-10-05,722.71,2336.52,1909.29,2189.76,1683.07,8841.35,1,Promo modérée
50,2024-10-12,4828.62,2489.97,512.55,2992.54,2337.11,13160.79,1,Promo modérée
50,2024-10-19,128.22,2963.29,3326.17,2586.32,868.56,9872.56,1,Promo modérée
50,2024-10-26,4219.42,2680.51,954.65,543.64,1115.02,9513.24,1,Promo modérée
50,2024-11-02,4384.63,165.11,2709.43,1846.23,1245.34,10350.74,1,Promo modérée
50,2024-11-09,1691.14,2566.08,3461.71,708.86,1981.75,10409.54,1,Promo modérée
50,2024-11-16,4350.25,869.74,7.25,2397.86,2927.12,10552.220000000001,1,Promo modérée
50,2024-11-23,4018.8,5420.21,2953.93,375.05,7264.47,20032.46,1,Promo forte
50,2024-11-30,1298.14,2669.77,7249.83,1002.57,5489.36,17709.67,1,Promo modérée
50,2024-12-07,1374.94,1337.19,1965.32,2944.52,3685.41,11307.38,1,Promo modérée
50,2024-12-14,244.49,1884.74,3368.08,892.77,923.65,7313.73,1,Promo modérée
50,2024-12-21,229.49,3674.39,3069.33,1430.0,4951.47,13354.68,1,Promo modérée
